docId,sku,name,price,cat,supplier,sourceUrl,diagnosis_group,diagnosis_reason,matched_variant,matched_in_set
"04p0N9n9UjvtG2WFPwOz","UK15683","כיפה ד.מ.צ. שחור איכותי קשיח 17 ס""מ","52.3","כיפות","israel-judaica","","C","not_found_after_normalization","",""
"0CbZL9ytXyMCFrfENj8Z","UK18260","כיפה בד ארטמן כחול כהה 17 ס""מ","29.97","כיפות","israel-judaica","","C","not_found_after_normalization","",""
"0EHNBP6y5GiOMixBcXvv","UK48513","מעמד לנר זיכרון ממתכת וזכוכית זהב 18X22 ס""מ","32.68","מוצרי בית כנסת","israel-judaica","https://www.israel-judaica.com/index.php?option=com_art&view=product&sku=UK48513&lang=he","C","not_found_after_normalization","",""
"0HcCdAlcsf8vo6FiLBtL","UK15679","כיפה ד.מ.צ. שחור איכותי קשיח 13 ס""מ","39.22","כיפות","israel-judaica","","C","not_found_after_normalization","",""
"0Qpls9MIy7nSGzRNtSn6","UK16036","כיפה סטן לבנה 19 ס""מ הדפסה כסף ""מזל טוב"" חתן כל","11.97","כיפות","israel-judaica","","C","not_found_after_normalization","",""
"0iAe9OtaUjaP4wrzJewe","UK15622","כיפה קטיפה פלוש שחורה 4 חלקים גודל 5 21 ס""מ עם סרט","20.97","כיפות","israel-judaica","","C","not_found_after_normalization","",""
"0kSoonbvo6rZ5aN0mfhl","UK19025","כיפה קטיפה ארטמן כחולה 4 חלקים עם סרט 17 ס""מ","29.97","כיפות","israel-judaica","","C","not_found_after_normalization","",""
"0kn6UFnrzG1ZM8PVcCFg","UK15640","(כמו 16419) כיפה קטיפה פלוש שחורה 6 חלקים גודל 3 19 ס""מ ללא סרט","11.97","כיפות","israel-judaica","","C","not_found_after_normalization","",""
"0rn1o7TUbxEBvgHzAa6O","UK45565","עץ ברכות ברכת העסק עברית 20 ס""מ","119.88","יודאיקה","israel-judaica","https://www.israel-judaica.com/index.php?option=com_art&view=product&sku=UK45565&lang=he","C","not_found_after_normalization","",""
"0vszBGXtexPpAiAIKoOq","UK40820","כלי לנר הבדלה מקריסטל עם פלקטה ""ירושלים"" 13 ס""מ","119.88","יודאיקה","israel-judaica","https://www.israel-judaica.com/index.php?option=com_art&view=product&sku=UK40820&lang=he","C","not_found_after_normalization","",""
"0y5vdg0aVy1R3uC4XPR4","UK51631","","108.98","","israel-judaica","","C","not_found_after_normalization","",""
"12BZbUnzgZY3hLbgrJTV","UK10183","כיפה ארטמן קטיפה ירוק בהיר רקמה שמע ישראל גודל 3","39.22","כיפות","israel-judaica","","C","not_found_after_normalization","",""
"18594RsskZhTLkDp4aOO","UK19036","כיפה עור ארטמן חום בהיר 15 ס""מ","23.97","כיפות","israel-judaica","","C","not_found_after_normalization","",""
"1AqAtBG6Srj5BbnBDYr5","UK19108","כיפה קטיפה ""ארט-מן"" כחולה 6 חלקים עם סרט גודל 4","29.97","כיפות","israel-judaica","","C","not_found_after_normalization","",""
"1Nj2PMkFu7Xud4jV4JD7","UK11562","כיפה DMC סריגה ישראלית חלק לבן 12-13 ס""מ אין החזרת סחורה","52.3","כיפות","israel-judaica","","C","not_found_after_normalization","",""
"1Sjhrr5IPeyTmP9fudlr","UK19012","כיפה פריק 21 ס""מ גוונים בורדו שחור לבן","23.97","כיפות","israel-judaica","","C","not_found_after_normalization","",""
"1cCTU34dN6jTxQRerOQH","UK15632","כיפה קטיפה פלוש שחורה 6 חלקים גודל 2 18 ס""מ","20.97","כיפות","israel-judaica","","C","not_found_after_normalization","",""
"1lfLTBjmTffWaOMr6Cg2","UK10523","כיפה קטיפה ""ארט-מן"" עם אותיות בולטות זהב ""בבא סאלי"" גודל 4 - אופוויט","43.58","כיפות","israel-judaica","","C","not_found_after_normalization","",""
"1v8QJK4ZuRU0cLS3d4A9","UK48639","ספרון תהילים ""רבי"" 4 ס""מ - באריזת PV בסלסלת קש","7.47","ספרי קודש וסידורים","israel-judaica","https://www.israel-judaica.com/index.php?option=com_art&view=product&sku=UK48639&lang=he","C","not_found_after_normalization","",""
"1vjvWRc0tquBUeTy7HZ4","UK18975","כיפה דמוי עור ארטמן חום 17 ס""מ","26.14","כיפות","israel-judaica","","C","not_found_after_normalization","",""
"26D4rLl9FvVdoSRRmFZY","UK58992","מארז דבק דו צדדי לכיפה איכות מעולה","14.97","כיפות","israel-judaica","","C","not_found_after_normalization","",""
"2CY1u67oAHQj7S2OasPz","UK18933","כיפה קטיפה ארטמן שחורה 4 חלקים עם סרט 17 ס""מ","26.14","כיפות","israel-judaica","","C","not_found_after_normalization","",""
"2Mv1OOHiG7v0btNJ8mjk","UK10157","כיפה פריק 23 ס""מ גוונים קרם ירוק זית וחום","23.97","כיפות","israel-judaica","","C","not_found_after_normalization","",""
"2W1ZGd5OuGnmo2IOL22G","UK10517","כיפה קטיפה ""ארט-מן"" עם אותיות בולטות זהב ""יברכך"" גודל 4 - פנינה","43.58","כיפות","israel-judaica","","C","not_found_after_normalization","",""
"2ZCmrOfd2GN4cHfGa48d","UK11202","כיפה סרוגה 17 ס""מ לבן מחורר - 12 יח","17.97","כיפות","israel-judaica","","C","not_found_after_normalization","",""
"2gC5Iaasr6MUeSIPtUjI","UK40864","סדר הבדלה עם ציפורן נוסח ע.מ 18X12 ס""מ","23.97","יודאיקה","israel-judaica","https://www.israel-judaica.com/index.php?option=com_art&view=product&sku=UK40864&lang=he","C","not_found_after_normalization","",""
"2jUvTJmzSUUnvOdZzyNs","UK11631","כיפה קטיפה ""ארט מן"" עם ריקמה ""בבא סאלי"" גודל 4 - שחור","39.22","כיפות","israel-judaica","","C","not_found_after_normalization","",""
"2ozMDgIOYQPpdvOC1uyW","UK10290","כיפה קטיפה ""ארט-מן"" עם ריקמה בבא סאלי גודל 3 - זהב","39.22","כיפות","israel-judaica","","C","not_found_after_normalization","",""
"2vcCWawtjxwRpxhaIJtv","UK11259","כיפה DMC סריגה ישראלית דוגמת שטיח 18 ס""מ אין החזרת סחורה","80.64","כיפות","israel-judaica","","C","not_found_after_normalization","",""
"2yTvLyJ87bwH3LgmnhI7","UK11883","כיפה טרלין גודל 22 סמ רקמה ""בית הרב""","29.97","כיפות","israel-judaica","","C","not_found_after_normalization","",""
"303mOFYag1YFVRwgpAKf","UK14957","כיפה קטיפה ""ארט-מן"" 17 ס""מ - אפור","26.14","כיפות","israel-judaica","","C","not_found_after_normalization","",""
"3GxWKOOMqJToPo3IFI2e","UK11223","כיפה סרוגה 17 ס""מ אפור חלק - 12 יח","17.97","כיפות","israel-judaica","","C","not_found_after_normalization","",""
"3W24Oc88YpexLIRbSZJy","UK10487","כיפה פריק 24 ס""מ פסים כחול לבן ותכלת","23.97","כיפות","israel-judaica","","C","not_found_after_normalization","",""
"3WviqqVB7ZDLWywrp4Z9","UK10513","כיפה קטיפה ""ארט-מן"" עם אותיות בולטות זהב ""האש שלי"" גודל 4 - שחור","43.58","כיפות","israel-judaica","","C","not_found_after_normalization","",""
"3X0G780VQDuVrVKWP6Ts","UK15636","(כמו 16415) כיפה קטיפה פלוש שחורה 6 חלקים גודל","20.97","כיפות","israel-judaica","","C","not_found_after_normalization","",""
"3lrQO8Oe30kdozs7ZMSV","UK15525","כיפה קטיפה ""ארט מן"" עם ריקמה אותיות גודל 3 - אפור בהיר","30.5","כיפות","israel-judaica","","C","not_found_after_normalization","",""
"3vVCHYoqYcUe9ilMgeca","UK19149","כיפה עור ""ארטמן"" 14 ס""מ כחול","23.97","כיפות","israel-judaica","","C","not_found_after_normalization","",""
"3zGqvgsVBX8UwefXaoH4","UK10285","כיפה קטיפה ""ארט-מן"" עם ריקמה רבי שמעון גודל 3 - זהב","39.22","כיפות","israel-judaica","","C","not_found_after_normalization","",""
"47YKwS78lCt57HJnzGlg","UK10258","כיפה קטיפה ""ארט-מן"" עם ריקמה בבא סאלי גודל 3 - אפור","39.22","כיפות","israel-judaica","","C","not_found_after_normalization","",""
"4D6lbHSCej6DzO1jSyH2","UK17234","כיפה סרוגה 16 ס""מ בצבע כחול כהה מסביב פסים בכחול","14.97","כיפות","israel-judaica","","C","not_found_after_normalization","",""
"4P767V8ddjPkA4e8yHKR","UK19087","כיפה עור לבן 16 ס""מ","22.47","כיפות","israel-judaica","","C","not_found_after_normalization","",""
"4RG22KUShWyX7lA9HzVf","UK18936","כיפה קטיפה ארטמן שחורה 4 חלקים עם סרט 20 ס""מ","26.14","כיפות","israel-judaica","","C","not_found_after_normalization","",""
"4RI5j2lHmup76D88pNHy","UK67160","","108.98","","israel-judaica","","C","not_found_after_normalization","",""
"4Ye0Dn8jDKytH6iPeZKZ","UK52137","","174.38","","israel-judaica","","C","not_found_after_normalization","",""
"4d22cBmRr5pNPo1ddyTW","UK43756","נר הבדלה ""דונג"" מהודר 30 ס""מ","34.86","יודאיקה","israel-judaica","https://www.israel-judaica.com/index.php?option=com_art&view=product&sku=UK43756&lang=he","C","not_found_after_normalization","",""
"4hJudzcyOMAQSSLLP0s4","UK11555","כיפה DMC סריגה ישראלית חלק שחור 17 ס""מ אין החזרת סחורה","76.28","כיפות","israel-judaica","","C","not_found_after_normalization","",""
"4ioOgEsWEjfqtLbb0SsA","UK11235","כיפה סרוגה דגמים מעורבים - רקע כחול - 18 ס""מ - 24 יח","17.97","כיפות","israel-judaica","","C","not_found_after_normalization","",""
"4mRjLkl5vsExwTCMKtI3","UK19395","כיפה קטיפה ""ארט-מן"" עם ריקמה יברכך גודל 4 - כחול כהה","39.22","כיפות","israel-judaica","","C","not_found_after_normalization","",""
"4olLtDbT4TlO4eCLM0qg","UK19103","כיפה קטיפה ""ארט-מן"" שחורה 6 חלקים עם סרט גודל 3","26.14","כיפות","israel-judaica","","C","not_found_after_normalization","",""
"4qgejSo6ScK2oXDt9QvM","UK19396","כיפה קטיפה ""ארט-מן"" עם ריקמה יברכך גודל 4 - ירו","39.22","כיפות","israel-judaica","","C","not_found_after_normalization","",""
"4r3UQ1Ol2iW1VsYTdScn","UK81706","נר הבדלה צבעוני ומהודר 16 ס""מ","43.58","יודאיקה","israel-judaica","https://www.israel-judaica.com/index.php?option=com_art&view=product&sku=UK81706&lang=he","C","not_found_after_normalization","",""
"4rfEt8b71n8eotGLTpQc","UK14956","כיפה קטיפה ""ארט-מן"" 19 ס""מ - אפור בהיר","26.14","כיפות","israel-judaica","","C","not_found_after_normalization","",""
"4waLbPWoXxRhn9CDoNAA","UK19095","כיפה קטיפה ארטמן כחולה 4 חלקים עם סרט גודל 3","29.97","כיפות","israel-judaica","","C","not_found_after_normalization","",""
"5CLvfEs9Kggo82lNIm3N","UK11172","כיפה סטן לבנה 20 ס""מ מגן דוד וכסף מסביב","11.97","כיפות","israel-judaica","","C","not_found_after_normalization","",""
"5FsQkEObRvzk0knlBgbi","UK16369","כיפה סרוגה 17 ס""מ לבן מסביב פס כחול","14.97","כיפות","israel-judaica","","C","not_found_after_normalization","",""
"5OWBM4fDGTUaKpUZLhy7","UK17391","כיפה סרוגה שטיח 20 ס""מ שחור לבן בורדו","17.97","כיפות","israel-judaica","","C","not_found_after_normalization","",""
"5oxwnDYLFFXPa7w8GADo","UK19096","כיפה קטיפה ארטמן כחולה 4 חלקים עם סרט גודל 4","29.97","כיפות","israel-judaica","","C","not_found_after_normalization","",""
"5rPMfhm888LiOFeUfXuc","UK18977","כיפה סרוגה 16 ס""מ לבנה עם ריקמה ""נחמן מאומן"" כסף","23.97","כיפות","israel-judaica","","C","not_found_after_normalization","",""
"5te2HjXxyVxxmDzSAIHH","UK14955","כיפה קטיפה ""ארט-מן"" 17 ס""מ - אפור בהיר","26.14","כיפות","israel-judaica","","C","not_found_after_normalization","",""
"62Qo5zInREaXKZXKun3v","UK15526","כיפה קטיפה ""ארט מן"" עם ריקמה אותיות גודל 4 - אפור בהיר","30.5","כיפות","israel-judaica","","C","not_found_after_normalization","",""
"65NlcxU03S1RYvcHvrGR","UK51444","מגש הבדלה אקריליק מרובע 25 ס""מ","152.58","יודאיקה","israel-judaica","https://www.israel-judaica.com/index.php?option=com_art&view=product&sku=UK51444&lang=he","C","not_found_after_normalization","",""
"66Fq5oEN9XHTrTda8km3","UK17384","כיפה סרוגה שטיח 18 ס""מ כחול כהה כחול בהיר ובז","17.97","כיפות","israel-judaica","","C","not_found_after_normalization","",""
"68gBARVh7o18NUKKxMYR","UK19091","כיפה קטיפה ארטמן שחורה 4 חלקים עם סרט גודל 5","26.14","כיפות","israel-judaica","","C","not_found_after_normalization","",""
"6Bwuj8Rooy3HWwDPUXvH","UK10245","כיפה קטיפה ""ארט-מן"" עם ריקמה יחי אדוננו גודל 3 - כחול כהה","39.22","כיפות","israel-judaica","","C","not_found_after_normalization","",""
"6GZ6zfhWPD6iWHjOq3kF","UK15637","(כמו 16416) כיפה קטיפה פלוש שחורה 6 חלקים","20.97","כיפות","israel-judaica","","C","not_found_after_normalization","",""
"6IBIGAXcd1zr1Eu91phz","UK19010","כיפה פריק 21 ס""מ גוונים קרם אפור כחול כהה","23.97","כיפות","israel-judaica","","C","not_found_after_normalization","",""
"6KG2JG2WfGfoWRJO3LL5","UK19093","כיפה קטיפה ארטמן שחורה 4 חלקים עם סרט גודל 7","26.14","כיפות","israel-judaica","","C","not_found_after_normalization","",""
"6LNaJyfkZi2nk6gswjX3","UK19053","כיפה עור ארטמן סגול 15 ס""מ","23.97","כיפות","israel-judaica","","C","not_found_after_normalization","",""
"6MiC4E7HUHLCOlEvXJLC","UK18959","כיפה סרוגה 16 ס""מ לבנה עם ריקמה ""האש שלי"" זהב","23.97","כיפות","israel-judaica","","C","not_found_after_normalization","",""
"6SGzZcdofXYHDZSipdV5","UK12158","כיפה קטיפה פלוש שחורה 4 חלקים גודל 3 19 ס""מ עם","26.97","כיפות","israel-judaica","","C","not_found_after_normalization","",""
"6VXnhKn0bLvLXl0ym1nM","UK47444","סדר הבדלה דמוי עור עם ציפורן נוסח ע.מ 18.5X13 ס""מ","28.32","יודאיקה","israel-judaica","https://www.israel-judaica.com/index.php?option=com_art&view=product&sku=UK47444&lang=he","C","not_found_after_normalization","",""
"6dP0Lor0RiBmo1BO4R03","UK10060","כיפה ארטמן קטיפה נחמן כחולה עם רקמה כסף גודל 4","39.22","כיפות","israel-judaica","","C","not_found_after_normalization","",""
"6nUqF3tbTjeWvYlDQPJT","UK19104","כיפה קטיפה ""ארט-מן"" שחורה 6 חלקים עם סרט גודל 4","26.14","כיפות","israel-judaica","","C","not_found_after_normalization","",""
"6qUrKVW3KWScIXqUerGb","UK18549","כיפה בד ""ארט-מן"" 16 ס""מ לבן","23.97","כיפות","israel-judaica","","C","not_found_after_normalization","",""
"70TVklwawynbUXhIT71N","UK41356","שטיח ""ואנחנו כורעים"" מהודר 60X80 ס""מ","174.38","יודאיקה","israel-judaica","https://www.israel-judaica.com/index.php?option=com_art&view=product&sku=UK41356&lang=he","C","not_found_after_normalization","",""
"72i3bMY0WmjbXVxOVf5g","UK82887","סט הבדלה מהודר מקריסטל 20 ס""מ","353.58","יודאיקה","israel-judaica","https://www.israel-judaica.com/index.php?option=com_art&view=product&sku=UK82887&lang=he","C","not_found_after_normalization","",""
"74z5nEr7xetKa03DcpcI","UK11067","כיפה קטיפה ""ארט מן"" עם ריקמה ""נחמן"" גודל 3 -תכלת","39.22","כיפות","israel-judaica","","C","not_found_after_normalization","",""
"75VpSstMhmlLb3hkaQID","UK82734","סט הבדלה מהודר קריסטל עם מגש 34x15 ס""מ","356.38","יודאיקה","israel-judaica","https://www.israel-judaica.com/index.php?option=com_art&view=product&sku=UK82734&lang=he","C","not_found_after_normalization","",""
"75z9KlZB2pWCyeAUfxL6","UK10090","כיפה ארטמן קטיפה ה יתברך אוהב שחורה עם רקמה כסף גודל 4","39.22","כיפות","israel-judaica","","C","not_found_after_normalization","",""
"7DJg0iDJyCUhUhC4tnHS","UK11342","כיפה סרוגה חוט עבה לבן סביב פס כסף 17ס""מ","14.97","כיפות","israel-judaica","","C","not_found_after_normalization","",""
"7ZZE1vjdlCB7sD6MBuqx","UK19392","כיפה קטיפה ""ארט-מן"" עם ריקמה יברכך גודל 4 - אפו","39.22","כיפות","israel-judaica","","C","not_found_after_normalization","",""
"7lkBGzGejsRjP05AKslr","UK14950","כיפה קטיפה ""ארט-מן"" עם ריקמה מגן דוד גודל 4 - פנינה","39.22","כיפות","israel-judaica","","C","not_found_after_normalization","",""
"7nPz0FzHG35CicSFrUvS","UK42850","סדר הבדלה מאקריליק נוסח אשכנזי 27X15 ס""מ","20.97","יודאיקה","israel-judaica","https://www.israel-judaica.com/index.php?option=com_art&view=product&sku=UK42850&lang=he","C","not_found_after_normalization","",""
"8GOSxuPT0KAQDTFCnYQZ","UK80062","סט הבדלה מהודר מקריסטל 20 ס""מ","353.58","יודאיקה","israel-judaica","https://www.israel-judaica.com/index.php?option=com_art&view=product&sku=UK80062&lang=he","C","not_found_after_normalization","",""
"8RKgfZj0HhX7nFkKiG9a","UK19246","כיפה סרוגה 16 ס""מ שחורה עם ריקמה ""יחי אדוננו"" זהב","23.97","כיפות","israel-judaica","","C","not_found_after_normalization","",""
"8YAdnugSIJrSQub9Cl2f","UK11306","כיפה קטיפה ""ארט-מן"" עם אותיות בולטות רבי שמעון גודל 4 - שחור","43.58","כיפות","israel-judaica","","C","not_found_after_normalization","",""
"8ZMX0ONAwfPAQiQVPt2v","UK40288","מעמד לבקבוק יין מאקריליק עם אותיות בולטות נצנץ כסף 20 ס""מ","76.28","שבת","israel-judaica","https://www.israel-judaica.com/index.php?option=com_art&view=product&sku=UK40288&lang=he","C","not_found_after_normalization","",""
"8acbTXRHY00nADSMe23w","UK10009","כיפה קטיפה עם ריקמה יברכך גודל 4 - אופוויט","39.22","כיפות","israel-judaica","","C","not_found_after_normalization","",""
"8avLbo9EmjOPkSvoOy9j","UK42159","מלחייה קריסטל עם פלקטה חיתוך לייזר ומכסה 4X6 ס""מ","61.02","שבת","israel-judaica","https://www.israel-judaica.com/index.php?option=com_art&view=product&sku=UK42159&lang=he","C","not_found_after_normalization","",""
"8bhUubkB0gKkIm160R6Z","UK19499","כיפה סטן לבנה לתינוק 9 ס""מ עם עיטור כסף מסביב ע","11.97","כיפות","israel-judaica","","C","not_found_after_normalization","",""
"8dLhSGkSIrI12wUrRBy9","UK16055","כיפה ד.מ.צ שחור 12 ס""מ","29.97","כיפות","israel-judaica","","C","not_found_after_normalization","",""
"8f0eW0ux7o5sFpnl5gXA","UK19244","כיפה קטיפה ""ארט מן"" עם ריקמה אותיות גודל 3 -ירוק בהיר","30.5","כיפות","israel-judaica","","C","not_found_after_normalization","",""
"8pzrFPTFsSkXeHoRgZgS","UK10557","כיפה פריק כחול וצהוב ""נחמן מאומן"" 24 ס""מ","23.97","כיפות","israel-judaica","","C","not_found_after_normalization","",""
"8sWTM4s8YxxfBJgaD3w2","UK15694","כיפה טרילין שחור 20 ס""מ מס 5 - 6 חלקים","17.97","כיפות","israel-judaica","","C","not_found_after_normalization","",""
"8vbdENt5cQkrr0hp0fN6","UK82239","סט הבדלה מגש מסתובב קריסטל שחור","356.38","יודאיקה","israel-judaica","https://www.israel-judaica.com/index.php?option=com_art&view=product&sku=UK82239&lang=he","C","not_found_after_normalization","",""
"8xR6CnpQ5uIYA1snMw9i","UK15634","כיפה קטיפה פלוש שחורה 6 חלקים גודל 4 20 ס""מ עם סרט","20.97","כיפות","israel-judaica","","C","not_found_after_normalization","",""
"8xwg1KqfVeS9lfkEWbwc","UK11021","כיפה פריק לבן 24 ס""מ ""נחמן מאומן""","23.97","כיפות","israel-judaica","","C","not_found_after_normalization","",""
"93lWaLICHEI1y8TlK89G","UK42792","נר הבדלה צבעוני ומהודר 16 ס""מ","29.97","יודאיקה","israel-judaica","https://www.israel-judaica.com/index.php?option=com_art&view=product&sku=UK42792&lang=he","C","not_found_after_normalization","",""
"9B5nsv55ZsA5q7U3iPS9","UK17671","כיפה פריק שחור עם חורים 22 ס""מ","23.97","כיפות","israel-judaica","","C","not_found_after_normalization","",""
"9HcamNhtcj7BIwMUjd3w","UK82462","סט הבדלה קריסטל זהב עם מגש 25X12.5","353.58","יודאיקה","israel-judaica","https://www.israel-judaica.com/index.php?option=com_art&view=product&sku=UK82462&lang=he","C","not_found_after_normalization","",""
"9J8SV7XUo8t1uDUv2Kb9","UK15621","כיפה קטיפה פלוש שחורה 4 חלקים גודל 4 20 ס""מ","20.97","כיפות","israel-judaica","","C","not_found_after_normalization","",""
"9OqFHPqXPEgCGZmnzzm0","UK41791","מחזיק נר הבדלה ""ירושלים"" 13 ס""מ","98.08","יודאיקה","israel-judaica","https://www.israel-judaica.com/index.php?option=com_art&view=product&sku=UK41791&lang=he","C","not_found_after_normalization","",""
"9PtysZlA9IotaR4Z9Zv0","UK11236","כיפה סרוגה דגמים מעורבים - לבן עם כסף - 16 ס""מ - 24 יח","16.47","כיפות","israel-judaica","","C","not_found_after_normalization","",""
"9QaJBqiyvWG6ypXmdqvB","UK19028","כיפה קטיפה ארטמן כחולה 4 חלקים עם סרט 20 ס""מ","29.97","כיפות","israel-judaica","","C","not_found_after_normalization","",""
"9WFP7kHB7uM0PHkvvthd","UK11121","כיפה סרוגה 17 ס""מ שחור חלק - 12 יח","17.97","כיפות","israel-judaica","","C","not_found_after_normalization","",""
"9eKFzhy8fjElCOgnY8tZ","UK81340","מגש אקריליק להבדלה 25 ס""מ","152.58","יודאיקה","israel-judaica","https://www.israel-judaica.com/index.php?option=com_art&view=product&sku=UK81340&lang=he","C","not_found_after_normalization","",""
"A0qoRQ6Eej55saBDl9OR","UK11310","כיפה קטיפה ""ארט-מן"" עם אותיות בולטות הרב יורם אברגל גודל 4 - שחור","43.58","כיפות","israel-judaica","","C","not_found_after_normalization","",""
"A1ELsjRjiRf7Vk859a6G","UK10068","כיפה ארטמן קטיפה נחמן אפור כלשהו עם רקמה אפורה גודל 4","39.22","כיפות","israel-judaica","","C","not_found_after_normalization","",""
"A39Q0HeRNK67YeZeVHtz","UK55063","נר הבדלה כחול לבן מהודר 30 ס""מ","26.97","יודאיקה","israel-judaica","https://www.israel-judaica.com/index.php?option=com_art&view=product&sku=UK55063&lang=he","C","not_found_after_normalization","",""
"AB8eVWNEb1bOKFQa9RZQ","UK16180","כיפת קטיפה שחורה 1/4 נצנץ כסף גודל 4 - 20 ס""מ","8.97","כיפות","israel-judaica","","C","not_found_after_normalization","",""
"AEI8fekr4UwArNBGA89L","UK10361","כיפה קטיפה ""ארט-מן"" עם אותיות בולטות רבי שמעון גודל 4 - שחור","43.58","כיפות","israel-judaica","","C","not_found_after_normalization","",""
"AT1SQlkp91Ah3ZIBVrQe","UK42628","כלי לנר הבדלה ובשמים להבדלה 13 ס""מ","152.58","יודאיקה","israel-judaica","https://www.israel-judaica.com/index.php?option=com_art&view=product&sku=UK42628&lang=he","C","not_found_after_normalization","",""
"AgtkByuknUfyNCsJleqm","UK10017","כיפה סרוגה 16 ס""מ לבנה עם ריקמה ""בבא סאלי"" כסף","23.97","כיפות","israel-judaica","","C","not_found_after_normalization","",""
"ApKkeyowFyNjOYT8uHY4","UK10264","כיפה קטיפה ""ארט-מן"" עם ריקמה האש שלי גודל 3 - ורוד","39.22","כיפות","israel-judaica","","C","not_found_after_normalization","",""
"AvklztSQKTqLr0LLzzGg","UK18938","כיפה קטיפה ארטמן שחורה 4 חלקים עם סרט 22 ס""מ","26.14","כיפות","israel-judaica","","C","not_found_after_normalization","",""
"BBD71DFdetsTx58b6ja7","UK14941","כיפה קטיפה ""ארט-מן"" עם ריקמה בבא סאלי גודל 4 - א","39.22","כיפות","israel-judaica","","C","not_found_after_normalization","",""
"BBEaFqBhzG6BtqMno0bN","UK17611","כיפה פריק 21 ס""מ פסים בגוון כחול כהה לבן ותכלת","23.97","כיפות","israel-judaica","","C","not_found_after_normalization","",""
"BC99zPaC2aNOTvdk1Q1q","UK19105","כיפה קטיפה ""ארט-מן"" שחורה 6 חלקים עם סרט גודל 5","26.14","כיפות","israel-judaica","","C","not_found_after_normalization","",""
"BIA1ZXqpeqIakf19dF3d","UK16423","כיפה קטיפה פלוש שחורה 6 חלקים גודל 7 23 ס""מ ללא סרט","11.97","כיפות","israel-judaica","","C","not_found_after_normalization","",""
"BT68B09sTcOor8vag1H7","UK16380","כיפה ""מופת"" קטיפה שחורה גודל 3 19 ס""מ - 4 חלקים ללא סרט","11.97","כיפות","israel-judaica","","C","not_found_after_normalization","",""
"BT8IAF8ZyNA3jMLXc3fN","UK11632","כיפה קטיפה ""ארט מן"" עם ריקמה ""האש שלי"" גודל 4 - שחור","39.22","כיפות","israel-judaica","","C","not_found_after_normalization","",""
"BTl5uxLFdvinHMkiopB0","UK82240","סט הבדלה מגש מסתובב קריסטל רוז גולד","356.38","יודאיקה","israel-judaica","https://www.israel-judaica.com/index.php?option=com_art&view=product&sku=UK82240&lang=he","C","not_found_after_normalization","",""
"BW12WNaqsyHWUJEdqFPq","UK10006","כיפה קטיפה עם ריקמה האש שלי גודל 4 - אופוויט","39.22","כיפות","israel-judaica","","C","not_found_after_normalization","",""
"BXRJZa01zzQjjVhCv79d","UK17213","כיפה סרוגה 16 ס""מ לבנה מסביב שני פסים שחור ותכלת","14.97","כיפות","israel-judaica","","C","not_found_after_normalization","",""
"BXyfPhKwnYxVZ0cvUyeU","UK11111","כיפה סרוגה 15 ס""מ שחור חלק - 12 יח","14.97","כיפות","israel-judaica","","C","not_found_after_normalization","",""
"BagDDrQOq0e0DErKWvzA","UK40769","סט הבדלה מהודר 4 חלקים בגימור ניקל בעיטור ירושל","311.98","יודאיקה","israel-judaica","https://www.israel-judaica.com/index.php?option=com_art&view=product&sku=UK40769&lang=he","C","not_found_after_normalization","",""
"BdhTNhPEF3I4gZViNdT1","UK16343","כיפה סרוגה 16 ס""מ לבן עם רקמה זהב מגן דוד","19.47","כיפות","israel-judaica","","C","not_found_after_normalization","",""
"Bi6yZ8sxUsXsvYcecqy4","UK81884","ברכון מהודר דמוי עור - ספר הקידוש נוסח ע.מ. 12X17.5 ס""מ","0","יודאיקה","israel-judaica","https://www.israel-judaica.com/index.php?option=com_art&view=product&sku=UK81884&lang=he","C","not_found_after_normalization","",""
"ButolVeNwnKASH01gCMw","UK17518","כיפה ד.מ.צ שחור 13 ס""מ","29.97","כיפות","israel-judaica","","C","not_found_after_normalization","",""
"C1QdGjUQvC728uGIk1Tg","UK15601","כיפה ""מנטש"" קטיפה שחורה גודל 4 20 ס""מ - 4 חלקים ללא סרט","11.97","כיפות","israel-judaica","","C","not_found_after_normalization","",""
"C7TdvDurttvcUdOrwOgw","UK14949","כיפה קטיפה ""ארט-מן"" עם ריקמה מגן דוד גודל 4 - כחול","39.22","כיפות","israel-judaica","","C","not_found_after_normalization","",""
"C7pdWdrtPcM8b7WoNROR","UK10362","כיפה קטיפה ""ארט-מן"" עם אותיות בולטות בבא סאלי גודל 4 - שחור","43.58","כיפות","israel-judaica","","C","not_found_after_normalization","",""
"CKjs0dPXKJviu7WJY6G9","UK19142","כיפה סרוגה 16 ס""מ שחורה עם ריקמה ""נחמן מאומן"" זהב","23.97","כיפות","israel-judaica","","C","not_found_after_normalization","",""
"CONi6E6YcLxdL28rx3uo","UK19075","כיפה עור אפור כהה 16 ס""מ","22.47","כיפות","israel-judaica","","C","not_found_after_normalization","",""
"COQQFFQPZyBXEH0WgIsP","UK18170","צצ כיפה ד.מ.צ. שחור עם פס אפור 18 ס""מ","37.04","כיפות","israel-judaica","","C","not_found_after_normalization","",""
"CUWNBiVuu1CvXyryijxD","UK16356","כיפה סרוגה 15 ס""מ שחור מסביב פס כסף","14.97","כיפות","israel-judaica","","C","not_found_after_normalization","",""
"CXpeS2cOtCpANsWrfYtm","UK16458","כיפה סרוגה 16 ס""מ לבן 6 מגיני דוד זהב","19.47","כיפות","israel-judaica","","C","not_found_after_normalization","",""
"CdRJ45YMoeUYzDWZ00Ly","UK35978","מחזיק מפתחות חמסה ניקל - 5 ס""מ","10.47","יודאיקה","israel-judaica","https://www.israel-judaica.com/index.php?option=com_art&view=product&sku=UK35978&lang=he","C","not_found_after_normalization","",""
"Cp1S5VmXjE6TntASG8dU","UK14944","כיפה קטיפה ""ארט-מן"" עם ריקמה בבא סאלי גודל 4 - כחו","39.22","כיפות","israel-judaica","","C","not_found_after_normalization","",""
"CsqxfUpSshxXDsX7hvn3","UK41256","נר הבדלה צבעוני ומהודר 8 ס""מ","26.97","יודאיקה","israel-judaica","https://www.israel-judaica.com/index.php?option=com_art&view=product&sku=UK41256&lang=he","C","not_found_after_normalization","",""
"D0oCsN0YGy0KYYz28KBA","UK10223","כיפה קטיפה ""ארט-מן"" עם ריקמה האש שלי גודל 3 - אפור","39.22","כיפות","israel-judaica","","C","not_found_after_normalization","",""
"D7VpCJZhmm8mvbHfQZqT","UK17389","כיפה סרוגה שטיח 20 ס""מ כחול ירוק בהיר ולבן","17.97","כיפות","israel-judaica","","C","not_found_after_normalization","",""
"D8aZ9VOaZvsP3YTOyP1w","UK10209","כיפה קטיפה ""ארט-מן"" עם ריקמה האש שלי גודל 3 - אפור בהיר","39.22","כיפות","israel-judaica","","C","not_found_after_normalization","",""
"DWoFuXo5bWLv74QfdqMT","UK10004","כיפה קטיפה עם ריקמה מגן דוד גודל 4 - אופוויט","39.22","כיפות","israel-judaica","","C","not_found_after_normalization","",""
"DeEvq6wezz8ybk2h72rw","UK16368","כיפה סרוגה 15 ס""מ לבן מסביב פס כחול","14.97","כיפות","israel-judaica","","C","not_found_after_normalization","",""
"Dsb9qTnwV6JUdKfxDzG1","UK18177","צצ כיפה ד.מ.צ. שחור עם פס כחול 18 ס""מ","61.02","כיפות","israel-judaica","","C","not_found_after_normalization","",""
"E4yAdeaSnqXTQzuiwRzV","UK11221","כיפה סרוגה 17 ס""מ כחול כהה חלק - 12 יח","17.97","כיפות","israel-judaica","","C","not_found_after_normalization","",""
"EFW6rLOW5gKGTm6CPun5","UK18190","כיפה ד.מ.צ. לבן עם פס שחור 14 ס""מ","41.4","כיפות","israel-judaica","","C","not_found_after_normalization","",""
"EFWMpIerqHbi7DuYGBYr","UK16264","כיפת קטיפה שחורה 1/4 בד מהודר גודל 3 - 19 ס""מ","8.97","כיפות","israel-judaica","","C","not_found_after_normalization","",""
"EHD1KoVAAatMjKaEVztQ","UK10193","כיפה קטיפה ""ארט-מן"" עם ריקמה בבא סאלי גודל 4 - לבן","39.22","כיפות","israel-judaica","","C","not_found_after_normalization","",""
"EMiHsBCg4Lt0daKpBhwe","UK16041","כיפה ירושלמית שחור חלק 22 ס""מ","26.97","כיפות","israel-judaica","","C","not_found_after_normalization","",""
"ETSsMpNNa46HKMmv8OeK","UK15615","כיפה ""מנטש"" קטיפה שחורה גודל 4 20 ס""מ - 6 חלקים ללא סרט","11.97","כיפות","israel-judaica","","C","not_found_after_normalization","",""
"EZ9QCe9dRXBpwzJFffPm","UK17673","כיפה פריק אפור כהה עם חורים 22 ס""מ","23.97","כיפות","israel-judaica","","C","not_found_after_normalization","",""
"EaUT7zkhOnfiYVHtaoZw","UK19684","כיפה קטיפה ""ארט-מן"" עם ריקמה יחי אדוננו גודל 4 - פ","39.22","כיפות","israel-judaica","","C","not_found_after_normalization","",""
"EjKhZlJuKXpQZ2wbdb8u","UK40005","סט הבדלה מהודר 4 חלקים בגימור ניקל בעיטור מתומן 22","311.98","יודאיקה","israel-judaica","https://www.israel-judaica.com/index.php?option=com_art&view=product&sku=UK40005&lang=he","C","not_found_after_normalization","",""
"EmrNsYrhcCGOtw46eJwZ","UK48359","תחתית לסיר זכוכית בלתי שבירה 19 ס""מ","0","שבת","israel-judaica","https://www.israel-judaica.com/index.php?option=com_art&view=product&sku=UK48359&lang=he","C","not_found_after_normalization","",""
"EnjMWHVEUelnzXewml5c","UK18559","כיפה בד ""ארט-מן"" 18 ס""מ לבן","29.97","כיפות","israel-judaica","","C","not_found_after_normalization","",""
"EqKtjjCmyTke0PyJU6tK","UK19202","כיפה סרוגה 16 ס""מ לבנה עם ריקמה ""בבא סאלי"" זהב","23.97","כיפות","israel-judaica","","C","not_found_after_normalization","",""
"EqkUfVIzUaeJ4MqLPsS3","UK11222","כיפה סרוגה 19 ס""מ כחול כהה חלק - 12 יח","17.97","כיפות","israel-judaica","","C","not_found_after_normalization","",""
"Err8Iso3VnAwwbq5HnU8","UK43082","נר הבדלה ""דונג"" מהודר 30 ס""מ","34.86","יודאיקה","israel-judaica","https://www.israel-judaica.com/index.php?option=com_art&view=product&sku=UK43082&lang=he","C","not_found_after_normalization","",""
"EzbZ6vHdIMDaBCTrTU4O","UK15987","כיפה בד מהודרת - כחול - גודל 2 - 17.5 ס""מ","19.47","כיפות","israel-judaica","","C","not_found_after_normalization","",""
"F0zQsat63Ube6O8eOpro","UK11253","כיפה DMC סריגה ישראלית דוגמת שטיח 12-13 ס""מ אין החזרת סחורה","52.3","כיפות","israel-judaica","","C","not_found_after_normalization","",""
"F8lBs5mGDWeEAq9k6dZd","UK19379","כיפה ""פריק"" 21 ס""מ גוונים מהודרת","23.97","כיפות","israel-judaica","","C","not_found_after_normalization","",""
"F9VfGFJhpiHQuN8lc2YI","UK19089","כיפה קטיפה ארטמן שחורה 4 חלקים עם סרט גודל 3","26.14","כיפות","israel-judaica","","C","not_found_after_normalization","",""
"FC3RXqlAjk7pIYTcnvow","UK17670","כיפה פריק לבן עם חורים 22 ס""מ","23.97","כיפות","israel-judaica","","C","not_found_after_normalization","",""
"FEmxHrqKtSV1JL2csNJ9","UK11567","כיפה DMC סריגה ישראלית חלק לבן 17 ס""מ אין החזרת סחורה","76.28","כיפות","israel-judaica","","C","not_found_after_normalization","",""
"FGjgXEVRRUMmHWjWd1Pt","UK10294","כיפה ארטמן קטיפה בז רקמה שמע ישראל גודל 3","39.22","כיפות","israel-judaica","","C","not_found_after_normalization","",""
"FZxExRT74cvVERzKE3ce","UK81576","נר הבדלה צבעוני ומהודר 16 ס""מ","32.68","יודאיקה","israel-judaica","https://www.israel-judaica.com/index.php?option=com_art&view=product&sku=UK81576&lang=he","C","not_found_after_normalization","",""
"Fio1VLs3HEZxt833VFt9","UK11277","כיפה קטיפה ""ארט מן"" עם ריקמה ""נחמן"" גודל 3 -אפור","39.22","כיפות","israel-judaica","","C","not_found_after_normalization","",""
"Fj0DuqyZdPwyEMZM3abx","UK10284","כיפה קטיפה ""ארט-מן"" עם ריקמה רבי שמעון גודל 3 - חום כהה","39.22","כיפות","israel-judaica","","C","not_found_after_normalization","",""
"Fldx7VQ3oaxLyAqZgAP2","UK15466","כיפה טרילין ""ארט מן"" שחור גודל 7 - 6 חלקים","29.97","כיפות","israel-judaica","","C","not_found_after_normalization","",""
"GA6IaHppba8peGVGHGud","UK00321","כיפה סטן לבן פס כסף מהודר 20 ס""מ","5.07","כיפות","israel-judaica","","C","not_found_after_normalization","",""
"GIG6Bsn4dYc49xYkpfva","UK11881","כיפה טרילין גודל 18 סמ רקמה ""יחי אדוננו..""","29.97","כיפות","israel-judaica","","C","not_found_after_normalization","",""
"GQPydtKImHv9WeR62kwO","UK41125","סט הבדלה ""מגן דוד"" 3 חלקים","311.98","יודאיקה","israel-judaica","https://www.israel-judaica.com/index.php?option=com_art&view=product&sku=UK41125&lang=he","C","not_found_after_normalization","",""
"GRMJgdmgJFa7iXvF8alK","uk49558","נטלה ""במבוק עבה"" עם הדפסה צבעונית ""נטילת ידים""","0","יודאיקה","israel-judaica","https://www.israel-judaica.com/index.php?option=com_art&view=product&sku=uk49558&lang=he","C","not_found_after_normalization","",""
"GYx5BzFg03oag2LxABwp","UK14942","כיפה קטיפה ""ארט-מן"" עם ריקמה בבא סאלי גודל 4 - כחו","39.22","כיפות","israel-judaica","","C","not_found_after_normalization","",""
"GxhYBp55OE1fByc4otyM","UK10186","כיפה קטיפה ""ארט-מן"" עם ריקמה מגן דויד גודל 4 - לבן","39.22","כיפות","israel-judaica","","C","not_found_after_normalization","",""
"H08Hi3yO4NeChQPHlYZj","UK17201","כיפה קטיפה ""ארט מן"" עם ריקמה אותיות גודל 3 - כחול","30.5","כיפות","israel-judaica","","C","not_found_after_normalization","",""
"H0r2WEXdtqGNoXnQOBrO","UK16358","כיפה סרוגה 15 ס""מ שחור מסביב פס זהב","14.97","כיפות","israel-judaica","","C","not_found_after_normalization","",""
"HF8UstYsxRYDwWjDn17J","UK16674","כיפה סרוגה 16 ס""מ נטזים כסף עם רקמה מגן דוד","19.47","כיפות","israel-judaica","","C","not_found_after_normalization","",""
"HGjRbXj4O3ps4tHo6DEu","UK11630","כיפה קטיפה ""ארט מן"" עם ריקמה ""נחמן"" גודל 4 - שחור","39.22","כיפות","israel-judaica","","C","not_found_after_normalization","",""
"HKLbfT3GYLWQWTLEawHG","UK17378","כיפה קטיפה ""ארט מן"" עם ריקמה אותיות גודל 3 - פנינה","30.5","כיפות","israel-judaica","","C","not_found_after_normalization","",""
"HLOC37ogOqbLKPrrdIoQ","UK48359","תחתית לסיר זכוכית בלתי שבירה 19 ס""מ","0","שבת","israel-judaica","https://www.israel-judaica.com/index.php?option=com_art&view=product&sku=UK48359&lang=he","C","not_found_after_normalization","",""
"HLfpr6jB6ZTrAFEeRBwl","UK10292","כיפה קטיפה ""ארט-מן"" עם ריקמה הרב יורם אברגל גודל 3 - חום כהה","39.22","כיפות","israel-judaica","","C","not_found_after_normalization","",""
"HTPliymShHjNQSyNPsZf","UK19074","כיפה עור אפור כהה 14 ס""מ","22.47","כיפות","israel-judaica","","C","not_found_after_normalization","",""
"HdVzMg44AMf8neNhNVc9","UK82783","כלי לבשמים מקריסטל 9 ס""מ עם ציפורן","108.98","יודאיקה","israel-judaica","https://www.israel-judaica.com/index.php?option=com_art&view=product&sku=UK82783&lang=he","C","not_found_after_normalization","",""
"Hg97RYVyiEwijwMaAD0w","UK67159","","108.98","","israel-judaica","","C","not_found_after_normalization","",""
"Ht1hkN4Ce0kXEb3VPQzs","UK18519","כיפה סרוגה לבנה 17 חוט עבה פס כסף","14.97","כיפות","israel-judaica","","C","not_found_after_normalization","",""
"I6yDEMSJP9UNfXaWuAwq","UK80063","סט הבדלה מהודר מקריסטל 20 ס""מ","353.58","יודאיקה","israel-judaica","https://www.israel-judaica.com/index.php?option=com_art&view=product&sku=UK80063&lang=he","C","not_found_after_normalization","",""
"IAI9FZ35un5Oh7S9ATkk","UK16354","כיפה סרוגה 15 ס""מ שחור מחורר","14.97","כיפות","israel-judaica","","C","not_found_after_normalization","",""
"IAhJQjWhqRRm0k7gY4Pq","UK18157","כיפה ד.מ.צ. לבן עם פס שחור איכותי קשיח 16 ס""מ","47.94","כיפות","israel-judaica","","C","not_found_after_normalization","",""
"ICvhLoRpJbcKimjGFEsq","UK14943","כיפה קטיפה ""ארט-מן"" עם ריקמה בבא סאלי גודל 4 - פ","39.22","כיפות","israel-judaica","","C","not_found_after_normalization","",""
"IIP0trnnhKvj402Jakm3","UK41257","נר הבדלה צבעוני ומהודר 13 ס""מ","26.97","יודאיקה","israel-judaica","https://www.israel-judaica.com/index.php?option=com_art&view=product&sku=UK41257&lang=he","C","not_found_after_normalization","",""
"IKFzBT0uMJaMm5pBgy5z","UK11921","כיפה סטן 19 ס""מ מגן דוד זהב עם סרט","11.97","כיפות","israel-judaica","","C","not_found_after_normalization","",""
"ITnVoHarcf2An38ggI3D","UK17383","כיפה סרוגה שטיח 20 ס""מ שחור בז וירוק זית","17.97","כיפות","israel-judaica","","C","not_found_after_normalization","",""
"IUaCvmWf6auR6pgx6PDk","UK14952","כיפה קטיפה ""ארט-מן"" עם ריקמה מגן דוד גודל 4 - ירוק","39.22","כיפות","israel-judaica","","C","not_found_after_normalization","",""
"IiQtW6n1JmvM6Hz1Id0K","UK18759","כיפה קורדרוי ""ארט-מן"" 19 ס""מ שחור","29.97","כיפות","israel-judaica","","C","not_found_after_normalization","",""
"IllSHbPm2uhRQYK5eAXA","UK06100","כיפה ""פריק"" לבן לבן 23 ס""מ","23.97","כיפות","israel-judaica","","C","not_found_after_normalization","",""
"Inx9k3Rx6d7fd4fWwPiK","UK19306","כיפה קטיפה ""ארט-מן"" עם ריקמה האש שלי גודל 4 - אפ","39.22","כיפות","israel-judaica","","C","not_found_after_normalization","",""
"J7LYDy4UlSpjvxpem9tD","UK15614","כיפה ""מנטש"" קטיפה שחורה גודל 3 19 ס""מ - 6 חלקים ללא סרט","11.97","כיפות","israel-judaica","","C","not_found_after_normalization","",""
"J7zfKJOh1wcw9E0dAEPR","UK18861","כיפה פריק 21 ס""מ סריגה עבה גווני אפור ובז","23.97","כיפות","israel-judaica","","C","not_found_after_normalization","",""
"JBo9DSSJEhee754gj6Jn","UK14945","כיפה קטיפה ""ארט-מן"" עם ריקמה בבא סאלי גודל 4 - ירו","39.22","כיפות","israel-judaica","","C","not_found_after_normalization","",""
"JSmlOfJSoJfNi2mMAxH6","UK10280","כיפה קטיפה ""ארט-מן"" עם ריקמה רבי מאיר גודל 3 - ורוד","39.22","כיפות","israel-judaica","","C","not_found_after_normalization","",""
"JTXoTrPe0pOvaP6zAzhs","UK10455","כיפה קטיפה ""ארט-מן"" עם אותיות בולטות כסף ""יחי אדוננו..""גודל 4 - ירוק","47.94","כיפות","israel-judaica","","C","not_found_after_normalization","",""
"JUkaSiHrsBwLx2LutL0E","UK18163","כיפה ד.מ.צ. לבן איכותי קשיח 18 ס""מ","61.02","כיפות","israel-judaica","","C","not_found_after_normalization","",""
"JYGS9K08UCFfVpi3pMwr","UK11254","כיפה DMC סריגה ישראלית חלק עם פס 12-13 ס""מ אין החזרת סחורה","52.3","כיפות","israel-judaica","","C","not_found_after_normalization","",""
"JZyO4cdb2n4w9Ruo7Apu","UK19505","כיפה סטן דלוקס אופוויט 20 ס""מ עם מקום לסי","11.97","כיפות","israel-judaica","","C","not_found_after_normalization","",""
"Jh9X2FHypKaS0MYLjZjC","UK18565","כיפה סטן 20 ס""מ שחור","4.17","כיפות","israel-judaica","","C","not_found_after_normalization","",""
"JihexV4JV0CLuG2n5qZx","UK11107","כיפה סרוגה 15 ס""מ לבן חלק - 12 יח","14.97","כיפות","israel-judaica","","C","not_found_after_normalization","",""
"Jji5KfLlNxwAdPesRlFl","UK35964","כלי לבשמים מתומן אקריל","119.88","יודאיקה","israel-judaica","https://www.israel-judaica.com/index.php?option=com_art&view=product&sku=UK35964&lang=he","C","not_found_after_normalization","",""
"JkxBE8Wv3VPFiF30cB9L","UK10170","כיפה פריק לבן עם חורים 24 ס""מ","17.97","כיפות","israel-judaica","","C","not_found_after_normalization","",""
"JuqKPy4hovlJkvjya5Nk","UK11231","כיפה סרוגה דגמים מעורבים - רקע שחור - 18 ס""מ - 24 יח","17.97","כיפות","israel-judaica","","C","not_found_after_normalization","",""
"K0M8J4gagkgh9pDyJd0R","UK15625","(כמו 16410) כיפה קטיפה פלוש שחורה 4 חלקים גו","20.97","כיפות","israel-judaica","","C","not_found_after_normalization","",""
"K0XT7PIZHZBRCwtbT2h0","UK16040","כיפה ירושלמית שחור חלק 24 ס""מ","26.97","כיפות","israel-judaica","","C","not_found_after_normalization","",""
"K5ULZfOGBBb9TD9mCUmY","UK11233","כיפה סרוגה דגמים מעורבים - רקע כחול - 16 ס""מ - 24 יח","16.47","כיפות","israel-judaica","","C","not_found_after_normalization","",""
"KCPKb6c7VdRgHlp4Br0P","UK16370","כיפה סרוגה 16 ס""מ לבן רקמה תכלת מגן דוד","19.47","כיפות","israel-judaica","","C","not_found_after_normalization","",""
"KEADapFzqqhS0hb3PWeM","UK00381","כיפה סטן כ. כהה 19","4.17","כיפות","israel-judaica","","C","not_found_after_normalization","",""
"KLgJUI6KPFOyxZNA7fS0","UK19305","כיפה קטיפה ""ארט-מן"" עם ריקמה האש שלי גודל 4 - אפ","39.22","כיפות","israel-judaica","","C","not_found_after_normalization","",""
"KMn9OYV2dre0LQWYMlvB","UK19680","כיפה קטיפה ""ארט-מן"" עם ריקמה יחי אדוננו גודל","39.22","כיפות","israel-judaica","","C","not_found_after_normalization","",""
"KcF0sFdsMGTuN00mI9Ju","UK10084","כיפה ארטמן קטיפה ה יתברך אוהב כחולה טורקיז עם רקמה כסף גודל 4","39.22","כיפות","israel-judaica","","C","not_found_after_normalization","",""
"KkoHvLesF4eABGJg4nd8","UK10097","כיפה ארטמן קטיפה בבא סאלי שחור רקמה זהב גודל 4","39.22","כיפות","israel-judaica","","C","not_found_after_normalization","",""
"Kmto8u24uJ5jeynecjcv","UK12458","כיפה סרוגה 15 ס""מ לבנה מחוררת עם פסי כסף","14.97","כיפות","israel-judaica","","C","not_found_after_normalization","",""
"L0NDBZxY5Gw9oM4mpdji","UK51563","","108.98","","israel-judaica","","C","not_found_after_normalization","",""
"L6MuhOpxQngjBMfuahc1","UK15697","כיפה טרילין שחור 23 ס""מ מס 8 - 6 חלקים","16.47","כיפות","israel-judaica","","C","not_found_after_normalization","",""
"L6WRLh1GFTol5ki1wYX7","UK81084","סט הבדלה מהודר מקריסטל עם מגש 25 ס""מ","356.38","יודאיקה","israel-judaica","https://www.israel-judaica.com/index.php?option=com_art&view=product&sku=UK81084&lang=he","C","not_found_after_normalization","",""
"LFydXcsgHadIerpbYQY7","UK10076","כיפה פריק 22 ס""מ גוונים לבן ואדום","23.97","כיפות","israel-judaica","","C","not_found_after_normalization","",""
"LGO5adX8NCGBk6lRMOIm","UK40126","פמוטי נסיעה מקריסטל ""מעויינים"" כסף 10x5 ס""מ","65.38","שבת","israel-judaica","https://www.israel-judaica.com/index.php?option=com_art&view=product&sku=UK40126&lang=he","C","not_found_after_normalization","",""
"LKlWmaT6pB8KuIngoU3S","UK16500","כיפה סרוגה 16 ס""מ לבן 6 מגיני דוד כחול","19.47","כיפות","israel-judaica","","C","not_found_after_normalization","",""
"LMURDqTClEExAGsuZLvx","UK80698","","196.18","","israel-judaica","","C","not_found_after_normalization","",""
"LMfyj8rw3ZYb0AVL6Riu","UK11027","כיפה קטיפה ""ארט מן"" עם ריקמה ""נחמן"" גודל 3 -פנינה","39.22","כיפות","israel-judaica","","C","not_found_after_normalization","",""
"LSQhkUwN5W3DHxua9g4m","UK11227","כיפה סרוגה 19 ס""מ אפור כהה חלק - 12 יח","17.97","כיפות","israel-judaica","","C","not_found_after_normalization","",""
"LjBMpp4PmbGTICAknYfS","UK11011","כיפה קטיפה ""ארט-מן"" עם אותיות בולטות זהב ""יברכך"" גודל 4 - פנינה","43.58","כיפות","israel-judaica","","C","not_found_after_normalization","",""
"LnBICAhdtxdEHDpnzdHl","UK10302","כיפה ארטמן קטיפה ירוק בהיר רקמה רבי מאיר בעל הנס גודל 3","39.22","כיפות","israel-judaica","","C","not_found_after_normalization","",""
"LtATZikWA117hGsa4Wka","UK50088","מחזיק גפרורים אקריליק זהב שוכב","80.64","שבת","israel-judaica","https://www.israel-judaica.com/index.php?option=com_art&view=product&sku=UK50088&lang=he","C","not_found_after_normalization","",""
"Lz82OsQDEE5UYxeuJPrX","UK10462","כיפה קטיפה ""ארט-מן"" עם אותיות בולטות זהב ""יחי אדוננו..""גודל 4 - ירוק","47.94","כיפות","israel-judaica","","C","not_found_after_normalization","",""
"M6fL7XOOmMBbUmfOVvHK","UK67313","","108.98","","israel-judaica","","C","not_found_after_normalization","",""
"MAzuvxP1irW3Nyp6xXDt","UK19024","כיפה קטיפה ארטמן כחולה 4 חלקים עם סרט 16 ס""מ","29.97","כיפות","israel-judaica","","C","not_found_after_normalization","",""
"MJMpknFM95Em16aKZgnh","UK19098","כיפה עור ארטמן כחול בהיר 16 ס""מ","29.97","כיפות","israel-judaica","","C","not_found_after_normalization","",""
"MhSLvthDVk8HGti60ksk","UK18564","כיפה סטן 20 ס""מ לבן","4.17","כיפות","israel-judaica","","C","not_found_after_normalization","",""
"Mkz0ip8fai84yM7AG0bc","UK81298","מסגרת זכוכית מהודרת אשר יצר נוסח ספרדי 22X17 ס""מ","0","יודאיקה","israel-judaica","https://www.israel-judaica.com/index.php?option=com_art&view=product&sku=UK81298&lang=he","C","not_found_after_normalization","",""
"MpPyZyzAdE1smm2uElfe","UK18205","כיפה ד.מ.צ. אפור 18 ס""מ","61.02","כיפות","israel-judaica","","C","not_found_after_normalization","",""
"MqlR21OV3YeB53JIXD3x","UK15462","כיפה טרילין ""ארט מן"" שחור גודל 3 - 6 חלקים","29.97","כיפות","israel-judaica","","C","not_found_after_normalization","",""
"MscKCQ06f54czjQr3EQH","UK17904","כיפה פריק לבן ""נחמן מאומן"" 24 ס""מ","23.97","כיפות","israel-judaica","","C","not_found_after_normalization","",""
"MvExMlR885SF2BjR91ws","UK11884","כיפה טרלין גודל 20 סמ רקמה ""יחי אדוננו..""","29.97","כיפות","israel-judaica","","C","not_found_after_normalization","",""
"NTJz84EgmKuYmlvdVc4b","UK11012","כיפה קטיפה ""ארט-מן"" עם אותיות בולטות זהב ""יברכך"" גודל 4 - אופוויט","43.58","כיפות","israel-judaica","","C","not_found_after_normalization","",""
"NVnYleQXTUV9YeyYA6GQ","UK81341","מגש אקריליק להבדלה 25X25 ס""מ","152.58","יודאיקה","israel-judaica","https://www.israel-judaica.com/index.php?option=com_art&view=product&sku=UK81341&lang=he","C","not_found_after_normalization","",""
"Nc3GJuIZiY3Qx3unKkrs","UK18188","כיפה ד.מ.צ. שחור עם פס תכלת 20 ס""מ","39.22","כיפות","israel-judaica","","C","not_found_after_normalization","",""
"Ni1WzKpQAhnCJ8MOySl4","UK16385","כיפה ""מופת"" קטיפה שחורה גודל 8 24 ס""מ - 4 חלקים ללא סרט","11.97","כיפות","israel-judaica","","C","not_found_after_normalization","",""
"NuMDqrSxez9CyJLYzm62","UK19504","כיפה סטן דלוקס לבן 19 ס""מ עם מקום לסיכה","17.97","כיפות","israel-judaica","","C","not_found_after_normalization","",""
"NuvSKWTs5Nr2U10n1fr6","UK66467","","50.12","","israel-judaica","","C","not_found_after_normalization","",""
"O4ktwpHeWzgYO1j7wnkm","UK10013","כיפה קטיפה עם ריקמה יחי אדוננו גודל 4 - אופוויט","39.22","כיפות","israel-judaica","","C","not_found_after_normalization","",""
"O8atlxzJKCM8AW054DTe","UK80306","כלי לבשמים מקריסטל 8X5 ס""מ","108.98","יודאיקה","israel-judaica","https://www.israel-judaica.com/index.php?option=com_art&view=product&sku=UK80306&lang=he","C","not_found_after_normalization","",""
"OEVGFJ7xVB0C9lnzmJCc","UK15684","כיפה ד.מ.צ. שחור איכותי קשיח 18 ס""מ","61.02","כיפות","israel-judaica","","C","not_found_after_normalization","",""
"OEe8ttNGGmekMWOy4T1M","UK10287","כיפה קטיפה ""ארט-מן"" עם ריקמה בבא סאלי גודל 3 - חום כהה","39.22","כיפות","israel-judaica","","C","not_found_after_normalization","",""
"OEyPuPmjjcGBmsOUAVmI","UK40396","סט הבדלה מהודר מקרמיקה 20 ס""מ","174.38","יודאיקה","israel-judaica","https://www.israel-judaica.com/index.php?option=com_art&view=product&sku=UK40396&lang=he","C","not_found_after_normalization","",""
"OHNncQoa4UGnIPiL5HIF","UK82073","כלי לבשמים מקריסטל עם פלקטה 9 ס""מ עם ציפורן","108.98","יודאיקה","israel-judaica","https://www.israel-judaica.com/index.php?option=com_art&view=product&sku=UK82073&lang=he","C","not_found_after_normalization","",""
"OQ7AxQel6i5QOdIpItT0","UK18208","כיפה ד.מ.צ. אפור 20 ס""מ","39.22","כיפות","israel-judaica","","C","not_found_after_normalization","",""
"OR05Kxyfz5DyTJQdGvmX","UK10282","כיפה קטיפה ""ארט-מן"" עם ריקמה רבי מאיר גודל 3 - זהב","39.22","כיפות","israel-judaica","","C","not_found_after_normalization","",""
"OUl6u2HnNF30U6EmeHDv","UK19151","כיפה עור ""ארטמן"" 16 ס""מ כחול","23.97","כיפות","israel-judaica","","C","not_found_after_normalization","",""
"OZebntnwmgFCiu2DGbv1","UK10256","כיפה קטיפה ""ארט-מן"" עם ריקמה בבא סאלי גודל 3 - כחול","39.22","כיפות","israel-judaica","","C","not_found_after_normalization","",""
"Okq6hOSKIYE86oPBQNas","UK42481","סט הבדלה מהודר מאלומיניום גווני אפור 14X23 ס""מ","270.38","יודאיקה","israel-judaica","https://www.israel-judaica.com/index.php?option=com_art&view=product&sku=UK42481&lang=he","C","not_found_after_normalization","",""
"OlufPw4l2inoCvsuPH5c","UK13869","כיפה סטן לבנה 15 ס""מ","5.37","כיפות","israel-judaica","","C","not_found_after_normalization","",""
"P3b2jJEKVDYuhfuZS2Tr","UK40081","נר הבדלה עם בשמים צבעים שונים 25 ס""מ","47.94","יודאיקה","israel-judaica","https://www.israel-judaica.com/index.php?option=com_art&view=product&sku=UK40081&lang=he","C","not_found_after_normalization","",""
"P4rtJtBtWQMbIvcgFvB5","UK14953","כיפה קטיפה ""ארט-מן"" 17 ס""מ - אופוויט","26.14","כיפות","israel-judaica","","C","not_found_after_normalization","",""
"P59fewyP3xXBhyJD9R4A","UK19110","כיפה עור ארטמן שחור 14 ס""מ","23.97","כיפות","israel-judaica","","C","not_found_after_normalization","",""
"P8uzEjRuTVi6g7HjSJMr","UK14997","כיפה פריק 23 ס""מ","23.97","כיפות","israel-judaica","","C","not_found_after_normalization","",""
"PDc0dTK7NcEn3aS6iyVD","UK10002","כיפה קטיפה עם ריקמה בבא סאלי גודל 4 - אופוויט","39.22","כיפות","israel-judaica","","C","not_found_after_normalization","",""
"PFdL7kX4b77CcEjbg8te","UK19112","כיפה עור ארטמן שחור 16 ס""מ","23.97","כיפות","israel-judaica","","C","not_found_after_normalization","",""
"PH5jJFcpknwnpVgnsBXE","UK10472","כיפה קטיפה ""ארט-מן"" עם אותיות בולטות כסף ""יחי אדוננו..""גודל 4 - תכלת","47.94","כיפות","israel-judaica","","C","not_found_after_normalization","",""
"PLt4j4AELvnncN2HP3Sb","UK19314","כיפה טרילין ""ארט מן"" גודל 5 רקמה ""יחי אדוננו..""","47.94","כיפות","israel-judaica","","C","not_found_after_normalization","",""
"PMmTY1UsUDcGqWNABWB8","UK17380","כיפה סרוגה שטיח 18 ס""מ שחור ולבן","17.97","כיפות","israel-judaica","","C","not_found_after_normalization","",""
"PQYOWrvpot6DKtiTttWK","UK81575","נר הבדלה צבעוני ומהודר 16 ס""מ","32.68","יודאיקה","israel-judaica","https://www.israel-judaica.com/index.php?option=com_art&view=product&sku=UK81575&lang=he","C","not_found_after_normalization","",""
"PRVGtyBmBp2CzSB8XOfp","UK10518","כיפה קטיפה ""ארט-מן"" עם אותיות בולטות זהב ""יברכך"" גודל 4 - אופוויט","43.58","כיפות","israel-judaica","","C","not_found_after_normalization","",""
"PTqcBU6RD01Zw0JLzUSA","UK19113","כיפה עור ארטמן שחור 17 ס""מ","23.97","כיפות","israel-judaica","","C","not_found_after_normalization","",""
"PtvVBEFlZ4VoRNacDlvT","UK11891","כיפה סטן שחור 19 ס""מ","3.57","כיפות","israel-judaica","","C","not_found_after_normalization","",""
"Q2q9pF8XoXk2cYEiz3p4","UK16671","כיפה סרוגה 16 ס""מ 6 מגיני דוד כסף במרכז","19.47","כיפות","israel-judaica","","C","not_found_after_normalization","",""
"Q3pY9Zfj5WWOHNMERrR8","UK11224","כיפה סרוגה 19 ס""מ אפור חלק - 12 יח","17.97","כיפות","israel-judaica","","C","not_found_after_normalization","",""
"Q5ciV8lTpVyyM3VqBSjk","UK10286","כיפה קטיפה ""ארט-מן"" עם ריקמה בבא סאלי גודל 3 - ורוד","39.22","כיפות","israel-judaica","","C","not_found_after_normalization","",""
"QAopYAA2Im9mz6iRBgXl","UK10093","כיפה ארטמן קטיפה ה יתברך אוהב אפור כלשהו עם רקמה אפורה גודל 4","39.22","כיפות","israel-judaica","","C","not_found_after_normalization","",""
"QIWCj6QY9pfPbam1K36M","UK11297","כיפה קטיפה ""ארט-מן"" עם אותיות בולטות רבי מאיר גודל 4 - שחור","43.58","כיפות","israel-judaica","","C","not_found_after_normalization","",""
"QNro9lun7qvzdekqdxSY","UK17157","כיפה סטן לבן 20 ס""מ עם עיטור ריקמה","8.97","כיפות","israel-judaica","","C","not_found_after_normalization","",""
"QUWkfJ4UoD1G5sRKNPjj","UK43848","סדר הבדלה עם ציפורן ספרדי 18.5X13 ס""מ","23.97","יודאיקה","israel-judaica","https://www.israel-judaica.com/index.php?option=com_art&view=product&sku=UK43848&lang=he","C","not_found_after_normalization","",""
"QfP7pEDGJf1hafO4xKTp","UK15211","כיפה קטיפה ""ארט-מן"" 17 ס""מ - כחול כהה","26.14","כיפות","israel-judaica","","C","not_found_after_normalization","",""
"Qih4xVAUgHcJmdVVFW3T","UK15517","כיפה קטיפה ""ארט מן"" עם ריקמה אותיות גודל 3 - אופוויט","30.5","כיפות","israel-judaica","","C","not_found_after_normalization","",""
"QqD3EMDHLD5t7f0Jul0d","UK41660","כלי לטבק עם מראה פנימית ""ירושלים"" 6 ס""מ","37.04","יודאיקה","israel-judaica","https://www.israel-judaica.com/index.php?option=com_art&view=product&sku=UK41660&lang=he","C","not_found_after_normalization","",""
"Qrlnt0YR3SXPxINCeD9e","UK11200","כיפה סרוגה 20 ס""מ שחור חלק - 12 יח","17.97","כיפות","israel-judaica","","C","not_found_after_normalization","",""
"R0QED3AZj0eionDDgURY","UK19315","כיפה טרילין ""ארט מן"" גודל 6 רקמה ""יחי אדוננו..""","47.94","כיפות","israel-judaica","","C","not_found_after_normalization","",""
"RFEAwc5yk9jWvFiQVSKd","UK19090","כיפה קטיפה ארטמן שחורה 4 חלקים עם סרט גודל 4","26.14","כיפות","israel-judaica","","C","not_found_after_normalization","",""
"RH0tWNtMRwWvvI6RC5Mt","UK82459","סט הבדלה קריסטל שקוף עם מגש 25X12.5","353.58","יודאיקה","israel-judaica","https://www.israel-judaica.com/index.php?option=com_art&view=product&sku=UK82459&lang=he","C","not_found_after_normalization","",""
"RjlcOxM57hWVKhriu9GN","UK49458","כלי בשמים זכוכית עם פלקטה מתכת (סטנד מעורב 24 י","23.96","יודאיקה","israel-judaica","https://www.israel-judaica.com/index.php?option=com_art&view=product&sku=UK49458&lang=he","C","not_found_after_normalization","",""
"RnL1ht2OFCV9sTA0EUB4","UK67381","","108.98","","israel-judaica","","C","not_found_after_normalization","",""
"Rt45ig7T4JWYXb5VoWwF","UK17669","כיפה פריק אדום ""נחמן מאומן"" 24 ס""מ","23.97","כיפות","israel-judaica","","C","not_found_after_normalization","",""
"RvhUMQvUpcfCNrmB8JMZ","UK80059","סט הבדלה מהודר מקריסטל 22x11 ס""מ","353.58","יודאיקה","israel-judaica","https://www.israel-judaica.com/index.php?option=com_art&view=product&sku=UK80059&lang=he","C","not_found_after_normalization","",""
"S2MFuZsExLuMLs64niy3","UK10296","כיפה ארטמן קטיפה כחול כהה רקמה שמע ישראל גודל 3","39.22","כיפות","israel-judaica","","C","not_found_after_normalization","",""
"Sb9EA0kxDH21frdLY2hi","UK19313","כיפה טרילין ""ארט מן"" גודל 4 רקמה ""יחי אדוננו..""","47.94","כיפות","israel-judaica","","C","not_found_after_normalization","",""
"Se2eDsvBs6q8F7jszfj3","UK15467","כיפה טרילין ""ארט מן"" שחור גודל 8 - 6 חלקים","29.97","כיפות","israel-judaica","","C","not_found_after_normalization","",""
"Shb9pBt8q5JhsHX2cUpQ","UK11108","כיפה סרוגה 17 ס""מ לבן חלק - 12 יח","14.97","כיפות","israel-judaica","","C","not_found_after_normalization","",""
"StqgvqqwjNwaqDglzbaO","UK42627","כלי לנר הבדלה ובשמים להבדלה 13 ס""מ","152.58","יודאיקה","israel-judaica","https://www.israel-judaica.com/index.php?option=com_art&view=product&sku=UK42627&lang=he","C","not_found_after_normalization","",""
"T4nKj28lu3FbsMQF3F3C","UK17386","כיפה סרוגה שטיח 18 ס""מ כחול לבן ואפור","17.97","כיפות","israel-judaica","","C","not_found_after_normalization","",""
"T7JQKsRuQ9hnyAB3MTve","UK41258","נר הבדלה צבעוני ומהודר 13.5 ס""מ","26.14","יודאיקה","israel-judaica","https://www.israel-judaica.com/index.php?option=com_art&view=product&sku=UK41258&lang=he","C","not_found_after_normalization","",""
"TBGYDpEKWrqIDbGpHTd0","UK19225","כיפה ""פריק"" 21 ס""מ פסים צבעוני","23.97","כיפות","israel-judaica","","C","not_found_after_normalization","",""
"TEus8sSVcA6mT4HaJy8R","UK10305","כיפה ארטמן קטיפה ירוק בהיר רקמה סידנא בבא סאלי גודל 3","23.97","כיפות","israel-judaica","","C","not_found_after_normalization","",""
"TIRkizFB1qBdoqhLaFgH","UK17674","כיפה פריק ירוק זית עם חורים 22 ס""מ","23.97","כיפות","israel-judaica","","C","not_found_after_normalization","",""
"TRE8cauWaEGMHLG5LPgW","UK10497","כיפה פריק 26 ס""מ פסים אפור וחום","26.97","כיפות","israel-judaica","","C","not_found_after_normalization","",""
"TWzDEWBhMxC7BtKaR4qs","UK67311","","108.98","","israel-judaica","","C","not_found_after_normalization","",""
"TqmjZc6GImTg16glostG","UK15635","כיפה קטיפה פלוש שחורה 6 חלקים גודל 5 21 ס""מ עם סרט","20.97","כיפות","israel-judaica","","C","not_found_after_normalization","",""
"Ts9B4VnhLaAEHzrrYoE9","UK10104","כיפה בוכרית גודל 54 ס""מ - צבעים שונים","23.96","כיפות","israel-judaica","","C","not_found_after_normalization","",""
"TyMoaoWXi8YytlZaRDKC","UK11294","כיפה קטיפה ""ארט-מן"" עם אותיות בולטות האש שלי גודל 4 - שחור","43.58","כיפות","israel-judaica","","C","not_found_after_normalization","",""
"TzwwObibdDvxLLNH77Vc","UK16033","כיפה סטן לבנה 19 ס""מ הדפסה כסף ""בר מצווה""","11.97","כיפות","israel-judaica","","C","not_found_after_normalization","",""
"U67Cmj5JCFTebdLABgCn","UK15620","כיפה קטיפה פלוש שחורה 4 חלקים גודל 3 19 ס""מ עם סרט","11.97","כיפות","israel-judaica","","C","not_found_after_normalization","",""
"U79Vk9oYiOhuWRu28jPB","UK15085","כיפה סרוגה לבנה רקמה מגן דוד ופס מסגרת בכחול כה","19.47","כיפות","israel-judaica","","C","not_found_after_normalization","",""
"UAByAM4zYWPWpCbnGaI7","UK18883","כיפה סרוגה 16 ס""מ לבנה עם ריקמה ""האש שלי"" כסף","23.97","כיפות","israel-judaica","","C","not_found_after_normalization","",""
"UHE2z0SVBG8Qc2U6hklj","UK40126","פמוטי נסיעה מקריסטל ""מעויינים"" כסף 10x5 ס""מ","65.38","שבת","israel-judaica","https://www.israel-judaica.com/index.php?option=com_art&view=product&sku=UK40126&lang=he","C","not_found_after_normalization","",""
"UNiITTNSJaeAcXz7Urb5","UK42120","סט הבדלה מהודר קריסטל","311.98","יודאיקה","israel-judaica","https://www.israel-judaica.com/index.php?option=com_art&view=product&sku=UK42120&lang=he","C","not_found_after_normalization","",""
"UOkzgrQ9UewyNarmuQxt","UK11882","כיפה טרלין גודל 21 סמ רקמה ""בית הרב""","29.97","כיפות","israel-judaica","","C","not_found_after_normalization","",""
"UREgeoI7Y0Oyxq0sk7QX","UK18200","כיפה ד.מ.צ. לבן 15 ס""מ","34.86","כיפות","israel-judaica","","C","not_found_after_normalization","",""
"URRU5CmqJ6kebdtAqyqD","UK11537","כיפה DMC סריגה ישראלית חלק שחור 12-13 ס""מ אין החזרת סחורה","52.3","כיפות","israel-judaica","","C","not_found_after_normalization","",""
"URZMFxbFeBJWCFenqKP2","UK17379","כיפה קטיפה ""ארט מן"" עם ריקמה אותיות גודל 4 -פנינה","30.5","כיפות","israel-judaica","","C","not_found_after_normalization","",""
"USY5646z5etgEa0p5bK9","UK10014","כיפה סרוגה 16 ס""מ שחורה עם ריקמה ""יחי אדוננו"" כסף","23.97","כיפות","israel-judaica","","C","not_found_after_normalization","",""
"UXiXq5AwWbtVnopCAsXY","UK19069","כיפה עור ארטמן חרדל 15 ס""מ","23.97","כיפות","israel-judaica","","C","not_found_after_normalization","",""
"UYKGt7cHQWlUPM8v6jo4","UK10227","כיפה קטיפה ""ארט-מן"" עם ריקמה האש שלי גודל 3 - כחול כהה","39.22","כיפות","israel-judaica","","C","not_found_after_normalization","",""
"UZtwImqi78i5bZ9ejykX","UK11109","כיפה סרוגה 18 ס""מ לבן חלק - 12 יח","17.97","כיפות","israel-judaica","","C","not_found_after_normalization","",""
"UhpbAPfCncdqoTnBMwJX","UK15681","כיפה ד.מ.צ. שחור איכותי קשיח 15 ס""מ","43.58","כיפות","israel-judaica","","C","not_found_after_normalization","",""
"UmDmnWbgckIGtgOJ4mwF","UK12611","כיפה קטיפה פלוש שחורה 4 חלקים גודל 3 19 ס""מ עם סרט","26.97","כיפות","israel-judaica","","C","not_found_after_normalization","",""
"UngBB5PXY9mwNH51GnoN","UK17215","כיפה סרוגה 16 ס""מ לבן מסביב פס כחול כהה ולבן","14.97","כיפות","israel-judaica","","C","not_found_after_normalization","",""
"UoZD2TDWZVKixdl9NC7i","UK10756","כיפה פריק לבן ""נחמן מאומן"" 22 ס""מ","23.97","כיפות","israel-judaica","","C","not_found_after_normalization","",""
"Us1Ie3C2VW5RTlCUuM0O","UK10243","כיפה קטיפה ""ארט-מן"" עם ריקמה יחי אדוננו גודל 3 - אפור בהיר","39.22","כיפות","israel-judaica","","C","not_found_after_normalization","",""
"UypKKlsFNUtKxklKlToi","UK15682","כיפה ד.מ.צ. שחור איכותי קשיח 16 ס""מ","47.94","כיפות","israel-judaica","","C","not_found_after_normalization","",""
"UzOBWRo1BKH2GQN3JueQ","UK17681","כיפה קטיפה ""ארט מן"" עם ריקמה אותיות גודל 4 - ירוק","30.5","כיפות","israel-judaica","","C","not_found_after_normalization","",""
"V2Kq0Kuz3I9daTY7Dasf","UK10522","כיפה קטיפה ""ארט-מן"" עם אותיות בולטות זהב ""בבא סאלי"" גודל 4 - פנינה","43.58","כיפות","israel-judaica","","C","not_found_after_normalization","",""
"VR1zLFEjnnCUZs8Ve7Nl","UK19027","כיפה קטיפה ארטמן כחולה 4 חלקים עם סרט 19 ס""מ","29.97","כיפות","israel-judaica","","C","not_found_after_normalization","",""
"VUYsxCUommFe5MDcIG8V","UK10281","כיפה קטיפה ""ארט-מן"" עם ריקמה רבי מאיר גודל 3 - חום כהה","39.22","כיפות","israel-judaica","","C","not_found_after_normalization","",""
"VYQXXdr2eHsdi13NvhGj","UK17393","כיפה ""פריק"" לבן חלק 22 ס""מ","23.97","כיפות","israel-judaica","","C","not_found_after_normalization","",""
"VdLAAijXeyIjIbk6592e","UK10229","כיפה קטיפה ""ארט-מן"" עם ריקמה האש שלי גודל 3 - כחול","39.22","כיפות","israel-judaica","","C","not_found_after_normalization","",""
"VeWpDWVFfNfYJif5bwEl","UK48139","ברכון דמוי עור לבן ""סדר הבדלה נוסח ע.מ"" עם בשמי","43.58","יודאיקה","israel-judaica","https://www.israel-judaica.com/index.php?option=com_art&view=product&sku=UK48139&lang=he","C","not_found_after_normalization","",""
"VioIDZc7rlOHNzuF2rQO","UK42221","סט הבדלה מהודר מקריסטל עם פלקטה 20 ס""מ","376.18","יודאיקה","israel-judaica","https://www.israel-judaica.com/index.php?option=com_art&view=product&sku=UK42221&lang=he","C","not_found_after_normalization","",""
"VyBbVee3VcZX01vOCGYt","UK41261","נר הבדלה צבעוני ומהודר 9 ס""מ","26.97","יודאיקה","israel-judaica","https://www.israel-judaica.com/index.php?option=com_art&view=product&sku=UK41261&lang=he","C","not_found_after_normalization","",""
"W8HutSuWzOhFh9lDtdSI","UK16265","כיפת קטיפה שחורה 1/4 בד מהודר גודל 4 - 20 ס""מ","8.97","כיפות","israel-judaica","","C","not_found_after_normalization","",""
"W9Z6C1zsZBH7EULAJF5F","UK82037","סטנד כלי בשמים זכוכית עם ציפורן מעורב 24 יח","23.96","יודאיקה","israel-judaica","https://www.israel-judaica.com/index.php?option=com_art&view=product&sku=UK82037&lang=he","C","not_found_after_normalization","",""
"WDpwDZrfBO2Ktr585Tfb","UK11225","כיפה סרוגה 17 ס""מ אפור כהה חלק - 12 יח","17.97","כיפות","israel-judaica","","C","not_found_after_normalization","",""
"WElZ1iwhehxALeiAH7cu","UK14563","כיפה בד מהודרת שחור 17 ס""מ","8.97","כיפות","israel-judaica","","C","not_found_after_normalization","",""
"WYnnU9eHQRW5Nbi3RuwI","UK44756","כלי לבשמים מזכוכית עם פלקטה (סטנד מעורב 24 יח) 6","23.96","יודאיקה","israel-judaica","https://www.israel-judaica.com/index.php?option=com_art&view=product&sku=UK44756&lang=he","C","not_found_after_normalization","",""
"Wi4dH7TGOnUNXlrTSq2n","UK19099","כיפה סרוגה 16 ס""מ לבנה עם ריקמה ""נחמן מאומן"" זהב","23.97","כיפות","israel-judaica","","C","not_found_after_normalization","",""
"Wif5rBsc7250ki0ws72c","UK10499","כיפה פריק 26 ס""מ גוונים מהודרת","26.97","כיפות","israel-judaica","","C","not_found_after_normalization","",""
"WkmoP9cEzBIOrAF7lpLk","UK00319","כיפה סטן לבן פס כסף מהודר 17 ס""מ","5.07","כיפות","israel-judaica","","C","not_found_after_normalization","",""
"Wqrr19u8so8HmKdSaChR","UK81338","מגש אקריליק להבדלה 25 ס""מ","152.58","יודאיקה","israel-judaica","https://www.israel-judaica.com/index.php?option=com_art&view=product&sku=UK81338&lang=he","C","not_found_after_normalization","",""
"Wrg3yFx93wXWysbDNB2w","UK66391","כיסוי חלה מהודר דמוי עור לבן עם הבלטות 42x52 ס""מ","0","שבת","israel-judaica","https://www.israel-judaica.com/index.php?option=com_art&view=product&sku=UK66391&lang=he","C","not_found_after_normalization","",""
"WvhY8J93BiM8pMeOKERX","UK19109","כיפה קטיפה ""ארט-מן"" כחולה 6 חלקים עם סרט גודל 5","26.14","כיפות","israel-judaica","","C","not_found_after_normalization","",""
"WxhxPwMnTjJp2i9i8K9r","UK15638","כיפה קטיפה פלוש שחורה 6 חלקים גודל 8 24 ס""מ עם סרט","20.97","כיפות","israel-judaica","","C","not_found_after_normalization","",""
"WzWT77RJYBCQmwrG1lpS","UK10154","כיפה פריק 22 ס""מ גוונים מהודרת","23.97","כיפות","israel-judaica","","C","not_found_after_normalization","",""
"XF4dKfRUoNNSxYk9GRoG","UK19026","כיפה קטיפה ארטמן כחולה 4 חלקים עם סרט 18 ס""מ","29.97","כיפות","israel-judaica","","C","not_found_after_normalization","",""
"XGZGPULjWEHis1DEmxqR","UK10079","כיפה ארטמן קטיפה ה יתברך אוהב בז עם רקמה כסף גודל 4","39.22","כיפות","israel-judaica","","C","not_found_after_normalization","",""
"XNtGQw3eKlC4yEANRL6v","UK10514","כיפה קטיפה ""ארט-מן"" עם אותיות בולטות זהב ""האש שלי"" גודל 4 - פנינה","43.58","כיפות","israel-judaica","","C","not_found_after_normalization","",""
"XQ5wEjtRxF1Nqeuz2uQb","UK19308","כיפה קטיפה ""ארט-מן"" עם ריקמה האש שלי גודל 4 - פנינ","39.22","כיפות","israel-judaica","","C","not_found_after_normalization","",""
"Xa5tMlO4eBRtDzzQcBrE","UK82627","סיכות לכיפה צבע זהב בליסטר 12 יח` חזקות מאוד","5.97","כיפות","israel-judaica","","C","not_found_after_normalization","",""
"XfpECAV4TrHYRWf49AOv","UK14538","כיפה מהודרת משי פשתן כחול טורקיז 17 ס""מ","8.97","כיפות","israel-judaica","","C","not_found_after_normalization","",""
"XfusZEgURVoYFcdxav2U","UK16062","כיפה ד.מ.צ שחור 19 ס""מ","47.94","כיפות","israel-judaica","","C","not_found_after_normalization","",""
"XqUzpLjVXfF3mMjcARlS","UK82237","סט הבדלה מגש מסתובב קריסטל שקוף","356.38","יודאיקה","israel-judaica","https://www.israel-judaica.com/index.php?option=com_art&view=product&sku=UK82237&lang=he","C","not_found_after_normalization","",""
"Xr0gxTpz7KGWBlIWWFJ2","UK14643","כיפה בד מהודרת כחול מידה 4 גודל 19 ס""מ","8.97","כיפות","israel-judaica","","C","not_found_after_normalization","",""
"XsDwEwDoGJo1kbBCFzPs","UK82327","","80.64","","israel-judaica","","C","not_found_after_normalization","",""
"XtIKpbPf379tCRG6RUuK","UK18892","כיפה סרוגה 16 ס""מ שחורה עם ריקמה ""האש שלי""","23.97","כיפות","israel-judaica","","C","not_found_after_normalization","",""
"YUCz5oNcxoEoKXm5Yed7","UK17158","כיפה סטן לבן 19 ס""מ עם עיטור ריקמה","8.97","כיפות","israel-judaica","","C","not_found_after_normalization","",""
"YW3dsSK50Q1hNGABemSp","UK18259","כיפה בד ארטמן כחול כהה 16 ס""מ","29.97","כיפות","israel-judaica","","C","not_found_after_normalization","",""
"YWoGWteMbJBuICNgKSKa","UK17520","כיפה קטיפה ""ארט מן"" עם ריקמה אותיות גודל 3 - כחול כהה","30.5","כיפות","israel-judaica","","C","not_found_after_normalization","",""
"Ym6Rr4R0e5JjhzPn4IWD","UK42119","סט הבדלה מהודר קריסטל עם מגש 24X12 ס""מ","311.98","יודאיקה","israel-judaica","https://www.israel-judaica.com/index.php?option=com_art&view=product&sku=UK42119&lang=he","C","not_found_after_normalization","",""
"YmRL1Ua4y9L9yO1ukLN6","UK19092","כיפה קטיפה ארטמן שחורה 4 חלקים עם סרט גודל 6","26.14","כיפות","israel-judaica","","C","not_found_after_normalization","",""
"YoU7svcMJaCnSSbkEk4E","UK55061","נר הבדלה צבעוני ומהודר 23 ס""מ","32.68","יודאיקה","israel-judaica","https://www.israel-judaica.com/index.php?option=com_art&view=product&sku=UK55061&lang=he","C","not_found_after_normalization","",""
"Yolv3qeHBHidkJS62YLr","UK48853","סדר הבדלה עם ציפורן נוסח ע.מ 17.5X13 ס""מ","23.97","יודאיקה","israel-judaica","https://www.israel-judaica.com/index.php?option=com_art&view=product&sku=UK48853&lang=he","C","not_found_after_normalization","",""
"YpoTHCOvb4BbydpiFJ3p","UK11258","כיפה DMC סריגה ישראלית חלק עם פס 17 ס""מ אין החז","76.28","כיפות","israel-judaica","","C","not_found_after_normalization","",""
"Yvl1QD7Lv3kglfrU0QY7","UK19394","כיפה קטיפה ""ארט-מן"" עם ריקמה יברכך גודל 4 - פנינה","39.22","כיפות","israel-judaica","","C","not_found_after_normalization","",""
"YyEK1lE458lp7RRsbCbR","UK42846","סדר הבדלה מאקריליק נוסח עדות המזרח 27X15 ס""מ","26.14","יודאיקה","israel-judaica","https://www.israel-judaica.com/index.php?option=com_art&view=product&sku=UK42846&lang=he","C","not_found_after_normalization","",""
"Z8g9qEGGFexLL2M1JVhR","UK67379","","108.98","","israel-judaica","","C","not_found_after_normalization","",""
"ZIsoIsn6DpS1dmcv43XF","UK42149","כלי לבשמים מקריסטל עם פלקטה ""עיטור"" 8.5X5 ס""מ עם צ","108.98","יודאיקה","israel-judaica","https://www.israel-judaica.com/index.php?option=com_art&view=product&sku=UK42149&lang=he","C","not_found_after_normalization","",""
"ZPMfypTJikq5t3Q9UB6C","UK40087","נר הבדלה צבעים שונים 15 ס""מ","26.14","יודאיקה","israel-judaica","https://www.israel-judaica.com/index.php?option=com_art&view=product&sku=UK40087&lang=he","C","not_found_after_normalization","",""
"ZQiSzIPQbbHfKC1aK6PQ","UK83293","כלי לבשמים מהודר מקריסטל 16 ס""מ","141.68","יודאיקה","israel-judaica","https://www.israel-judaica.com/index.php?option=com_art&view=product&sku=UK83293&lang=he","C","not_found_after_normalization","",""
"ZYbXzUQkWFRPXCARE2oE","UK19102","כיפה קטיפה ארטמן שחורה 6 חלקים עם סרט גודל 2","26.14","כיפות","israel-judaica","","C","not_found_after_normalization","",""
"Ze3Vl5TH7JD6BUfxVVCk","UK10000","כיפה קטיפה עם ריקמה מגן דוד גודל 4 - ירוק בהיר","39.22","כיפות","israel-judaica","","C","not_found_after_normalization","",""
"ZmRWl2ZJKbyNmJFis3ZC","UK10067","כיפה ארטמן קטיפה נחמן שחורה עם רקמה כסף גודל 4","39.22","כיפות","israel-judaica","","C","not_found_after_normalization","",""
"Zs1uHCwiDXJI4BZCe34b","UK17390","כיפה סרוגה שטיח 18 ס""מ שחור לבן בורדו","17.97","כיפות","israel-judaica","","C","not_found_after_normalization","",""
"Zzu7Be7lZleD6yCj8K7Q","UK16304","כיפה סרוגה 16 ס""מ שחור עם ריקמה מגן דוד כסף","19.47","כיפות","israel-judaica","","C","not_found_after_normalization","",""
"aGsVa7VjyGQRjs66ynna","UK18935","כיפה קטיפה ארטמן שחורה 4 חלקים עם סרט 19 ס""מ","26.14","כיפות","israel-judaica","","C","not_found_after_normalization","",""
"aKE8wQeJYT1jyPPLY2kV","UK10088","כיפה ארטמן קטיפה ה יתברך אוהב כחולה כהה עם רקמה כסף גודל 4","39.22","כיפות","israel-judaica","","C","not_found_after_normalization","",""
"aLFl2OTEREosHtYojGcd","UK10436","כיפה קטיפה ""ארט-מן"" עם אותיות בולטות כסף ""יחי אדוננו..""גודל 4 - אפור כהה","47.94","כיפות","israel-judaica","","C","not_found_after_normalization","",""
"aVD68veuKcktIF4GEzDL","UK81705","נר הבדלה צבע זהב ומהודר 16 ס""מ","43.58","יודאיקה","israel-judaica","https://www.israel-judaica.com/index.php?option=com_art&view=product&sku=UK81705&lang=he","C","not_found_after_normalization","",""
"aZ4aBWzNtgjpYEnDMwLf","UK11228","כיפה סרוגה דגמים מעורבים - רקע לבן - 16 ס""מ - 24 יח","16.47","כיפות","israel-judaica","","C","not_found_after_normalization","",""
"abnjq6L9zoaeRLhZfJO3","UK80061","סט הבדלה מהודר מקריסטל 20 ס""מ","353.58","יודאיקה","israel-judaica","https://www.israel-judaica.com/index.php?option=com_art&view=product&sku=UK80061&lang=he","C","not_found_after_normalization","",""
"ahAXWdNllhvOlJBTNhyf","UK19391","כיפה קטיפה ""ארט-מן"" עם ריקמה יברכך גודל 4 - אפור ב","39.22","כיפות","israel-judaica","","C","not_found_after_normalization","",""
"amalqbhOLP6uX495JxVb","UK49221","כלי לבשמים מקריסטל עם פלקטה ""עיטור"" 8X6 ס""מ","87.18","יודאיקה","israel-judaica","https://www.israel-judaica.com/index.php?option=com_art&view=product&sku=UK49221&lang=he","C","not_found_after_normalization","",""
"aswHF41WQbUQsLwoowBH","UK10046","כיפה ארטמן קטיפה נחמן אפור עם רקמה חול בהיר גודל 4","39.22","כיפות","israel-judaica","","C","not_found_after_normalization","",""
"at82LbeTWuzFqd6otT2r","UK41219","סט הבדלה מהודר מקריסטל עם פלקטה 20 ס""מ","332.78","יודאיקה","israel-judaica","https://www.israel-judaica.com/index.php?option=com_art&view=product&sku=UK41219&lang=he","C","not_found_after_normalization","",""
"axvt6HhdhjCUxwe0QJOU","UK10300","כיפה ארטמן קטיפה ורוד בהיר רקמה שמע ישראל גודל 3","39.22","כיפות","israel-judaica","","C","not_found_after_normalization","",""
"azi7ripFycvg0Y7RgB1s","UK42931","נטלה אקריליק מהודרת שקופה עם אותיות בולטות 13 ס""מ","98.08","יודאיקה","israel-judaica","https://www.israel-judaica.com/index.php?option=com_art&view=product&sku=UK42931&lang=he","C","not_found_after_normalization","",""
"b0ZLIck7i4S1pc5G3VkF","UK18194","כיפה ד.מ.צ. שחור עם פס לבן 20 ס""מ","39.22","כיפות","israel-judaica","","C","not_found_after_normalization","",""
"b7SurhUkrDjkeK1HfMNg","UK10758","כיפה פריק לבן 23 ס""מ ""נחמן מאומן""","23.97","כיפות","israel-judaica","","C","not_found_after_normalization","",""
"bDP4cHlrbuzvwmwKwVuZ","UK17677","כיפה פריק כחול כהה עם חורים 24 ס""מ","23.97","כיפות","israel-judaica","","C","not_found_after_normalization","",""
"bF2ATKulsGZI5ODM1Q5q","UK82458","סט הבדלה קריסטל שקוף עם פלקטה מגש מסתובב 20סמ","376.18","יודאיקה","israel-judaica","https://www.israel-judaica.com/index.php?option=com_art&view=product&sku=UK82458&lang=he","C","not_found_after_normalization","",""
"bG2J52D874df98ic3cjF","UK40093","","58.84","","israel-judaica","","C","not_found_after_normalization","",""
"bHprJkx3qFaV1MhaDIOB","UK15389","כיפה טרלין גודל 18 סמ רקמה ""נחמן מאומן""","26.97","כיפות","israel-judaica","","C","not_found_after_normalization","",""
"bNowdIye7f6SryFQIRrN","UK42159","מלחייה קריסטל עם פלקטה חיתוך לייזר ומכסה 4X6 ס""מ","61.02","שבת","israel-judaica","https://www.israel-judaica.com/index.php?option=com_art&view=product&sku=UK42159&lang=he","C","not_found_after_normalization","",""
"bUFESAOxHyHHw8VLLvvr","UK13334","כיפה מהודרת משי פשתן גווני כחול לבן 19 ס""מ","8.97","כיפות","israel-judaica","","C","not_found_after_normalization","",""
"bWFDEFL3EWuYI67df5ac","UK10244","כיפה קטיפה ""ארט-מן"" עם ריקמה יחי אדוננו גודל 3 - כחול","39.22","כיפות","israel-judaica","","C","not_found_after_normalization","",""
"beVgOfyfyN9jM8wW979x","UK14947","כיפה קטיפה ""ארט-מן"" עם ריקמה מגן דוד גודל 4 - א","39.22","כיפות","israel-judaica","","C","not_found_after_normalization","",""
"byUVwYRysf02lJragFGQ","UK11566","כיפה DMC סריגה ישראלית חלק לבן 14-16 ס""מ אין החזרת סחורה","65.38","כיפות","israel-judaica","","C","not_found_after_normalization","",""
"cDwtF9JUJ5gqbpISkCZB","UK10337","כיפה טרילין גודל 4 עם אותיות בולטות זהב ""יחי אדוננו..""","47.94","כיפות","israel-judaica","","C","not_found_after_normalization","",""
"cGFJOqUuBBNz00eU9Qj7","UK10001","כיפה קטיפה עם ריקמה האש שלי גודל 4 - ירוק בהיר","39.22","כיפות","israel-judaica","","C","not_found_after_normalization","",""
"cJ6Xx1XjCqS6SvEsOvG4","UK19509","כיפה סטן דלוקס זהב 19 ס""מ עם מקום לסיכה","11.97","כיפות","israel-judaica","","C","not_found_after_normalization","",""
"cQorfoGF1ddQHwCb00BA","UK12977","כיפה בד מהודרת שחור עם דוגמא 19 ס""מ","8.97","כיפות","israel-judaica","","C","not_found_after_normalization","",""
"cYey8odtnWnYtKM4xyYt","UK19213","כיפה סרוגה 16 ס""מ שחורה עם ריקמה ""בבא סאלי"" זהב","23.97","כיפות","israel-judaica","","C","not_found_after_normalization","",""
"caREwO8MpWPqdCLQd49B","UK19858","כיפת קטיפה שחורה 1/4 משובץ גודל 4 - 20 ס""מ","8.97","כיפות","israel-judaica","","C","not_found_after_normalization","",""
"coxKVLnzWTucVypEwE2Z","UK16424","כיפה קטיפה פלוש שחורה 6 חלקים גודל 8 24 ס""מ ללא סרט","11.97","כיפות","israel-judaica","","C","not_found_after_normalization","",""
"cuoIXh5aBE6nXLz2scUs","UK19393","כיפה קטיפה ""ארט-מן"" עם ריקמה יברכך גודל 4 - כחול","39.22","כיפות","israel-judaica","","C","not_found_after_normalization","",""
"d0EFxAeWnenjCqd1v0q2","UK17392","כיפה ""פריק"" לבן חלק 24 ס""מ","23.97","כיפות","israel-judaica","","C","not_found_after_normalization","",""
"d36NPt7xh0VSj2Q7ExvG","UK14958","כיפה קטיפה ""ארט-מן"" 19 ס""מ - אפור","26.14","כיפות","israel-judaica","","C","not_found_after_normalization","",""
"d4kvHfvFSDzewYmA0S1d","UK42121","סט הבדלה מהודר קריסטל","311.98","יודאיקה","israel-judaica","https://www.israel-judaica.com/index.php?option=com_art&view=product&sku=UK42121&lang=he","C","not_found_after_normalization","",""
"d6gmPkF9iVdc6B8FeLKw","UK14559","כיפה מהודרת משי פשתן כחול ספיר 17 ס""מ","8.97","כיפות","israel-judaica","","C","not_found_after_normalization","",""
"dMdNKQhLul82OhQxOpbA","UK16359","כיפה סרוגה 17 ס""מ שחור מסביב פס זהב","14.97","כיפות","israel-judaica","","C","not_found_after_normalization","",""
"dMl2U5gVbrLt94Yqno9J","UK18155","כיפה ד.מ.צ. לבן עם פס תכלת איכותי קשיח 16 ס""מ","47.94","כיפות","israel-judaica","","C","not_found_after_normalization","",""
"dQe1PBltCCRXPdh1l60h","UK15518","כיפה קטיפה ""ארט מן"" עם ריקמה אותיות גודל 4 - אופוויט","30.5","כיפות","israel-judaica","","C","not_found_after_normalization","",""
"dU9GwWqKDdexFCkZOlY1","UK17675","כיפה פריק לבן עם חורים 24 ס""מ","23.97","כיפות","israel-judaica","","C","not_found_after_normalization","",""
"dkKhd0Uy0Y4vitipZljX","UK15600","כיפה ""מנטש"" קטיפה שחורה גודל 3 19 ס""מ - 4 חלקים ללא סרט","11.97","כיפות","israel-judaica","","C","not_found_after_normalization","",""
"dkZhlncNhXsHNGmO4ZgI","UK16179","כיפת קטיפה שחורה 1/4 נצנץ כסף גודל 3 - 19 ס""מ","8.97","כיפות","israel-judaica","","C","not_found_after_normalization","",""
"dpDJIUNgvW904Htd0zAj","UK19111","כיפה עור ארטמן שחור 15 ס""מ","23.97","כיפות","israel-judaica","","C","not_found_after_normalization","",""
"dri5Ggw4Tl0O64beRKkE","UK19310","כיפה קטיפה ""ארט-מן"" עם ריקמה האש שלי גודל 4 - יר","39.22","כיפות","israel-judaica","","C","not_found_after_normalization","",""
"dwRAwp5qfNEuhjSD0be2","UK19088","כיפה קטיפה ארטמן שחורה 4 חלקים עם סרט גודל 2","26.14","כיפות","israel-judaica","","C","not_found_after_normalization","",""
"e8jMgu6FOvJZrMS46ISX","UK17388","כיפה סרוגה שטיח 18 ס""מ כחול ירוק בהיר ולבן","17.97","כיפות","israel-judaica","","C","not_found_after_normalization","",""
"eEzO8itoPRwwPWL6KKlA","UK17221","כיפה סרוגה 16 ס""מ שחור מסביב שני פסים שחור וירוק","14.97","כיפות","israel-judaica","","C","not_found_after_normalization","",""
"eFcRwN1UkNrkpjTqvb49","UK10106","כיפה בוכרית גודל 58 ס""מ - צבעים שונים","23.96","כיפות","israel-judaica","","C","not_found_after_normalization","",""
"eHqZfB6XPdQ65g1WFhgK","UK16364","כיפה סרוגה 15 ס""מ לבן מסביב פס זהב","14.97","כיפות","israel-judaica","","C","not_found_after_normalization","",""
"eLPaJjFZZeqmprzUHt53","UK15084","כיפה סרוגה רקמה מגן דוד בכסף 16 ס""מ","19.47","כיפות","israel-judaica","","C","not_found_after_normalization","",""
"eQMoJZdM6jeCns79qgf4","UK10423","כיפה קטיפה ""ארט-מן"" עם אותיות בולטות כסף ""יחי אדוננו..""גודל 4 - שחור","47.94","כיפות","israel-judaica","","C","not_found_after_normalization","",""
"eRDjodm8gqkEMXKoAQmw","UK00371","כיפה לבנה סטן פס כסף 20 ס""מ","5.07","כיפות","israel-judaica","","C","not_found_after_normalization","",""
"eVxLhq5HKHlNwqB1acBD","UK67383","","108.98","","israel-judaica","","C","not_found_after_normalization","",""
"eiHSHovDsWpiyAIe5OJL","UK16412","כיפה קטיפה פלוש שחורה 6 חלקים גודל 3 19 ס""מ עם סרט","11.97","כיפות","israel-judaica","","C","not_found_after_normalization","",""
"eiubNpl59OtzT38409gd","UK16037","כיפה ירושלמית לבן חלק 24 ס""מ","26.97","כיפות","israel-judaica","","C","not_found_after_normalization","",""
"ewtFMoU43d7KjQvSXQuQ","UK11561","כיפה DMC סריגה ישראלית חלק שחור 18 ס""מ אין החזרת סחורה","80.64","כיפות","israel-judaica","","C","not_found_after_normalization","",""
"f0XyovuPn8DleTjd3gCr","UK19990","כיפה בד מהודרת גודל 3 - 18 ס""מ","8.97","כיפות","israel-judaica","","C","not_found_after_normalization","",""
"f1byMpbGHiPYqiGuTVks","UK17672","כיפה פריק כחול כהה עם חורים 22 ס""מ","23.97","כיפות","israel-judaica","","C","not_found_after_normalization","",""
"f2fgMPT46WSlFtgjz95F","UK17676","כיפה פריק שחור עם חורים 24 ס""מ","23.97","כיפות","israel-judaica","","C","not_found_after_normalization","",""
"f6iI71RfFvHdI0ecwvBX","UK11251","כיפה DMC סריגה ישראלית דוגמת שטיח 9-11 ס""מ אין החזרת סחורה","43.58","כיפות","israel-judaica","","C","not_found_after_normalization","",""
"f8YidYHUbmwK4GG5xARr","UK19085","כיפה עור אפור בהיר 16 ס""מ","22.47","כיפות","israel-judaica","","C","not_found_after_normalization","",""
"fC6oPkrWcIeCuSHjh4kX","UK18122","כיפה פשתן עם רקמה 19 ס""מ","26.14","כיפות","israel-judaica","","C","not_found_after_normalization","",""
"fEsy8jeWkYsdAG5euV9U","UK17382","כיפה סרוגה שטיח 18 ס""מ שחור בז וירוק זית","17.97","כיפות","israel-judaica","","C","not_found_after_normalization","",""
"fGccyzbdbN3yT28f0yKP","UK11569","כיפה DMC סריגה ישראלית חלק לבן 18 ס""מ אין החזרת סחורה","80.64","כיפות","israel-judaica","","C","not_found_after_normalization","",""
"fIswhoQLR2awX6qAkmxt","UK15680","כיפה ד.מ.צ. שחור איכותי קשיח 14 ס""מ","41.4","כיפות","israel-judaica","","C","not_found_after_normalization","",""
"fN0tI1sRDkhRYob55mBr","UK10087","כיפה ארטמן קטיפה ה יתברך אוהב אפור עם רקמה חול בהיר גודל 4","39.22","כיפות","israel-judaica","","C","not_found_after_normalization","",""
"fOwyyBZxsZZFzXb6hUMF","UK10185","כיפה קטיפה ""ארט-מן"" עם ריקמה האש שלי גודל 4 - לבן","39.22","כיפות","israel-judaica","","C","not_found_after_normalization","",""
"fPis0aErPAo5n4sXBanb","UK15464","כיפה טרילין ""ארט מן"" שחור גודל 5 - 6 חלקים","29.97","כיפות","israel-judaica","","C","not_found_after_normalization","",""
"fYE9BwoD61WC6l46YXjr","UK18213","כיפה ד.מ.צ. כחול כהה 20 ס""מ","63.2","כיפות","israel-judaica","","C","not_found_after_normalization","",""
"fYTm5L5y07jUzyYNFWZG","UK11237","כיפה סרוגה דגמים מעורבים - לבן עם זהב - 16 ס""מ - 24 יח","16.47","כיפות","israel-judaica","","C","not_found_after_normalization","",""
"fZWngVihJ4V0APP1AGvD","UK82460","סט הבדלה קריסטל רוז גולד עם מגש שחור 24X12","353.58","יודאיקה","israel-judaica","https://www.israel-judaica.com/index.php?option=com_art&view=product&sku=UK82460&lang=he","C","not_found_after_normalization","",""
"fwHUGZUyysS6QQfyzhNH","UK16894","כיפה קטיפה ""ארט מן"" עם ריקמה אותיות גודל 3 - אפור","30.5","כיפות","israel-judaica","","C","not_found_after_normalization","",""
"g25GXB238R6XmEF3WdfL","UK10038","כיפה ארטמן קטיפה נחמן בז עם רקמה כסף גודל 4","39.22","כיפות","israel-judaica","","C","not_found_after_normalization","",""
"g8cMsGNQ6xjnnNMVGbtv","UK67157","","108.98","","israel-judaica","","C","not_found_after_normalization","",""
"gMJswNTcqETtcjrWnMfO","UK10757","כיפה פריק שחורה 22 ס""מ ""נחמן מאומן""","23.97","כיפות","israel-judaica","","C","not_found_after_normalization","",""
"gQujUfQKIq3Jtb1wWjmd","UK19247","כיפה סרוגה 16 ס""מ לבנה עם ריקמה ""יחי אדוננו"" זהב","23.97","כיפות","israel-judaica","","C","not_found_after_normalization","",""
"geMialmabV28ytMV3lue","UK59766","זוג ""כיפהאייר"" בבליסטר סיכה לכיפה עם דבק דו","16.47","כיפות","israel-judaica","","C","not_found_after_normalization","",""
"gesPLZJFjPbRCZE64uB1","UK16895","כיפה קטיפה ""ארט מן"" עם ריקמה אותיות גודל 4 - אפור","30.5","כיפות","israel-judaica","","C","not_found_after_normalization","",""
"gfDlgA2PoLvye1TAzL1n","UK42999","נר הבדלה ""דונג"" מהודר 30 ס""מ","34.86","יודאיקה","israel-judaica","https://www.israel-judaica.com/index.php?option=com_art&view=product&sku=UK42999&lang=he","C","not_found_after_normalization","",""
"gjQXGPI2IMw69thGEtMd","UK18761","כיפה קורדרוי ""ארט-מן"" 18 ס""מ כחול כהה","29.97","כיפות","israel-judaica","","C","not_found_after_normalization","",""
"gl2eOa9XOrUOSEi4O6Jl","UK00341","כיפה סטן לבן ""עיטורים""16 ס""מ","8.97","כיפות","israel-judaica","","C","not_found_after_normalization","",""
"gp1FiwnhaDYa8zrPgRM6","UK19687","כיפה קטיפה ""ארט-מן"" עם ריקמה יחי אדוננו גודל","39.22","כיפות","israel-judaica","","C","not_found_after_normalization","",""
"gywXnBVehKPVupGOu3GP","UK11132","כיפה סרוגה 18 ס""מ שחור חלק - 12 יח","17.97","כיפות","israel-judaica","","C","not_found_after_normalization","",""
"hPybkojbOpwoD7qWNJ8a","UK47600","ברכון דמוי עור חום ""סדר הבדלה נוסח ע.מ"" עם בשמי","43.58","יודאיקה","israel-judaica","https://www.israel-judaica.com/index.php?option=com_art&view=product&sku=UK47600&lang=he","C","not_found_after_normalization","",""
"hQIQDjzDkim0fpyAhr7w","UK16244","כיפה סרוגה 16 ס""מ שחור עם ריקמה זהב מגן דוד","19.47","כיפות","israel-judaica","","C","not_found_after_normalization","",""
"hUKtcrRQWWl3r32r2Oi9","UK17209","כיפה סרוגה 16 ס""מ לבן מסביב עיטור כחול כהה תכלת","14.97","כיפות","israel-judaica","","C","not_found_after_normalization","",""
"hWt12mbZwaRX8aa66UBT","UK41214","סט הבדלה מהודר מקריסטל עם פלקטה 21x10 ס""מ","376.18","יודאיקה","israel-judaica","https://www.israel-judaica.com/index.php?option=com_art&view=product&sku=UK41214&lang=he","C","not_found_after_normalization","",""
"hawNtu4rx02YpES4W6FT","UK42791","נר הבדלה צבעוני ומהודר 16 ס""מ","23.96","יודאיקה","israel-judaica","https://www.israel-judaica.com/index.php?option=com_art&view=product&sku=UK42791&lang=he","C","not_found_after_normalization","",""
"hgBWp8sR42IDnSCw0DYV","UK17679","כיפה פריק ירוק זית עם חורים 24 ס""מ","23.97","כיפות","israel-judaica","","C","not_found_after_normalization","",""
"hgR6TBppWpOc3Vw4oujn","UK18988","כיפה סרוגה 16 ס""מ שחורה עם ריקמה ""נחמן מאומן"" כסף","23.97","כיפות","israel-judaica","","C","not_found_after_normalization","",""
"hi7Z3FnnFFN0r8tm496z","UK15230","כיפה סרוגה כחול רקמה מגן דוד כסף 16 ס""מ","19.47","כיפות","israel-judaica","","C","not_found_after_normalization","",""
"hosGU6zpjL7DLUGkmf9z","UK11256","כיפה DMC סריגה ישראלית חלק עם פס 14-16 ס""מ אין","65.38","כיפות","israel-judaica","","C","not_found_after_normalization","",""
"htsNUrXwPanTj6RJEHx8","UK81294","נר הבדלה צבעוני ומהודר - 24 יחידות","26.14","יודאיקה","israel-judaica","https://www.israel-judaica.com/index.php?option=com_art&view=product&sku=UK81294&lang=he","C","not_found_after_normalization","",""
"hzi6Xkjlo3MCAVXhYfv7","UK67158","","108.98","","israel-judaica","","C","not_found_after_normalization","",""
"i0khR6OFNMktIJAp0y6m","UK83930","כלי מיני בשמים ""עם פרחים"" מקריסטל עם מכסה 4X6 ס""מ","71.92","יודאיקה","israel-judaica","https://www.israel-judaica.com/index.php?option=com_art&view=product&sku=UK83930&lang=he","C","not_found_after_normalization","",""
"i4tCNgblB160xLq3hazc","UK16672","כיפה סרוגה 16 ס""מ לבן עם ריקמה ""שמע ישראל"" כסף","19.47","כיפות","israel-judaica","","C","not_found_after_normalization","",""
"i99nHviMqXeissN6ut7a","UK16355","כיפה סרוגה 17 ס""מ שחור מחורר","14.97","כיפות","israel-judaica","","C","not_found_after_normalization","",""
"iAO6JSzKjPBTzUJ6STBy","UK81293","נר הבדלה צבעוני ומהודר 15 ס""מ","26.14","יודאיקה","israel-judaica","https://www.israel-judaica.com/index.php?option=com_art&view=product&sku=UK81293&lang=he","C","not_found_after_normalization","",""
"iDUBJY6rkyc8LDTnlez9","UK11229","כיפה סרוגה דגמים מעורבים - רקע לבן - 18 ס""מ - 24 יח","17.97","כיפות","israel-judaica","","C","not_found_after_normalization","",""
"iGN8oJu5CsULUKbfhRFh","UK15633","(כמו 16412) כיפה קטיפה פלוש שחורה 6 חלקים גו","20.97","כיפות","israel-judaica","","C","not_found_after_normalization","",""
"iGkOKWgaO0kk4BM831hv","UK18162","כיפה ד.מ.צ. לבן איכותי קשיח 16 ס""מ","47.94","כיפות","israel-judaica","","C","not_found_after_normalization","",""
"iZJARtaPjEtUf8wHfJ6M","UK67000","","152.58","","israel-judaica","","C","not_found_after_normalization","",""
"idcnM83yc7q9GRu7PWmr","UK11209","כיפה סרוגה 19 ס""מ לבן מחורר - 12 יח","17.97","כיפות","israel-judaica","","C","not_found_after_normalization","",""
"ioiBBj0tnzqaqWEA709q","UK17521","כיפה קטיפה ""ארט מן"" עם ריקמה אותיות גודל 4 - כחול כהה","30.5","כיפות","israel-judaica","","C","not_found_after_normalization","",""
"iouoXWmcAfD5rTmsKcd0","UK19245","כיפה קטיפה ""ארט מן"" עם ריקמה אותיות גודל 4 - ירוק בהיר","30.5","כיפות","israel-judaica","","C","not_found_after_normalization","",""
"j0ycNiYFhnPnyNzSOywX","UK10335","כיפה טרילין גודל 4 עם אותיות בולטות כסף ""יחי אדוננו..""","47.94","כיפות","israel-judaica","","C","not_found_after_normalization","",""
"jD2KFpXlwyhQwSsmp4Mv","UK17003","כיפה פריק 21 ס""מ לבן חלק","20.97","כיפות","israel-judaica","","C","not_found_after_normalization","",""
"jPWrjLsJNEpLZHipHvr4","UK17903","כיפה פריק לבן ""נחמן מאומן"" 19.5 ס""מ","23.97","כיפות","israel-judaica","","C","not_found_after_normalization","",""
"jpwQWxAHn8ab5UB4mUde","UK17941","כיפה פשתן עם רקמה 19 ס""מ","23.97","כיפות","israel-judaica","","C","not_found_after_normalization","",""
"jqN57H0VTfn3a9tAzuCS","UK16294","כיפה לבנה סטן פס כסף 17 ס""מ","5.07","כיפות","israel-judaica","","C","not_found_after_normalization","",""
"k33S227FJAQAm8uhsDEW","UK19872","כיפת קטיפה שחורה 1/4 בד מעוטר גודל 4 - 20 ס""מ","8.97","כיפות","israel-judaica","","C","not_found_after_normalization","",""
"k6glTlUHpHzSjQK9iM46","UK18966","כיפה דמוי עור ארטמן שחור 17 ס""מ","26.14","כיפות","israel-judaica","","C","not_found_after_normalization","",""
"k7NfNzJJGJiNzK3UJwHb","UK18254","כיפה סרוגה 16 ס""מ כחול עם רקמה כסף מגן דוד","19.47","כיפות","israel-judaica","","C","not_found_after_normalization","",""
"k806CoAj9Bt82WgDmWEi","UK14940","כיפה קטיפה ""ארט-מן"" עם ריקמה בבא סאלי גודל 4 - א","39.22","כיפות","israel-judaica","","C","not_found_after_normalization","",""
"kBaPBltsr6qIAr0BpCW9","UK16175","כיפת קטיפה שחורה 1/4 נצנץ ברונזה גודל 3 - 19 ס""","8.97","כיפות","israel-judaica","","C","not_found_after_normalization","",""
"kJaSaUZwkgJwZkLyQoCN","UK67312","","108.98","","israel-judaica","","C","not_found_after_normalization","",""
"kNFhlwtpeIDJY4pNkElj","UK11885","כיפה טרלין גודל 22 סמ רקמה ""יחי אדוננו..""","29.97","כיפות","israel-judaica","","C","not_found_after_normalization","",""
"kNZROtH1hIHh4BYJBQae","UK67380","","108.98","","israel-judaica","","C","not_found_after_normalization","",""
"kO9JSFyBxGRor2abJSX9","UK19106","כיפה קטיפה ""ארט-מן"" כחולה 6 חלקים עם סרט גודל 2","29.97","כיפות","israel-judaica","","C","not_found_after_normalization","",""
"kOmPg6CsWO88Z3LFENzA","UK18262","כיפה בד ארטמן כחול כהה 19 ס""מ","29.97","כיפות","israel-judaica","","C","not_found_after_normalization","",""
"kWV4mWx1DWZIjS0SBQrC","UK16352","כיפה סרוגה 15 ס""מ לבן מחורר","14.97","כיפות","israel-judaica","","C","not_found_after_normalization","",""
"ke4Nr6nHgmuTplmXwnMz","UK10304","כיפה פריק 23 ס""מ גוונים","23.97","כיפות","israel-judaica","","C","not_found_after_normalization","",""
"keAuBTGiqdnAaUmTrvIb","UK15019","כיפה קטיפה ""ארט-מן"" 17 ס""מ - כחול","26.14","כיפות","israel-judaica","","C","not_found_after_normalization","",""
"kfNPcURiRj7ApsEkUvgL","UK10192","כיפה קטיפה ""ארט-מן"" עם ריקמה יברכך גודל 4 - לבן","39.22","כיפות","israel-judaica","","C","not_found_after_normalization","",""
"ku1xrxJr3Sboz15rJYi9","UK17387","כיפה סרוגה שטיח 20 ס""מ כחול לבן ואפור","17.97","כיפות","israel-judaica","","C","not_found_after_normalization","",""
"kwal9M1exqQPFrPtaLMl","UK82457","סט הבדלה קריסטל שקוף עם פלקטה מגש מסתובב 20סמ","376.18","יודאיקה","israel-judaica","https://www.israel-judaica.com/index.php?option=com_art&view=product&sku=UK82457&lang=he","C","not_found_after_normalization","",""
"l1tpn5nqJFpqAz8WP0Cw","UK42148","כלי לבשמים מקריסטל עם פלקטה ""ירושלים"" 8.5X5 ס""מ עם","108.98","יודאיקה","israel-judaica","https://www.israel-judaica.com/index.php?option=com_art&view=product&sku=UK42148&lang=he","C","not_found_after_normalization","",""
"lMeseeEIGWYW1CtQzg8X","UK10136","כיפה פריק 22 ס""מ פסים חום תכלת ושחור","23.97","כיפות","israel-judaica","","C","not_found_after_normalization","",""
"lVGPbNycs1TOkjlxwGU6","UK10107","כיפה בוכרית גודל 60 ס""מ - צבעים שונים","23.96","כיפות","israel-judaica","","C","not_found_after_normalization","",""
"ldK3UhLUZU7VSLiEpKJo","UK67382","","108.98","","israel-judaica","","C","not_found_after_normalization","",""
"lhUdF6ikSCCM7qpM8uz1","UK81770","סט הבדלה מהודר מקריסטל עם פלקטה 20 ס""מ","376.18","יודאיקה","israel-judaica","https://www.israel-judaica.com/index.php?option=com_art&view=product&sku=UK81770&lang=he","C","not_found_after_normalization","",""
"lj8Uv3MIg6Z5pLtv5iwH","UK11308","כיפה קטיפה ""ארט-מן"" עם אותיות בולטות בבא סאלי גודל 4 - שחור","43.58","כיפות","israel-judaica","","C","not_found_after_normalization","",""
"lxWTK1MWzgdp1Z0GmSSc","UK80648","כלי לנר הבדלה מקריסטל עם פלקטה ""ירושלים"" 13 ס""מ","119.88","יודאיקה","israel-judaica","https://www.israel-judaica.com/index.php?option=com_art&view=product&sku=UK80648&lang=he","C","not_found_after_normalization","",""
"m1FIlJSvRJot7sNk1bN0","UK11548","כיפה DMC סריגה ישראלית חלק שחור 14-16 ס""מ אין החזרת סחורה","65.38","כיפות","israel-judaica","","C","not_found_after_normalization","",""
"m7ZLJQANJLoJtj3MvM1I","UK18932","כיפה קטיפה ארטמן שחורה 4 חלקים עם סרט 16 ס""מ","26.14","כיפות","israel-judaica","","C","not_found_after_normalization","",""
"m8mKGQ75e6no31rt8RXb","UK19097","כיפה קטיפה ארטמן כחולה 4 חלקים עם סרט גודל 5","29.97","כיפות","israel-judaica","","C","not_found_after_normalization","",""
"mF2iBjQ7gjmQwso8KB6a","UK14951","כיפה קטיפה ""ארט-מן"" עם ריקמה מגן דוד גודל 4 - כחול כהה","39.22","כיפות","israel-judaica","","C","not_found_after_normalization","",""
"mKimBSqA3nQCLgoh0q46","UK81547","כלי לבשמים מאקריליק נצנצים כסף 8 ס""מ","71.92","יודאיקה","israel-judaica","https://www.israel-judaica.com/index.php?option=com_art&view=product&sku=UK81547&lang=he","C","not_found_after_normalization","",""
"mQOFZUBqWfuY8GeDdurM","UK19031","כיפה עור בד ארטמן אפור בהיר 15 ס""מ","23.97","כיפות","israel-judaica","","C","not_found_after_normalization","",""
"mZtG1mvNrlo3QlvZVMeq","UK52912","סיכות לכיפה צבע כסף בליסטר 12 יח` חזקות מאוד","5.97","כיפות","israel-judaica","","C","not_found_after_normalization","",""
"maYD64OXyLuWHA1kaoAc","UK17678","כיפה פריק אפור כהה עם חורים 24 ס""מ","23.97","כיפות","israel-judaica","","C","not_found_after_normalization","",""
"mqBQYxlPmJgLpewH8h61","UK15623","כיפה קטיפה פלוש שחורה 4 חלקים גודל 6 22 ס""מ עם","20.97","כיפות","israel-judaica","","C","not_found_after_normalization","",""
"mtiDt0wN19DZNlhI561F","UK15397","כיפה קטיפה ""ארט-מן"" 19 ס""מ - ירוק","26.14","כיפות","israel-judaica","","C","not_found_after_normalization","",""
"murRcgWWtwzrrQY09vqj","UK51675","","196.18","","israel-judaica","","C","not_found_after_normalization","",""
"n1dHMkq7h9HmBIjopHRF","UK11017","כיפה פריק 24 ס""מ שחור ""נחמן מאומן""","23.97","כיפות","israel-judaica","","C","not_found_after_normalization","",""
"nLGMmQl1OHSkhLHmJVFQ","UK10301","כיפה ארטמן קטיפה חום רקמה שמע ישראל גודל 3","39.22","כיפות","israel-judaica","","C","not_found_after_normalization","",""
"nLQDiFsklNzEfizrWPxO","UK10363","כיפה קטיפה ""ארט-מן"" עם אותיות בולטות הרב יורם אברגל גודל 4 - שחור","43.58","כיפות","israel-judaica","","C","not_found_after_normalization","",""
"nMOi6C9kDbUYVHtbVbG9","UK19918","כיפה בד מהודרת גודל 2 - 17.5 ס""מ","8.97","כיפות","israel-judaica","","C","not_found_after_normalization","",""
"nSk1uQNgQrWXU6bd84nT","UK66466","","152.58","","israel-judaica","","C","not_found_after_normalization","",""
"nSyRZGfYXgdTD2jyM7T2","UK82554","סט הבדלה קריסטל 22X11 ס""מ","353.58","יודאיקה","israel-judaica","https://www.israel-judaica.com/index.php?option=com_art&view=product&sku=UK82554&lang=he","C","not_found_after_normalization","",""
"nVFtniFbZh7JG39PYMF1","UK18313","כיפה סטן לבן ""עיטורים"" 17 ס""מ","6.87","כיפות","israel-judaica","","C","not_found_after_normalization","",""
"nWAXxwY1QJak0X7p87yW","UK19107","כיפה קטיפה ""ארט-מן"" כחולה 6 חלקים עם סרט גודל 3","29.97","כיפות","israel-judaica","","C","not_found_after_normalization","",""
"nbBwZ6kWz4fTnjhLDNjV","UK17589","כיפה פריק 21 ס""מ לבן פסים תכלת","23.97","כיפות","israel-judaica","","C","not_found_after_normalization","",""
"ncBsPKPnIRf2kEXYLIHP","UK18193","כיפה ד.מ.צ. שחור עם פס אפור 20 ס""מ","63.2","כיפות","israel-judaica","","C","not_found_after_normalization","",""
"ncxUj4y8Cs1cA9QXZvJi","UK19158","כיפה פריק 26 ס""מ גוונים","26.97","כיפות","israel-judaica","","C","not_found_after_normalization","",""
"nh7tIpdDUrelt3564Bop","UK16353","כיפה סרוגה 17 ס""מ לבן מחורר","14.97","כיפות","israel-judaica","","C","not_found_after_normalization","",""
"nvT6Zvna16OEZL7umdtj","UK10188","כיפה קטיפה ""ארט-מן"" עם ריקמה יחי אדוננו גודל 4 - לבן","39.22","כיפות","israel-judaica","","C","not_found_after_normalization","",""
"oAtmLXhrw8ZL3hsKhbi6","UK16039","כיפה ירושלמית לבן חלק 22 ס""מ","26.97","כיפות","israel-judaica","","C","not_found_after_normalization","",""
"oI1yEGc1vMjsvWvrJLX3","UK00323","כיפה סטן לבן ""מעויינים"" 16 ס""מ","6.87","כיפות","israel-judaica","","C","not_found_after_normalization","",""
"oJ9ci0JFsCVh0HJS6S8Z","UK10098","כיפה ארטמן קטיפה בבא סאלי כחול רקמה זהב גודל 4","39.22","כיפות","israel-judaica","","C","not_found_after_normalization","",""
"oYCufJBf0SpSR8wgMpBm","UK19857","כיפת קטיפה שחורה 1/4 משובץ גודל 3 - 19 ס""מ","8.97","כיפות","israel-judaica","","C","not_found_after_normalization","",""
"oZ0qPl5sPmHGp83FOYIR","UK80472","כלי לבשמים מקריסטל עם פלקטה ""עיטור"" 8X6 ס""מ","108.98","יודאיקה","israel-judaica","https://www.israel-judaica.com/index.php?option=com_art&view=product&sku=UK80472&lang=he","C","not_found_after_normalization","",""
"oaQY00ANnN1bTNeTZ3nM","UK16295","כיפה סרוגה 16 ס""מ לבן עם ריקמה כסף ""אין עוד מלבדו""","23.97","כיפות","israel-judaica","","C","not_found_after_normalization","",""
"obbim4VQwEKN01YjJdGS","UK14948","כיפה קטיפה ""ארט-מן"" עם ריקמה מגן דוד גודל 4 - א","39.22","כיפות","israel-judaica","","C","not_found_after_normalization","",""
"of8aUwzWVuexfFMvtrGh","UK16357","כיפה סרוגה 17 ס""מ שחור מסביב פס כסף","14.97","כיפות","israel-judaica","","C","not_found_after_normalization","",""
"ogzRLrj58SzIvcoIcTed","UK15695","כיפה טרילין שחור 21 ס""מ מס 6 - 6 חלקים","19.47","כיפות","israel-judaica","","C","not_found_after_normalization","",""
"oi2syTrvKKJKFI6fHlUs","UK81082","סט הבדלה מהודר קריסטל עם מגש 34x15 ס""מ","356.38","יודאיקה","israel-judaica","https://www.israel-judaica.com/index.php?option=com_art&view=product&sku=UK81082&lang=he","C","not_found_after_normalization","",""
"oo2KR7U3UBGzpZ9e4a17","UK10520","כיפה קטיפה ""ארט-מן"" עם אותיות בולטות זהב ""בבא סאלי"" גודל 4 - שחור","43.58","כיפות","israel-judaica","","C","not_found_after_normalization","",""
"ovELvzu6RsVBPDNeD30D","UK48864","","54.48","","israel-judaica","","C","not_found_after_normalization","",""
"pEmy4D4CtCR6DDNb2jnP","UK16394","כיפה ""מופת"" קטיפה שחורה גודל 3 19 ס""מ - 6 חלקים ללא סרט","11.97","כיפות","israel-judaica","","C","not_found_after_normalization","",""
"pM6vmhZJ6EgSHiuN0VX1","UK83142","סט פולימר מגש להדלקת נרות וזוג פמוטים מהודרים","239.78","שבת","israel-judaica","https://www.israel-judaica.com/index.php?option=com_art&view=product&sku=UK83142&lang=he","C","not_found_after_normalization","",""
"pQH89t2LP3K0Syr2xfsl","UK55810","כלי עם מיני בשמים ""עם פרחים"" מקריסטל עם פלקטה 8X6 ס""מ","108.98","יודאיקה","israel-judaica","https://www.israel-judaica.com/index.php?option=com_art&view=product&sku=UK55810&lang=he","C","not_found_after_normalization","",""
"pc7AtNS83yyPdNhZVY2K","UK40660","סט הבדלה 4 חלקים מהגוני + 3 רגליים","356.38","יודאיקה","israel-judaica","https://www.israel-judaica.com/index.php?option=com_art&view=product&sku=UK40660&lang=he","C","not_found_after_normalization","",""
"plCl2ogsLu8aZXJC3lOP","UK19094","כיפה קטיפה ארטמן כחולה 4 חלקים עם סרט גודל 2","29.97","כיפות","israel-judaica","","C","not_found_after_normalization","",""
"plmYTewzmxR8lq2kCN3s","UK18196","כיפה ד.מ.צ. שחור עם פס כחול 20 ס""מ","63.2","כיפות","israel-judaica","","C","not_found_after_normalization","",""
"q2EM29sUNuLzWkId3YnC","UK10283","כיפה קטיפה ""ארט-מן"" עם ריקמה רבי שמעון גודל 3 - ורוד","39.22","כיפות","israel-judaica","","C","not_found_after_normalization","",""
"q40yXvCvnAEDZNCXMrJ8","UK53322","""כיפהאייר"" סיכה לכיפה עם דבק דו צדדי","5.97","כיפות","israel-judaica","","C","not_found_after_normalization","",""
"qG7IikfFKNsoBNsTZv8i","UK18158","כיפה ד.מ.צ. לבן עם פס שחור איכותי קשיח 18 ס""מ","61.02","כיפות","israel-judaica","","C","not_found_after_normalization","",""
"qJIyIJ4g9tNDy8itdINI","UK11010","כיפה קטיפה ""ארט-מן"" עם אותיות בולטות זהב ""יברכך"" גודל 4 - שחור","43.58","כיפות","israel-judaica","","C","not_found_after_normalization","",""
"qJRkmLHIqAF5zfz8abFQ","UK10303","כיפה ארטמן קטיפה ירוק בהיר רקמה רבי שמעון בר יוחאי גודל 3","39.22","כיפות","israel-judaica","","C","not_found_after_normalization","",""
"qacq7SgYdWo0AvGOhUJE","UK17161","כיפה סטן לבן 19 ס""מ עם עיטור ריקמה","8.97","כיפות","israel-judaica","","C","not_found_after_normalization","",""
"qcGTjNpP2eoqyxM6Ns4L","UK11889","כיפה סטן לבן 18 ס""מ","3.57","כיפות","israel-judaica","","C","not_found_after_normalization","",""
"qywoNMYACAVzFEuNZYQC","UK18967","כיפה דמוי עור ארטמן שחור 19 ס""מ","26.14","כיפות","israel-judaica","","C","not_found_after_normalization","",""
"qzXGSMCQewGwl3K50gIi","UK16301","כיפה לבנה סרוגה 17 ס""מ חוט עבה פס כסף","14.97","כיפות","israel-judaica","","C","not_found_after_normalization","",""
"r5kvN7PbnIOoLKFZfNOQ","UK19309","כיפה קטיפה ""ארט-מן"" עם ריקמה האש שלי גודל 4 - כחול","39.22","כיפות","israel-judaica","","C","not_found_after_normalization","",""
"r7jV81KlAujVxslYHVpU","UK16395","כיפה ""מופת"" קטיפה שחורה גודל 4 20 ס""מ - 6 חלקים ללא סרט","11.97","כיפות","israel-judaica","","C","not_found_after_normalization","",""
"r85Gl2xGEjH0YmxEoFuC","UK15463","כיפה טרילין ""ארט מן"" שחור גודל 4 - 6 חלקים","29.97","כיפות","israel-judaica","","C","not_found_after_normalization","",""
"r89qO1W9BcRuRM7f4co1","UK16293","כיפה קטיפה פלוש שחורה 4 חלקים גודל 8 24 ס""מ ללא סרט","11.97","כיפות","israel-judaica","","C","not_found_after_normalization","",""
"rG8mrtydu0nHNfuIb878","UK15989","כיפה בד מהודרת - כחול - גודל 4 - 19 ס""מ","19.47","כיפות","israel-judaica","","C","not_found_after_normalization","",""
"rLH2w0nCyX0GskgYVYtE","UK10432","כיפה קטיפה ""ארט-מן"" עם אותיות בולטות זהב ""יחי אדוננו..""גודל 4 - שחור","47.94","כיפות","israel-judaica","","C","not_found_after_normalization","",""
"rSPi5nOo4FDlNkfuzubN","UK16362","כיפה סרוגה 15 ס""מ שחור מסביב פס אפור","14.97","כיפות","israel-judaica","","C","not_found_after_normalization","",""
"rUANqwvHJWqsyT9Lvmix","UK10257","כיפה קטיפה ""ארט-מן"" עם ריקמה בבא סאלי גודל 3 - כחול כהה","39.22","כיפות","israel-judaica","","C","not_found_after_normalization","",""
"ra4rdiIhwCXai3RiFdwx","UK16673","כיפה סרוגה 16 ס""מ עם רקמה כסף דגל ישראל","19.47","כיפות","israel-judaica","","C","not_found_after_normalization","",""
"rbFtIYGGmQJx64PYTDhL","UK19150","כיפה עור ""ארטמן"" 15 ס""מ כחול","23.97","כיפות","israel-judaica","","C","not_found_after_normalization","",""
"rhSkA91F1aV2Ghe7qg5M","UK10137","כיפה פריק 22 ס""מ גוונים מהודרת","23.97","כיפות","israel-judaica","","C","not_found_after_normalization","",""
"ri3krAgtRVERAIUYEiDy","UK19686","כיפה קטיפה ""ארט-מן"" עם ריקמה יחי אדוננו גודל 4 - י","39.22","כיפות","israel-judaica","","C","not_found_after_normalization","",""
"rm9Bh5vGbWoEfGSACNXB","UK16360","כיפה סרוגה 15 ס""מ שחור מסביב פס כחול","14.97","כיפות","israel-judaica","","C","not_found_after_normalization","",""
"rsY9w7AAeVwxVkQeAVTA","UK10039","כיפה ארטמן קטיפה נחמן אפור עם רקמה כסף גודל 4","39.22","כיפות","israel-judaica","","C","not_found_after_normalization","",""
"s1CSZo3kRwxlX6NyXp8o","UK50088","מחזיק גפרורים אקריליק זהב שוכב","80.64","שבת","israel-judaica","https://www.israel-judaica.com/index.php?option=com_art&view=product&sku=UK50088&lang=he","C","not_found_after_normalization","",""
"s7aLEIaKaTXrnjsuQYIR","UK80672","כלי עם מיני בשמים ""עם פרחים"" מקריסטל עם מכסה 4X6 ס""מ","71.92","יודאיקה","israel-judaica","https://www.israel-judaica.com/index.php?option=com_art&view=product&sku=UK80672&lang=he","C","not_found_after_normalization","",""
"sGwiVrUxzpSpJbuVtScs","UK10049","כיפה ארטמן קטיפה נחמן כחולה כהה עם רקמה כסף גודל 4","39.22","כיפות","israel-judaica","","C","not_found_after_normalization","",""
"sLo8id02MS1J9DSQHTMD","UK11264","כיפה DMC סריגה ישראלית חלק עם פס 18 ס""מ אין החז","80.64","כיפות","israel-judaica","","C","not_found_after_normalization","",""
"sN4dH2axbXctK4hjK7Gd","UK00480","כיפה סטן בצבע כסף","4.17","כיפות","israel-judaica","","C","not_found_after_normalization","",""
"sNy2sYhWHvIoU18YpZjE","UK19685","כיפה קטיפה ""ארט-מן"" עם ריקמה יחי אדוננו גודל","39.22","כיפות","israel-judaica","","C","not_found_after_normalization","",""
"sXNz1yst3P3adjgfoeNC","UK82238","סט הבדלה מגש מסתובב קריסטל זהב","356.38","יודאיקה","israel-judaica","https://www.israel-judaica.com/index.php?option=com_art&view=product&sku=UK82238&lang=he","C","not_found_after_normalization","",""
"sjXnd20FadjFmfPJ65I5","UK55590","כלי לבשמים מקריסטל עם פלקטה ""עיטור"" 8.55 ס""מ עם פרחים","108.98","יודאיקה","israel-judaica","https://www.israel-judaica.com/index.php?option=com_art&view=product&sku=UK55590&lang=he","C","not_found_after_normalization","",""
"su4Kk26tuqy2EMz9gegj","UK19013","כיפה פריק 21 ס""מ גוונים כחול כהה אפור תכלת","23.97","כיפות","israel-judaica","","C","not_found_after_normalization","",""
"suusMqhP6F5Pg1hEfNSC","UK10293","כיפה קטיפה ""ארט-מן"" עם ריקמה הרב יורם אברגל גודל 3 - זהב","39.22","כיפות","israel-judaica","","C","not_found_after_normalization","",""
"szzA5E3eEUgxKHeViRwe","UK19682","כיפה קטיפה ""ארט-מן"" עם ריקמה יחי אדוננו גודל","39.22","כיפות","israel-judaica","","C","not_found_after_normalization","",""
"t2DXgFqXxl6eYlBOqFDB","UK19160","כיפה פריק 24 ס""מ גוונים","23.97","כיפות","israel-judaica","","C","not_found_after_normalization","",""
"t3k6Gn0FivkbUFbhyVc7","UK10435","כיפה קטיפה ""ארט-מן"" עם אותיות בולטות כסף ""יחי אדוננו..""גודל 4 - אפור בהיר","47.94","כיפות","israel-judaica","","C","not_found_after_normalization","",""
"tG40EjRKkSHb9KYQXwTx","UK18309","כיפה פריק כחול ""נחמן מאומן"" 24 ס""מ","23.97","כיפות","israel-judaica","","C","not_found_after_normalization","",""
"tKc9L673XPxFBR1vRsvv","UK14558","כיפה בד מהודרת שחור 19 ס""מ","8.97","כיפות","israel-judaica","","C","not_found_after_normalization","",""
"tcNpXxVqFtnVxiJtRtGk","UK80647","כלי לבשמים מקריסטל עם פלקטה 8X6 ס""מ","108.98","יודאיקה","israel-judaica","https://www.israel-judaica.com/index.php?option=com_art&view=product&sku=UK80647&lang=he","C","not_found_after_normalization","",""
"tfodocFXDZQgff7cZZcd","UK11110","כיפה סרוגה 20 ס""מ לבן חלק - 12 יח","17.97","כיפות","israel-judaica","","C","not_found_after_normalization","",""
"tgdWIHNANL4rNqhJvSez","UK81704","נר הבדלה צבע כסף ומהודר 16 ס""מ","43.58","יודאיקה","israel-judaica","https://www.israel-judaica.com/index.php?option=com_art&view=product&sku=UK81704&lang=he","C","not_found_after_normalization","",""
"trz8jgBnPh80frybZ6UL","UK11219","כיפה סרוגה 17 ס""מ שחור מחורר - 12 יח","17.97","כיפות","israel-judaica","","C","not_found_after_normalization","",""
"tsqRgjsf6zWzF01J7C4P","UK11255","כיפה DMC סריגה ישראלית דוגמת שטיח 14-16 ס""מ אין החזרת סחורה","65.38","כיפות","israel-judaica","","C","not_found_after_normalization","",""
"u4LxC6L1jctbNyolmFX8","UK15396","כיפה קטיפה ""ארט-מן"" 17 ס""מ - ירוק","26.14","כיפות","israel-judaica","","C","not_found_after_normalization","",""
"uCAWGoVpQz6AXNSJWDFc","UK19033","כיפה עור ארטמן חום 15 ס""מ","23.97","כיפות","israel-judaica","","C","not_found_after_normalization","",""
"uKL4z1Pt9aWTlisBz7MX","UK14537","כיפה מהודרת משי פשתן תכלת בהיר 19 ס""מ","8.97","כיפות","israel-judaica","","C","not_found_after_normalization","",""
"uWSuIHeVptEwsjsfe7A4","UK19681","כיפה קטיפה ""ארט-מן"" עם ריקמה יחי אדוננו גודל","39.22","כיפות","israel-judaica","","C","not_found_after_normalization","",""
"uirOkxE6zYruL5nGxK1t","UK40819",".כלי לבשמים מקריסטל עם פלקטה ""ירושלים"" 8X6 ס""מ","108.98","יודאיקה","israel-judaica","https://www.israel-judaica.com/index.php?option=com_art&view=product&sku=UK40819&lang=he","C","not_found_after_normalization","",""
"uqNRlqYA54rwHCVUca2x","UK40822","כלי לנר הבדלה מקריסטל עם פלקטה ""אורנמנטים"" 13 ס""מ","119.88","יודאיקה","israel-judaica","https://www.israel-judaica.com/index.php?option=com_art&view=product&sku=UK40822&lang=he","C","not_found_after_normalization","",""
"uxErXgE5mphmXwLMZk62","UK80693","","119.88","","israel-judaica","","C","not_found_after_normalization","",""
"v07ScCUFpkj4OWMdJtxe","UK10016","כיפה סרוגה 16 ס""מ שחורה עם ריקמה ""בבא סאלי"" כסף","23.97","כיפות","israel-judaica","","C","not_found_after_normalization","",""
"v5nbPPJq9jzmA71p27BM","UK11230","כיפה סרוגה דגמים מעורבים - רקע שחור - 16 ס""מ - 24 יח","16.47","כיפות","israel-judaica","","C","not_found_after_normalization","",""
"vFc3xAEk9WDOITgRjx17","UK10358","כיפה קטיפה ""ארט-מן"" עם אותיות בולטות האש שלי גודל 4 - שחור","43.58","כיפות","israel-judaica","","C","not_found_after_normalization","",""
"vGUWbuyEOaRS6qNRH3nW","UK18191","כיפה ד.מ.צ. לבן עם פס שחור 20 ס""מ","39.22","כיפות","israel-judaica","","C","not_found_after_normalization","",""
"vGcpNU7OE2mat09COIDp","UK51564","","108.98","","israel-judaica","","C","not_found_after_normalization","",""
"vGlRexlbWJ7yjYQvVe9M","UK10516","כיפה קטיפה ""ארט-מן"" עם אותיות בולטות זהב ""יברכך"" גודל 4 - שחור","43.58","כיפות","israel-judaica","","C","not_found_after_normalization","",""
"vKBLos2aBwHVXVnJDPxU","UK49220","כלי לבשמים מקריסטל עם פלקטה ""ירושלים"" 8X6 ס""מ","87.18","יודאיקה","israel-judaica","https://www.israel-judaica.com/index.php?option=com_art&view=product&sku=UK49220&lang=he","C","not_found_after_normalization","",""
"vNfsA3rbiZ9qawJFQZ3C","UK11220","כיפה סרוגה 19 ס""מ שחור מחורר - 12 יח","17.97","כיפות","israel-judaica","","C","not_found_after_normalization","",""
"vS6CZGfwc6jno4CU1Do2","UK15465","כיפה טרילין ""ארט מן"" שחור גודל 6 - 6 חלקים","29.97","כיפות","israel-judaica","","C","not_found_after_normalization","",""
"vVJcWgrbshu8BVpnSOe5","UK11252","כיפה DMC סריגה ישראלית חלק עם פס 9-11 ס""מ אין החזרת סחורה","43.58","כיפות","israel-judaica","","C","not_found_after_normalization","",""
"vd9ki6RIMy3iLNZwOn8o","UK18937","כיפה קטיפה ארטמן שחורה 4 חלקים עם סרט 21 ס""מ","26.14","כיפות","israel-judaica","","C","not_found_after_normalization","",""
"vpjsawRHnXG5vzllTy6P","UK18214","כיפה ד.מ.צ. כחול כהה 18 ס""מ","61.02","כיפות","israel-judaica","","C","not_found_after_normalization","",""
"vra6m9fibJ0qYQGtJ9QH","UK17715","כיפה אולטרא סוויד שחור 19 ס""מ ""מגן דויד"" כסף ומ","26.14","כיפות","israel-judaica","","C","not_found_after_normalization","",""
"w6BFFpSHJRvbVvfGJA8N","UK53122","סיכות לכיפה צבע שחור בליסטר 12 יח` חזקות מאוד","5.97","כיפות","israel-judaica","","C","not_found_after_normalization","",""
"wCD5FFJS8itQ9doJXdPs","UK12459","כיפה סרוגה 17 ס""מ מחורר לבן פסי כסף","14.97","כיפות","israel-judaica","","C","not_found_after_normalization","",""
"wP2LgsGXvaRw7Yh5nkcd","UK10103","כיפה בוכרית גודל 50 ס""מ - צבעים שונים","23.96","כיפות","israel-judaica","","C","not_found_after_normalization","",""
"wUlqdPIUQRKB4Ihe5kUa","UK18204","כיפה ד.מ.צ. אפור 16 ס""מ","47.94","כיפות","israel-judaica","","C","not_found_after_normalization","",""
"wWiihmQzVrur1Um7aW09","UK81771","כלי לבשמים מקריסטל פלקטה ירושלים עם תערובת פרחי","108.98","יודאיקה","israel-judaica","https://www.israel-judaica.com/index.php?option=com_art&view=product&sku=UK81771&lang=he","C","not_found_after_normalization","",""
"wX0NyMd4ETYQid8v8n9J","UK17680","כיפה קטיפה ""ארט מן"" עם ריקמה אותיות גודל 3 - ירוק","30.5","כיפות","israel-judaica","","C","not_found_after_normalization","",""
"wYRgIaRFiTb28vrvtNwQ","UK18964","כיפה סרוגה 16 ס""מ שחורה עם ריקמה ""האש שלי"" זהב","23.97","כיפות","israel-judaica","","C","not_found_after_normalization","",""
"whClK3y1HWAzIAspj5vN","UK18011","כיפה פשתן עם רקמה 19 ס""מ","23.97","כיפות","israel-judaica","","C","not_found_after_normalization","",""
"woMrGfGnJOAhwZreTb9I","UK10515","כיפה קטיפה ""ארט-מן"" עם אותיות בולטות זהב ""האש שלי"" גודל 4 - אופוויט","43.58","כיפות","israel-judaica","","C","not_found_after_normalization","",""
"wvtI7DcilTjUszUY61SG","UK18215","צצ כיפה ד.מ.צ. כחול כהה 16 ס""מ","47.94","כיפות","israel-judaica","","C","not_found_after_normalization","",""
"wxycJp4VH4Zzk5Fn9N4d","UK14959","כיפה קטיפה ""ארט-מן"" עם ריקמה מגן דוד גודל 4 - ירוק בהיר","39.22","כיפות","israel-judaica","","C","not_found_after_normalization","",""
"x0Twnr5WtvJtQPRUyVso","UK89928","","26.14","","israel-judaica","","C","not_found_after_normalization","",""
"x3PkfNnQQtTom9sb3dKp","UK10082","כיפה ארטמן קטיפה ה יתברך אוהב אפור עם רקמה כסף גודל 4","39.22","כיפות","israel-judaica","","C","not_found_after_normalization","",""
"x8FZRK1EPVjhshFU6Ha7","UK15593","כיפה ""מנטש"" קטיפה שחורה גודל 3 19 ס""מ - 4 חלקים עם סרט","11.97","כיפות","israel-judaica","","C","not_found_after_normalization","",""
"xBQrFqkZZpV84gjm9jgH","UK18160","צצ כיפה ד.מ.צ. לבן עם פס כסף 18 ס""מ","61.02","כיפות","israel-judaica","","C","not_found_after_normalization","",""
"xKxkiXd6hTcC2nu2UGtY","UK82794","אשר יצר אשכנזי מלבן אקריליק מסגרת זהב","196.18","יודאיקה","israel-judaica","https://www.israel-judaica.com/index.php?option=com_art&view=product&sku=UK82794&lang=he","C","not_found_after_normalization","",""
"xQSMXk9Fr4woi4hXvTdN","UK17202","כיפה קטיפה ""ארט מן"" עם ריקמה אותיות גודל 4 - כחול","30.5","כיפות","israel-judaica","","C","not_found_after_normalization","",""
"xRdn6BPkOF2H7g5mrHKi","UK48087","עץ הברכות צבעוני לתליה ברכת הבית אנגלית 20X19 ס""מ","43.58","יודאיקה","israel-judaica","https://www.israel-judaica.com/index.php?option=com_art&view=product&sku=UK48087&lang=he","C","not_found_after_normalization","",""
"xSJD91MjjBzS0P86fBXV","UK17394","כיפה ""פריק"" לבן חלק 21 ס""מ","23.97","כיפות","israel-judaica","","C","not_found_after_normalization","",""
"xTwnEcBgEnjGBM3TgkK2","UK15306","כיפה סרוגה 19 ס""מ לבן חלק","14.97","כיפות","israel-judaica","","C","not_found_after_normalization","",""
"xe6PMXBYXvFhcQ3zhiMk","UK19997","כיפה בד מהודרת גודל 2 שטוח - 15.5 ס""מ","8.97","כיפות","israel-judaica","","C","not_found_after_normalization","",""
"xjjHpLgM7h7qRKaH1v2F","UK15522","כיפה בד מהודרת כחול כהה מבריק גודל 4 19 ס""מ","8.97","כיפות","israel-judaica","","C","not_found_after_normalization","",""
"xtvIhWSsAFFXdPrX3h2d","UK82705","נטלה ""במבוק עבה"" עם הדפסה ""נטילת ידים"" 14 ס""מ","26.14","יודאיקה","israel-judaica","https://www.israel-judaica.com/index.php?option=com_art&view=product&sku=UK82705&lang=he","C","not_found_after_normalization","",""
"xy0FXCQKecs4oavhzKr7","UK19683","כיפה קטיפה ""ארט-מן"" עם ריקמה יחי אדוננו גודל 4 - כ","39.22","כיפות","israel-judaica","","C","not_found_after_normalization","",""
"y47ZNDP4QxCAfqtSqFuE","UK19307","כיפה קטיפה ""ארט-מן"" עם ריקמה האש שלי גודל 4 - כחול","43.58","כיפות","israel-judaica","","C","not_found_after_normalization","",""
"y65EcxGSYlQ7SxesHbkH","UK81812","מגש אקריליק להבדלה 25 ס""מ","152.58","יודאיקה","israel-judaica","https://www.israel-judaica.com/index.php?option=com_art&view=product&sku=UK81812&lang=he","C","not_found_after_normalization","",""
"yCc0pEy9wjAnGGB2GNSd","UK40068","נטלה מהודרת מפולימר 14 ס""מ","119.88","יודאיקה","israel-judaica","https://www.israel-judaica.com/index.php?option=com_art&view=product&sku=UK40068&lang=he","C","not_found_after_normalization","",""
"yGu8VBEd5LJCDoN3pR3G","UK19222","כיפה ""פריק"" 21 ס""מ פסים סגול ולבן","23.97","כיפות","israel-judaica","","C","not_found_after_normalization","",""
"yR5Q0uqivzjcviSTjcok","UK18934","כיפה קטיפה ארטמן שחורה 4 חלקים עם סרט 18 ס""מ","26.14","כיפות","israel-judaica","","C","not_found_after_normalization","",""
"yR7L78pwwUphpXzvqDBE","UK81813","מגש אקריליק להבדלה 25 ס""מ","152.58","יודאיקה","israel-judaica","https://www.israel-judaica.com/index.php?option=com_art&view=product&sku=UK81813&lang=he","C","not_found_after_normalization","",""
"yW3rFN3JxK8p3AnaNg9j","UK15624","(כמו 16409) כיפה קטיפה פלוש שחורה 4 חלקים גו","20.97","כיפות","israel-judaica","","C","not_found_after_normalization","",""
"yl9M6H6Jrd8SyQho7ssX","UK16457","כיפה סרוגה 16 ס""מ לבן 6 מגיני דוד כסף","19.47","כיפות","israel-judaica","","C","not_found_after_normalization","",""
"z4Io5AxvminLerurTcFA","UK10360","כיפה קטיפה ""ארט-מן"" עם אותיות בולטות רבי מאיר גודל 4 - שחור","43.58","כיפות","israel-judaica","","C","not_found_after_normalization","",""
"zDqO40uNR9xt94q8suoY","UK16035","כיפה סטן לבנה 19 ס""מ הדפסה כסף ""מזל טוב""","11.97","כיפות","israel-judaica","","C","not_found_after_normalization","",""
"zF1L0X48CiicBWgYDvHr","UK35963","בורא מאורי האש מאקריליק ""אותיות בולטות""","98.08","יודאיקה","israel-judaica","https://www.israel-judaica.com/index.php?option=com_art&view=product&sku=UK35963&lang=he","C","not_found_after_normalization","",""
"zOm9PriEkCI6P9ZXm09N","UK10291","כיפה קטיפה ""ארט-מן"" עם ריקמה הרב יורם אברגל גודל 3 - ורוד","39.22","כיפות","israel-judaica","","C","not_found_after_normalization","",""
"zT4nsjOuxPWEilJvP3zV","UK11888","כיפה סטן לבן 17 ס""מ","3.57","כיפות","israel-judaica","","C","not_found_after_normalization","",""
"zsclOdiJokkoChBt2W2c","UK83142","סט פולימר מגש להדלקת נרות וזוג פמוטים מהודרים","239.78","שבת","israel-judaica","https://www.israel-judaica.com/index.php?option=com_art&view=product&sku=UK83142&lang=he","C","not_found_after_normalization","",""
"22jYez5SJbKueZPLP4cu","X5410","זוג פמוטי קריסטל קוביה בגוון אמבר","130.43","עיצוב הבית","paldinox","https://paldinox.co.il/product/%d7%96%d7%95%d7%92-%d7%a4%d7%9e%d7%95%d7%98%d7%99-%d7%a7%d7%a8%d7%99%d7%a1%d7%98%d7%9c-%d7%a7%d7%95%d7%91%d7%99%d7%94-%d7%aa%d7%97%d7%aa%d7%99%d7%aa-%d7%90%d7%9e%d7%91%d7%a8-6-6-%d7%a1%d7%9e-%d7%92/","C","not_found_after_normalization","",""
"2CCznTA65qXTrixtiCns","X5038EZ","סכין חלה נירוסטה עם ציפוי זהב לשבת והחגים","97.84","יודאיקה","paldinox","https://paldinox.co.il/product/%d7%a1%d7%9b%d7%99%d7%9f-%d7%a0%d7%99%d7%a8%d7%95%d7%a1%d7%98%d7%94-%d7%9c%d7%97%d7%9c%d7%94-%d7%a9%d7%91%d7%aa-%d7%95%d7%99%d7%95%d7%9d-%d7%98%d7%95%d7%91-%d7%a6%d7%99%d7%a4%d7%95%d7%99-%d7%96%d79-3/","C","not_found_after_normalization","",""
"3q4ngBuUklwzvV8WmB62","X3730K","פמוט קריסטל עם כוס","336.98","עיצוב הבית","paldinox","https://paldinox.co.il/product/h61-%d7%a4%d7%9e%d7%95%d7%98-%d7%a7%d7%a8%d7%99%d7%a1%d7%98%d7%9c%d7%9b%d7%95%d7%a1/","C","not_found_after_normalization","",""
"4611cVfyrMfuG6JJHlf5","X5117Z","גביע קידוש עם תחתית קריסטל זהב","119.57","כלי שולחן והגשה","paldinox","https://paldinox.co.il/product/%d7%92%d7%91%d7%99%d7%a2-%d7%a7%d7%99%d7%93%d7%95%d7%a9%d7%aa%d7%97%d7%aa%d7%99%d7%aa-%d7%a7%d7%a8%d7%99%d7%a1%d7%98%d7%9c-%d7%a6%d7%91%d7%a2-%d7%96%d7%94%d7%91-h15d11/","C","not_found_after_normalization","",""
"6sIhGhbOW1rBGyxdaHYX","X875","נטלה מים אחרונים כסף מבריק","152.64","יודאיקה","paldinox","https://paldinox.co.il/product/%d7%9e-%d7%9e%d7%99%d7%9d-%d7%90%d7%97%d7%a8%d7%95%d7%a0%d7%99%d7%9d-%d7%a4%d7%99%d7%9c%d7%92%d7%a8%d7%99%d7%9d-%d7%9e%d7%95%d7%9b%d7%a1%d7%a3/","C","not_found_after_normalization","",""
"8jb10dvjQOmq3MFOHGbv","X5238","פמוט קריסטל 7 קנים – עיצוב מרחיק","541.36","עיצוב הבית","paldinox","https://paldinox.co.il/product/%d7%a4%d7%9e%d7%95%d7%98-7-%d7%a7%d7%a0%d7%99%d7%9d-%d7%a7%d7%a8%d7%99%d7%a1%d7%98%d7%9c-%d7%92%d7%95%d7%91%d7%94-50-42-30-%d7%a1%d7%9e-%d7%a8%d7%95%d7%97%d7%91-40-%d7%a1%d7%9e-%d7%a2%d7%95%d7%9e/","C","not_found_after_normalization","",""
"9VB2gVvgPuBjsmwLheyz","X3052","פמוט 5 קנים בסיס משושה בציפוי כסף","215.23","עיצוב הבית","paldinox","https://paldinox.co.il/product/h23-%d7%a4%d7%9e%d7%95%d7%98-5-%d7%a7%d7%a0%d7%99%d7%9d-%d7%91%d7%a1%d7%99%d7%a1-%d7%9e%d7%a9%d7%95%d7%a9%d7%94-%d7%a6%d7%99%d7%a4%d7%95%d7%99-%d7%9b%d7%a1%d7%a3-%d7%9c%d7%9b%d7%94/","C","not_found_after_normalization","",""
"Afg5x0miN6sQ2ciEhSxr","X4702A","h13.5 נטלה נירו’ אמייל שנהב “נטילת ידיים”","110.94","יודאיקה","paldinox","https://paldinox.co.il/product/h13-5-%d7%a0%d7%98%d7%9c%d7%94-%d7%a0%d7%99%d7%a8%d7%95-%d7%90%d7%9e%d7%99%d7%99%d7%9c-%d7%a9%d7%a0%d7%94%d7%91-%d7%a0%d7%98%d7%99%d7%9c%d7%aa-%d7%99%d7%93%d7%99%d7%99%d7%9d-2/","C","not_found_after_normalization","",""
"AuOdMY2T0ldeCfeZRz7E","X1549S","כוס קידוש זהב וכסף עם פסים ורגל","171.76","כלי שולחן והגשה","paldinox","https://paldinox.co.il/product/%d7%9b%d7%95%d7%a1-%d7%a7%d7%99%d7%93%d7%95%d7%a9-%d7%a8%d7%92%d7%9c-%d7%a4%d7%a1%d7%99%d7%9d-%d7%9b%d7%a1%d7%a3-%d7%96%d7%94%d7%91-%d7%a6%d7%99%d7%a4%d7%95%d7%99-%d7%9c%d7%9b%d7%94/","C","not_found_after_normalization","",""
"BjzQBNvucvkXCRhLctnn","X364J","כוס קידוש מוכסף ירושלים ותחתית","128.27","כלי שולחן והגשה","paldinox","https://paldinox.co.il/product/%d7%9e%d7%9b%d7%95%d7%a1-%d7%a7%d7%99%d7%93%d7%95%d7%a9-%d7%9e%d7%95%d7%9b%d7%a1%d7%a3-%d7%99%d7%a8%d7%95%d7%a9%d7%9c%d7%99%d7%9d%d7%aa%d7%97%d7%aa/","C","not_found_after_normalization","",""
"DZtYGtzidvzfJDfI2k0r","X4990B","קופת צדקה נירוסטה בסגנון ארט דקו שחור וזהב","93.5","יודאיקה","paldinox","https://paldinox.co.il/product/%d7%a7%d7%95%d7%a4%d7%aa-%d7%a6%d7%93%d7%a7%d7%94-%d7%a0%d7%99%d7%a8%d7%95%d7%a1%d7%98%d7%94-art-deco-%d7%a9%d7%97%d7%95%d7%a8-%d7%96%d7%94%d7%91-2/","C","not_found_after_normalization","",""
"DeqWLatnW6fzQQCjGBmf","X3956Z","נטלה אלומיניום עם אבן ירושלמית מוזהבת","115.3","עיצוב הבית","paldinox","https://paldinox.co.il/product/%d7%a0%d7%98%d7%9c%d7%94-%d7%90%d7%9c%d7%95%d7%9e%d7%99%d7%a0%d7%99%d7%95%d7%9d-%d7%a7%d7%99%d7%a9%d7%95%d7%98-%d7%90%d7%91%d7%9f-%d7%99%d7%a8%d7%95%d7%a9%d7%9c%d7%9e%d7%99%d7%aa-%d7%9e%d7%95%d7%96/","C","not_found_after_normalization","",""
"FBlaRd4IgE7cuBUZB8Mo","X874","מלחיה בודדת וכפית מוכספת סגנון פילגרים","80.44","יודאיקה","paldinox","https://paldinox.co.il/product/%d7%9e%d7%9c%d7%97%d7%99%d7%94-%d7%91%d7%95%d7%93%d7%93%d7%aa-%d7%95%d7%9b%d7%a4%d7%99%d7%aa-%d7%a4%d7%99%d7%9c%d7%92%d7%a8%d7%99%d7%9d-%d7%9e%d7%95%d7%9b%d7%a1%d7%a3/","C","not_found_after_normalization","",""
"FwDrQBLhGIUn2LEUc6y2","X874","מלחיה בודדת וכפית פילגרים מוכסף","80.44","יודאיקה","paldinox","https://paldinox.co.il/product/%d7%9e%d7%9c%d7%97%d7%99%d7%94-%d7%91%d7%95%d7%93%d7%93%d7%aa%d7%9b%d7%a4%d7%99%d7%aa-%d7%a4%d7%99%d7%9c%d7%92%d7%a8%d7%99%d7%9d-%d7%9e%d7%95%d7%9b%d7%a1%d7%a3/","C","not_found_after_normalization","",""
"Gt6eKoEJdFfcTmeKK33Y","X5238","פמוט קריסטל 7 קנים – גובה 50 ס""מ","541.36","עיצוב הבית","paldinox","https://paldinox.co.il/product/%d7%a4%d7%9e%d7%95%d7%98-7-%d7%a7%d7%a0%d7%99%d7%9d-%d7%a7%d7%a8%d7%99%d7%a1%d7%98%d7%9c-40-14-2-%d7%92%d7%95%d7%91%d7%94-76-%d7%a1%d7%9e/","C","not_found_after_normalization","",""
"H0lqMCZfj0exkwwhC2Bv","X5296","נטלה אקרילית בגוון כתום הדרגתי","128.34","יודאיקה","paldinox","https://paldinox.co.il/product/%d7%a0%d7%98%d7%9c%d7%94-%d7%90%d7%a7%d7%a8%d7%99%d7%9c%d7%99%d7%aa-%d7%9b%d7%aa%d7%95%d7%9d-%d7%94%d7%93%d7%a8%d7%92%d7%aa%d7%99-%d7%95%d7%99%d7%93%d7%99%d7%95%d7%aa-%d7%a9%d7%a7%d7%95%d7%a4%d7%95/","C","not_found_after_normalization","",""
"Hp9eXysquVfSFgRX107u","BL93818305","פמוט קריסטל EMINENCE","302.21","עיצוב הבית","paldinox","https://paldinox.co.il/product/h30-5-%d7%a4%d7%9e%d7%95%d7%98-%d7%a7%d7%a8%d7%99%d7%a1%d7%98%d7%9c-eminence-2/","C","not_found_after_normalization","",""
"IckwydebaKOhno549Mlv","X526G","מעמד לקיסמים קריסטל ענבר","76.08","יודאיקה","paldinox","https://paldinox.co.il/product/%d7%9e%d7%a2%d7%9e%d7%93-%d7%9c%d7%a7%d7%99%d7%a1%d7%9e%d7%99%d7%9d-%d7%a7%d7%a8%d7%99%d7%a1%d7%98%d7%9c-%d7%9e%d7%a8%d7%95%d7%91%d7%a2-%d7%a2%d7%a0%d7%91%d7%a8-4-4-%d7%a1%d7%9e-%d7%92%d7%95%d7%91/","C","not_found_after_normalization","",""
"In9L75BSS0Lmi9IN7k1G","X3730","סט פמוט וכוס קריסטל","367.42","עיצוב הבית","paldinox","https://paldinox.co.il/product/h71-%d7%a4%d7%9e%d7%95%d7%98-%d7%a7%d7%a8%d7%99%d7%a1%d7%98%d7%9c%d7%9b%d7%95%d7%a1/","C","not_found_after_normalization","",""
"JWZgRZLx5rOHoGxRq68s","X5296","נטלה אקרילית כתום הדרגתי וידיות שקופות","128.34","יודאיקה","paldinox","https://paldinox.co.il/product/%d7%a0%d7%98%d7%9c%d7%94-%d7%90%d7%a7%d7%a8%d7%99%d7%9c%d7%99%d7%aa-%d7%9b%d7%aa%d7%95%d7%9d-%d7%94%d7%93%d7%a8%d7%92%d7%aa%d7%99-%d7%95%d7%99%d7%93%d7%99%d7%95%d7%aa-%d7%a9%d7%a7%d7%95%d7%a4%d7%95-2/","C","not_found_after_normalization","",""
"NCDYigRcAN2BJGpVe2d0","X5116A","כוס קידוש וקעורית קריסטל בציפוי כסף","128.27","כלי שולחן והגשה","paldinox","https://paldinox.co.il/product/%d7%9b%d7%95%d7%a1-%d7%a7%d7%99%d7%93%d7%95%d7%a9-%d7%95%d7%aa%d7%97%d7%aa%d7%99%d7%aa-%d7%a7%d7%a8%d7%99%d7%a1%d7%98%d7%9c-%d7%a6%d7%99%d7%a4%d7%95%d7%99-%d7%9b%d7%a1%d7%a3-%d7%92%d7%95%d7%91%d7%94-3/","C","not_found_after_normalization","",""
"P2a97c5h3r1JR3gzBgxh","X3446D","מלחיה קריסטל שקופה עם מכסה","43.49","יודאיקה","paldinox","https://paldinox.co.il/product/%d7%9e%d7%9c%d7%97%d7%99%d7%94-%d7%a7%d7%a8%d7%99%d7%a1%d7%98%d7%9c-%d7%95%d7%9e%d7%9b%d7%a1%d7%94-%d7%a2%d7%9c-%d7%91%d7%a1%d7%99%d7%a1-%d7%a7%d7%95%d7%98%d7%a8-5-%d7%a1%d7%9e-%d7%a9%d7%a7%d7%95/","C","not_found_after_normalization","",""
"R8NEp2s4JwanhYdA9p6s","X5295B","נטלה אקרילית שקופה בגוון סגול","128.34","יודאיקה","paldinox","https://paldinox.co.il/product/%d7%a0%d7%98%d7%9c%d7%94-%d7%90%d7%a7%d7%a8%d7%99%d7%9c%d7%99%d7%aa-%d7%a9%d7%a7%d7%95%d7%a4%d7%94-%d7%aa%d7%97%d7%aa%d7%99%d7%aa-%d7%95%d7%99%d7%93%d7%99%d7%95%d7%aa-%d7%a1%d7%92%d7%95%d7%9c-2/","C","not_found_after_normalization","",""
"RnTwFheX7doXxDnz8ceI","X3044","זוג פמוטים כסף בארוק מהודר","193.5","עיצוב הבית","paldinox","https://paldinox.co.il/product/h15-%d7%96%d7%95%d7%92-%d7%a4%d7%9e%d7%95%d7%98%d7%99%d7%9d-%d7%a6%d7%99%d7%a4%d7%95%d7%99-%d7%9b%d7%a1%d7%a3-%d7%9c%d7%a7%d7%94-%d7%91%d7%90%d7%a8%d7%95%d7%a7/","C","not_found_after_normalization","",""
"S5y2F09b0ya4ZQ5QSq97","X1039C","מילחיות פתוחות קריסטל ענבר/ כסוף גובה 8 ס”מ","115.23","יודאיקה","paldinox","https://paldinox.co.il/product/%d7%9e%d7%99%d7%9c%d7%97%d7%99%d7%95%d7%aa-%d7%a4%d7%aa%d7%95%d7%97%d7%95%d7%aa-%d7%a7%d7%a8%d7%99%d7%a1%d7%98%d7%9c-%d7%a2%d7%a0%d7%91%d7%a8-%d7%9b%d7%a1%d7%95%d7%a3-%d7%92%d7%95%d7%91%d7%94-8/","C","not_found_after_normalization","",""
"T0v3nRsuC20rqltiSLFA","X4976W","מזוזה אמייל לבן עם כיתוב זהב – 15 ס""מ","71.74","בתי מזוזה","paldinox","https://paldinox.co.il/product/%d7%9e%d7%96%d7%95%d7%96%d7%94-%d7%90%d7%9e%d7%99%d7%99%d7%9c-%d7%9c%d7%91%d7%9f-%d7%9b%d7%99%d7%aa%d7%95%d7%91-%d7%96%d7%94%d7%91-15%d7%a1%d7%9e/","C","not_found_after_normalization","",""
"TXCoXbpUpEQ204epkdCg","X3956Z","נטלה אלומיניום מוזהבת בקישוט אבן ירושלמית","115.3","עיצוב הבית","paldinox","https://paldinox.co.il/product/%d7%a0%d7%98%d7%9c%d7%94-%d7%90%d7%9c%d7%95%d7%9e%d7%99%d7%a0%d7%99%d7%95%d7%9d-%d7%a7%d7%99%d7%a9%d7%95%d7%98-%d7%90%d7%91%d7%9f-%d7%99%d7%a8%d7%95%d7%a9%d7%9c%d7%9e%d7%99%d7%aa-%d7%9e%d7%95%d7%96-2/","C","not_found_after_normalization","",""
"UWQzBbD8BV9rZOjxC5tj","X5384Z","זוג פמוטי אלומיניום זהב רקוע","163.06","עיצוב הבית","paldinox","https://paldinox.co.il/product/%d7%96%d7%95%d7%92-%d7%a4%d7%9e%d7%95%d7%98%d7%99-%d7%90%d7%9c%d7%95%d7%9e%d7%99%d7%a0%d7%99%d7%95%d7%9d-%d7%96%d7%94%d7%91-%d7%a8%d7%a7%d7%95%d7%a2/","C","not_found_after_normalization","",""
"WJuOt29MNJ4LHSiUNa40","X4878ZA","פמוט 5 קנים קריסטל ענבר ואפור","280.48","עיצוב הבית","paldinox","https://paldinox.co.il/product/%d7%a4%d7%9e%d7%95%d7%98-5-%d7%a7%d7%a0%d7%99%d7%9d-%d7%a7%d7%a8%d7%99%d7%a1%d7%98%d7%9c-%d7%a2%d7%a0%d7%91%d7%a8-%d7%95%d7%90%d7%a4%d7%95%d7%a8-%d7%92%d7%95%d7%91%d7%94-27-%d7%a1%d7%9e/","C","not_found_after_normalization","",""
"WMhhxT8Eqn0JtqpatDNA","X3009","מגש מראה עם עיטור יהלומים וכיתוב לשבת30/43סמ","184.8","עיצוב הבית","paldinox","https://paldinox.co.il/product/3043%d7%a1%d7%9e-%d7%9e%d7%92%d7%a9-%d7%9e%d7%a8%d7%90%d7%94-%d7%a2%d7%9d-%d7%a2%d7%99%d7%98%d7%95%d7%a8-%d7%99%d7%94%d7%9c%d7%95%d7%9e%d7%99%d7%9d-%d7%95%d7%9b%d7%99%d7%aa%d7%95%d7%91-%d7%9c%d7%a9/","C","not_found_after_normalization","",""
"WfXssAqQEs7mID2ixNG2","X4667Z","פמוט 5 קנים קריסטל ענבר וזהב","280.48","עיצוב הבית","paldinox","https://paldinox.co.il/product/%d7%a4%d7%9e%d7%95%d7%98-5-%d7%a7%d7%a0%d7%99%d7%9d-%d7%a7%d7%a8%d7%99%d7%a1%d7%98%d7%9c-%d7%a2%d7%a0%d7%91%d7%a8-%d7%95%d7%96%d7%94%d7%91-%d7%92%d7%95%d7%91%d7%94-27-%d7%a1%d7%9e-%d7%a7%d7%95%d7%98/","C","not_found_after_normalization","",""
"X63jRLhQHSrMUiBPvj7p","X5037A","סט הבדלה 3 חלקים ציפוי כסף","167.4","יודאיקה","paldinox","https://paldinox.co.il/product/%d7%a1%d7%98-%d7%94%d7%91%d7%93%d7%9c%d7%94-3-%d7%97%d7%9c%d7%a7%d7%99%d7%9d-%d7%a6%d7%99%d7%a4%d7%95%d7%99-%d7%9b%d7%a1%d7%a3-2/","C","not_found_after_normalization","",""
"Zrn1bzNrnf6g4OL8DwO6","X3044","זוג פמוטים כסף בסגנון בארוק","193.5","עיצוב הבית","paldinox","https://paldinox.co.il/product/h15-%d7%96%d7%95%d7%92-%d7%a4%d7%9e%d7%95%d7%98%d7%99%d7%9d-%d7%a6%d7%99%d7%a4%d7%95%d7%99-%d7%9b%d7%a1%d7%a3-%d7%9c%d7%9b%d7%94-%d7%91%d7%90%d7%a8%d7%95%d7%a7/","C","not_found_after_normalization","",""
"adhanFKIT50YwVwESFys","X5117","גביע קידוש עם תחתית קריסטל","106.54","כלי שולחן והגשה","paldinox","https://paldinox.co.il/product/%d7%92%d7%91%d7%99%d7%a2-%d7%a7%d7%99%d7%93%d7%95%d7%a9%d7%aa%d7%97%d7%aa%d7%99%d7%aa-%d7%a7%d7%a8%d7%99%d7%a1%d7%98%d7%9c-h15d11/","C","not_found_after_normalization","",""
"eu4WgGiIPr6VZd8SpzuX","X3052","פמוט 5 קנים בסיס משושה – כסף מבריק","215.23","עיצוב הבית","paldinox","https://paldinox.co.il/product/h23-%d7%a4%d7%9e%d7%95%d7%98-5-%d7%a7%d7%a0%d7%99%d7%9d-%d7%91%d7%a1%d7%99%d7%a1-%d7%9e%d7%a9%d7%95%d7%a9%d7%94-%d7%a6%d7%99%d7%a4%d7%95%d7%99-%d7%9b%d7%a1%d7%a3-%d7%9c%d7%a7%d7%94/","C","not_found_after_normalization","",""
"fMYGhezLUTNOgyqxOcGD","X589","מגש עגול למצה שמורה בציפוי כסף","106.51","כלי שולחן והגשה","paldinox","https://paldinox.co.il/product/%d7%9e%d7%92%d7%a9-%d7%a2%d7%92%d7%95%d7%9c-%d7%9c%d7%9e%d7%a6%d7%94-%d7%a9%d7%9e%d7%95%d7%a8%d7%94-%d7%9b%d7%a1%d7%a3-2/","C","not_found_after_normalization","",""
"gflPa9M3HLe8hV5l4Y4t","P562J","כוס קידוש כסוף עם תחתית – ירושלים","141.33","כלי שולחן והגשה","paldinox","https://paldinox.co.il/product/%d7%9b%d7%95%d7%a1-%d7%a7%d7%99%d7%93%d7%95%d7%a9-%d7%a2%d7%9d-%d7%aa%d7%97%d7%aa%d7%99%d7%aa-%d7%99%d7%a8%d7%95%d7%a9%d7%9c%d7%99%d7%9d/","C","not_found_after_normalization","",""
"jTbT2A9eIFpRSsoG6OKc","X5330","זוג פמוטים מתכת זהב","104.4","עיצוב הבית","paldinox","https://paldinox.co.il/product/%d7%96%d7%95%d7%92-%d7%a4%d7%9e%d7%95%d7%98%d7%99-%d7%9e%d7%aa%d7%9b%d7%aa-%d7%96%d7%94%d7%91-%d7%92%d7%95%d7%91%d7%94-15-5-%d7%a7%d7%95%d7%98%d7%a8-7-%d7%a1%d7%9e/","C","not_found_after_normalization","",""
"kHiwGNLJxqFIK4Xv4K60","P165AG","מילחיות קריסטל פתוחות בעיטור זהב","76.95","יודאיקה","paldinox","https://paldinox.co.il/product/%d7%a7%d7%a8%d7%99%d7%a1%d7%98%d7%9c-%d7%9e%d7%99%d7%9c%d7%97%d7%99%d7%95%d7%aa-%d7%a4%d7%aa%d7%95%d7%97%d7%95%d7%aa-%d7%a2%d7%99%d7%98%d7%95%d7%a8-%d7%96%d7%94%d7%91-10%d7%a1%d7%9e-2/","C","not_found_after_normalization","",""
"kIfFtF8buLdQtoJ7T8gE","X4259A","נטלה לשטיפת ידיים לבן וזהב","115.3","יודאיקה","paldinox","https://paldinox.co.il/product/h13-5-%d7%a0%d7%98%d7%9c%d7%94-%d7%a0%d7%99%d7%a8%d7%95-%d7%9c%d7%91%d7%9f-%d7%96%d7%94%d7%91-2/","C","not_found_after_normalization","",""
"kLpCeBN0UbVSIUW0X81o","X5082A","סט נטילת ידיים אמייל גלים שנהב / זהב נירוסטה","280.48","יודאיקה","paldinox","https://paldinox.co.il/product/%d7%a1%d7%98-%d7%a0%d7%98%d7%99%d7%9c%d7%aa-%d7%99%d7%93%d7%99%d7%99%d7%9d-%d7%90%d7%9e%d7%99%d7%99%d7%9c-%d7%92%d7%9c%d7%99%d7%9d-%d7%a9%d7%a0%d7%94%d7%91-%d7%96%d7%94%d7%91-%d7%a0%d7%99%d7%a8/","C","not_found_after_normalization","",""
"mLMrSonDb1Q2VzXiQsNj","X4248B","נטלה נירו' Golden Pine לשטיפת ידיים","115.3","יודאיקה","paldinox","https://paldinox.co.il/product/h13-%d7%a0%d7%98%d7%9c%d7%94-%d7%a0%d7%99%d7%a8%d7%95-golden-pine/","C","not_found_after_normalization","",""
"mNCe4YENbKwGqHWFcK2L","X3182","H13.5 נטלה ציפוי כסף “נטילת ידיים”","76.08","יודאיקה","paldinox","https://paldinox.co.il/product/h13-5-%d7%a0%d7%98%d7%9c%d7%94-%d7%a6%d7%99%d7%a4%d7%95%d7%99-%d7%9b%d7%a1%d7%a3-%d7%a0%d7%98%d7%99%d7%9c%d7%aa-%d7%99%d7%93%d7%99%d7%99%d7%9d-2/","C","not_found_after_normalization","",""
"mmQpFCYaREiQAOGgZM1e","X4665A","סט קריסטל לכלה – כוס קידוש, מלחיות ופמוטים בגימור כסף פנינים","367.42","עיצוב הבית","paldinox","https://paldinox.co.il/product/%d7%a1%d7%98-%d7%a7%d7%a8%d7%99%d7%a1%d7%98%d7%9c-%d7%9c%d7%9b%d7%9c%d7%94-%d7%9b%d7%95%d7%a1-%d7%a7%d7%99%d7%93%d7%95%d7%a9-%d7%96%d7%95%d7%92-%d7%9e%d7%9c%d7%97%d7%99%d7%95%d7%aa-%d7%95%d7%96%d7%95/","C","not_found_after_normalization","",""
"nsbzhYnvYmZE1GrNGs1s","X4783Z","קערת פסח אלומיניום זהב – 37.5 ס""מ","392.16","כלי שולחן והגשה","paldinox","https://paldinox.co.il/product/%d7%a7%d7%a2%d7%a8%d7%94-%d7%9c%d7%a4%d7%a1%d7%97-%d7%90%d7%9c%d7%95%d7%9e%d7%99%d7%a0%d7%99%d7%95%d7%9d-%d7%96%d7%94%d7%91-%d7%a7%d7%95%d7%98%d7%a8-37-5-%d7%a1%d7%9e/","C","not_found_after_normalization","",""
"o2gFUNFJ1oKqley5yoWI","P221X","מלחיה זכוכית עם כריות","55.24","יודאיקה","paldinox","https://paldinox.co.il/product/%d7%9e%d7%9c%d7%97%d7%99%d7%94-%d7%91%d7%95%d7%93%d7%93-%d7%96%d7%9b%d7%95%d7%9b%d7%99%d7%aa-%d7%9b%d7%a8%d7%99%d7%95%d7%aa/","C","not_found_after_normalization","",""
"okvW3MBxBw7iovLeZZCK","X5999S","מעמד מצה אקרילי עם מסגרת כסף","171.76","עיצוב הבית","paldinox","https://paldinox.co.il/product/%d7%9e%d7%a2%d7%9e%d7%93-%d7%9c%d7%9e%d7%a6%d7%94-%d7%90%d7%a7%d7%a8%d7%99%d7%9c%d7%99-%d7%9e%d7%a1%d7%92%d7%a8%d7%aa-%d7%9b%d7%a1%d7%a3-%d7%95%d7%9e%d7%9b%d7%a1%d7%94-20-20-%d7%92%d7%95%d7%91%d7%94-9/","C","not_found_after_normalization","",""
"p2ZTFKKIBCgE9q9iO6fP","X3180C","נטלה בציפוי כסף עם עיצוב גלים","86.98","יודאיקה","paldinox","https://paldinox.co.il/product/h13-5-%d7%a0%d7%98%d7%9c%d7%94-%d7%92%d7%9c%d7%99%d7%9d-%d7%a6%d7%99%d7%a4%d7%95%d7%99-%d7%9b%d7%a1%d7%a3/","C","not_found_after_normalization","",""
"pBc97I7ZaujbNw1004K5","X6019","זוג מילחיות קריסטל ענבר עם מכסה ויד אפור","97.84","יודאיקה","paldinox","https://paldinox.co.il/product/%d7%96%d7%95%d7%92-%d7%9e%d7%99%d7%9c%d7%97%d7%99%d7%95%d7%aa-%d7%a4%d7%aa%d7%95%d7%97%d7%95%d7%aa-%d7%a7%d7%a8%d7%99%d7%a1%d7%98%d7%9c-%d7%a2%d7%a0%d7%91%d7%a8-%d7%9e%d7%9b%d7%a1%d7%94-%d7%95%d7%99/","C","not_found_after_normalization","",""
"pgyyKYiYaN2ZjGOnUzIb","X5116K","כוס קידוש עם תחתית קריסטל ציפוי כסף","106.54","כלי שולחן והגשה","paldinox","https://paldinox.co.il/product/%d7%9b%d7%95%d7%a1-%d7%a7%d7%99%d7%93%d7%95%d7%a9-%d7%95%d7%aa%d7%97%d7%aa%d7%99%d7%aa-%d7%a7%d7%a8%d7%99%d7%a1%d7%98%d7%9c-%d7%a6%d7%99%d7%a4%d7%95%d7%99-%d7%9b%d7%a1%d7%a3-%d7%92%d7%95%d7%91%d7%94-1/","C","not_found_after_normalization","",""
"purqfUrOzGpKELa564Kb","X4259A","נטלה נירוסטה לבן וזהב","115.3","יודאיקה","paldinox","https://paldinox.co.il/product/h13-5-%d7%a0%d7%98%d7%9c%d7%94-%d7%a0%d7%99%d7%a8%d7%95-%d7%9c%d7%91%d7%9f-%d7%96%d7%94%d7%91/","C","not_found_after_normalization","",""
"qK2IltCtf1WY6mydR1Fj","X5926","קערת סדר פאר ציון בציפוי כסף – קוטר 40 ס""מ","128.29","כלי שולחן והגשה","paldinox","https://paldinox.co.il/product/%d7%a7%d7%a2%d7%a8%d7%94-%d7%9c%d7%a4%d7%a1%d7%97-%d7%a4%d7%90%d7%a8-%d7%a6%d7%99%d7%95%d7%9f-%d7%a6%d7%99%d7%a4%d7%95%d7%99-%d7%9b%d7%a1%d7%a3-%d7%a7%d7%95%d7%98%d7%a8-40-%d7%a1%d7%9e/","C","not_found_after_normalization","",""
"qzvVJs2gMaUqd6jIPWZP","X3446C","מלחיה קריסטל עם מכסה ענבר","43.49","יודאיקה","paldinox","https://paldinox.co.il/product/%d7%9e%d7%9c%d7%97%d7%99%d7%94-%d7%a7%d7%a8%d7%99%d7%a1%d7%98%d7%9c-%d7%95%d7%9e%d7%9b%d7%a1%d7%94-%d7%a2%d7%a0%d7%91%d7%a8-%d7%a2%d7%9c-%d7%91%d7%a1%d7%99%d7%a1-%d7%a7%d7%95%d7%98%d7%a8-5-%d7%a1/","C","not_found_after_normalization","",""
"t9qiUwgSSZyBKAuvipHw","P221X","מלחיה בודדת מזכוכית עם כריות","55.24","יודאיקה","paldinox","https://paldinox.co.il/product/%d7%9e%d7%9e%d7%9c%d7%97%d7%99%d7%94-%d7%91%d7%95%d7%93%d7%93-%d7%96%d7%9b%d7%95%d7%9b%d7%99%d7%aa-%d7%9b%d7%a8%d7%99%d7%95%d7%aa/","C","not_found_after_normalization","",""
"u2LBDEbGYbp8MFf3wWTS","P009X","גביע קידוש בגוון כסוף","115.23","כלי שולחן והגשה","paldinox","https://paldinox.co.il/product/%d7%9e%d7%9b%d7%95%d7%a1-%d7%a7%d7%99%d7%93%d7%95%d7%a9-%d7%a8%d7%92%d7%9c-%d7%9b%d7%a8%d7%99%d7%95%d7%aa/","C","not_found_after_normalization","",""
"uAxToaCa211RzvEJ6InB","X5811","סט הבדלה 3 חלקים בקריסטל ענבר על מגש מראה","410.91","שבת","paldinox","https://paldinox.co.il/product/%d7%a1%d7%98-%d7%94%d7%91%d7%93%d7%9c%d7%94-3-%d7%97%d7%9c%d7%a7%d7%99%d7%9d-%d7%a7%d7%a8%d7%99%d7%a1%d7%98%d7%9c-%d7%a2%d7%a0%d7%91%d7%a8-%d7%a2%d7%9c-%d7%9e%d7%92%d7%a9-%d7%9e%d7%a8%d7%90%d7%94/","C","not_found_after_normalization","",""
"uN02lXcW6NqjltF2QwA4","X5408K","זוג פמוטי קריסטל קוביה","108.72","עיצוב הבית","paldinox","https://paldinox.co.il/product/%d7%96%d7%95%d7%92-%d7%a4%d7%9e%d7%95%d7%98%d7%99-%d7%a7%d7%a8%d7%99%d7%a1%d7%98%d7%9c-%d7%a7%d7%95%d7%91%d7%99%d7%94-6-6-%d7%a1%d7%9e-%d7%92%d7%95%d7%91%d7%94-6-%d7%a1%d7%9e/","C","not_found_after_normalization","",""
"vRpHLo4pQ07SCmEbm4Jj","X5379","גביע קידוש מעויינים זהב עם תחתית ניקל","184.8","כלי שולחן והגשה","paldinox","https://paldinox.co.il/product/%d7%92%d7%91%d7%99%d7%a2-%d7%a7%d7%99%d7%93%d7%95%d7%a9-%d7%a2%d7%9d-%d7%aa%d7%97%d7%aa%d7%99%d7%aa-%d7%a6%d7%99%d7%a4%d7%95%d7%99-%d7%a0%d7%99%d7%a7%d7%9c-%d7%97%d7%a8%d7%99%d7%98%d7%aa-%d7%9e%d7%a2/","C","not_found_after_normalization","",""
"vcKf6fj36H2pmTiqJYND","X5300A","נטלה אקרילית שחור ואפור עם דוגמת חלוקי נחל","128.34","יודאיקה","paldinox","https://paldinox.co.il/product/%d7%a0%d7%98%d7%9c%d7%94-%d7%90%d7%a7%d7%a8%d7%99%d7%9c%d7%99%d7%aa-%d7%a9%d7%97%d7%95%d7%a8-%d7%90%d7%a4%d7%95%d7%a8-%d7%93%d7%95%d7%92%d7%9e%d7%aa-%d7%97%d7%9c%d7%95%d7%a7%d7%99-%d7%a0%d7%97%d7%9c/","C","not_found_after_normalization","",""
"wkKsyaQOTR2YF5xK9dGi","X1549Z","כוס קידוש זהב עם פסים","171.76","כלי שולחן והגשה","paldinox","https://paldinox.co.il/product/%d7%9b%d7%95%d7%a1-%d7%a7%d7%99%d7%93%d7%95%d7%a9-%d7%a8%d7%92%d7%9c-%d7%a4%d7%a1%d7%99%d7%9d-%d7%96%d7%94%d7%91/","C","not_found_after_normalization","",""
"xQXrScYoP9Nb3u2XhHjW","X5384A","זוג פמוטים אלומיניום כסף עם אבנים","210.92","עיצוב הבית","paldinox","https://paldinox.co.il/product/h17-%d7%96%d7%95%d7%92-%d7%a4%d7%9e%d7%95%d7%98%d7%99-%d7%90%d7%9c%d7%95%d7%9e%d7%99%d7%a0%d7%99%d7%95%d7%9d-%d7%a6%d7%99%d7%a4%d7%95%d7%99-%d7%a0%d7%99%d7%a7%d7%9c-%d7%a8%d7%a7%d7%95%d7%a2-%d7%90/","C","not_found_after_normalization","",""
"yiBLvU7cFgwLErjE87zH","X5118A","מערכת 9 פמוטים קריסטל ענבר על מגש מראה עגול","650.05","עיצוב הבית","paldinox","https://paldinox.co.il/product/9-%d7%a4%d7%9e%d7%95%d7%98%d7%99-%d7%a7%d7%a8%d7%99%d7%a1%d7%98%d7%9c-%d7%a2%d7%a0%d7%91%d7%a8-%d7%a2%d7%9c-%d7%9e%d7%92%d7%a9-%d7%9e%d7%a8%d7%90%d7%94-%d7%a2%d7%92%d7%95%d7%9c-%d7%92%d7%95%d7%91/","C","not_found_after_normalization","",""
"yndhAN7byJn9Hjqi4mHR","X1551Z","מים אחרונים בשילוב כסף וזהב","185","יודאיקה","paldinox","https://paldinox.co.il/product/%d7%9e%d7%99%d7%9d-%d7%90%d7%97%d7%a8%d7%95%d7%a0%d7%99%d7%9d-%d7%a4%d7%a1%d7%99%d7%9d-%d7%9b%d7%a1%d7%a3-%d7%96%d7%94%d7%91-%d7%a6%d7%99%d7%a4%d7%95%d7%99-%d7%9c%d7%9b%d7%94/","C","not_found_after_normalization","",""
"zuxeown8bPdq4eNGMTaE","X5295B","נטלה אקרילית שקופה בגוון סגול","128.34","יודאיקה","paldinox","https://paldinox.co.il/product/%d7%a0%d7%98%d7%9c%d7%94-%d7%90%d7%a7%d7%a8%d7%99%d7%9c%d7%99%d7%aa-%d7%a9%d7%a7%d7%95%d7%a4%d7%94-%d7%aa%d7%97%d7%aa%d7%99%d7%aa-%d7%95%d7%99%d7%93%d7%99%d7%95%d7%aa-%d7%a1%d7%92%d7%95%d7%9c/","C","not_found_after_normalization","",""