docId,sku,name,price,cat,supplier,sourceUrl
"04p0N9n9UjvtG2WFPwOz","UK15683","כיפה ד.מ.צ. שחור איכותי קשיח 17 ס""מ","52.3","כיפות","israel-judaica",""
"0CbZL9ytXyMCFrfENj8Z","UK18260","כיפה בד ארטמן כחול כהה 17 ס""מ","29.97","כיפות","israel-judaica",""
"0EHNBP6y5GiOMixBcXvv","UK48513","מעמד לנר זיכרון ממתכת וזכוכית זהב 18X22 ס""מ","32.68","מוצרי בית כנסת","israel-judaica","https://www.israel-judaica.com/index.php?option=com_art&view=product&sku=UK48513&lang=he"
"0HcCdAlcsf8vo6FiLBtL","UK15679","כיפה ד.מ.צ. שחור איכותי קשיח 13 ס""מ","39.22","כיפות","israel-judaica",""
"0Qpls9MIy7nSGzRNtSn6","UK16036","כיפה סטן לבנה 19 ס""מ הדפסה כסף ""מזל טוב"" חתן כל","11.97","כיפות","israel-judaica",""
"0iAe9OtaUjaP4wrzJewe","UK15622","כיפה קטיפה פלוש שחורה 4 חלקים גודל 5 21 ס""מ עם סרט","20.97","כיפות","israel-judaica",""
"0kSoonbvo6rZ5aN0mfhl","UK19025","כיפה קטיפה ארטמן כחולה 4 חלקים עם סרט 17 ס""מ","29.97","כיפות","israel-judaica",""
"0kn6UFnrzG1ZM8PVcCFg","UK15640","(כמו 16419) כיפה קטיפה פלוש שחורה 6 חלקים גודל 3 19 ס""מ ללא סרט","11.97","כיפות","israel-judaica",""
"0rn1o7TUbxEBvgHzAa6O","UK45565","עץ ברכות ברכת העסק עברית 20 ס""מ","119.88","יודאיקה","israel-judaica","https://www.israel-judaica.com/index.php?option=com_art&view=product&sku=UK45565&lang=he"
"0vszBGXtexPpAiAIKoOq","UK40820","כלי לנר הבדלה מקריסטל עם פלקטה ""ירושלים"" 13 ס""מ","119.88","יודאיקה","israel-judaica","https://www.israel-judaica.com/index.php?option=com_art&view=product&sku=UK40820&lang=he"
"0y5vdg0aVy1R3uC4XPR4","UK51631","","108.98","","israel-judaica",""
"12BZbUnzgZY3hLbgrJTV","UK10183","כיפה ארטמן קטיפה ירוק בהיר רקמה שמע ישראל גודל 3","39.22","כיפות","israel-judaica",""
"18594RsskZhTLkDp4aOO","UK19036","כיפה עור ארטמן חום בהיר 15 ס""מ","23.97","כיפות","israel-judaica",""
"1AqAtBG6Srj5BbnBDYr5","UK19108","כיפה קטיפה ""ארט-מן"" כחולה 6 חלקים עם סרט גודל 4","29.97","כיפות","israel-judaica",""
"1Nj2PMkFu7Xud4jV4JD7","UK11562","כיפה DMC סריגה ישראלית חלק לבן 12-13 ס""מ אין החזרת סחורה","52.3","כיפות","israel-judaica",""
"1Sjhrr5IPeyTmP9fudlr","UK19012","כיפה פריק 21 ס""מ גוונים בורדו שחור לבן","23.97","כיפות","israel-judaica",""
"1cCTU34dN6jTxQRerOQH","UK15632","כיפה קטיפה פלוש שחורה 6 חלקים גודל 2 18 ס""מ","20.97","כיפות","israel-judaica",""
"1lfLTBjmTffWaOMr6Cg2","UK10523","כיפה קטיפה ""ארט-מן"" עם אותיות בולטות זהב ""בבא סאלי"" גודל 4 - אופוויט","43.58","כיפות","israel-judaica",""
"1v8QJK4ZuRU0cLS3d4A9","UK48639","ספרון תהילים ""רבי"" 4 ס""מ - באריזת PV בסלסלת קש","7.47","ספרי קודש וסידורים","israel-judaica","https://www.israel-judaica.com/index.php?option=com_art&view=product&sku=UK48639&lang=he"
"1vjvWRc0tquBUeTy7HZ4","UK18975","כיפה דמוי עור ארטמן חום 17 ס""מ","26.14","כיפות","israel-judaica",""
"26D4rLl9FvVdoSRRmFZY","UK58992","מארז דבק דו צדדי לכיפה איכות מעולה","14.97","כיפות","israel-judaica",""
"2CY1u67oAHQj7S2OasPz","UK18933","כיפה קטיפה ארטמן שחורה 4 חלקים עם סרט 17 ס""מ","26.14","כיפות","israel-judaica",""
"2Mv1OOHiG7v0btNJ8mjk","UK10157","כיפה פריק 23 ס""מ גוונים קרם ירוק זית וחום","23.97","כיפות","israel-judaica",""
"2W1ZGd5OuGnmo2IOL22G","UK10517","כיפה קטיפה ""ארט-מן"" עם אותיות בולטות זהב ""יברכך"" גודל 4 - פנינה","43.58","כיפות","israel-judaica",""
"2ZCmrOfd2GN4cHfGa48d","UK11202","כיפה סרוגה 17 ס""מ לבן מחורר - 12 יח","17.97","כיפות","israel-judaica",""
"2gC5Iaasr6MUeSIPtUjI","UK40864","סדר הבדלה עם ציפורן נוסח ע.מ 18X12 ס""מ","23.97","יודאיקה","israel-judaica","https://www.israel-judaica.com/index.php?option=com_art&view=product&sku=UK40864&lang=he"
"2jUvTJmzSUUnvOdZzyNs","UK11631","כיפה קטיפה ""ארט מן"" עם ריקמה ""בבא סאלי"" גודל 4 - שחור","39.22","כיפות","israel-judaica",""
"2ozMDgIOYQPpdvOC1uyW","UK10290","כיפה קטיפה ""ארט-מן"" עם ריקמה בבא סאלי גודל 3 - זהב","39.22","כיפות","israel-judaica",""
"2vcCWawtjxwRpxhaIJtv","UK11259","כיפה DMC סריגה ישראלית דוגמת שטיח 18 ס""מ אין החזרת סחורה","80.64","כיפות","israel-judaica",""
"2yTvLyJ87bwH3LgmnhI7","UK11883","כיפה טרלין גודל 22 סמ רקמה ""בית הרב""","29.97","כיפות","israel-judaica",""
"303mOFYag1YFVRwgpAKf","UK14957","כיפה קטיפה ""ארט-מן"" 17 ס""מ - אפור","26.14","כיפות","israel-judaica",""
"3GxWKOOMqJToPo3IFI2e","UK11223","כיפה סרוגה 17 ס""מ אפור חלק - 12 יח","17.97","כיפות","israel-judaica",""
"3W24Oc88YpexLIRbSZJy","UK10487","כיפה פריק 24 ס""מ פסים כחול לבן ותכלת","23.97","כיפות","israel-judaica",""
"3WviqqVB7ZDLWywrp4Z9","UK10513","כיפה קטיפה ""ארט-מן"" עם אותיות בולטות זהב ""האש שלי"" גודל 4 - שחור","43.58","כיפות","israel-judaica",""
"3X0G780VQDuVrVKWP6Ts","UK15636","(כמו 16415) כיפה קטיפה פלוש שחורה 6 חלקים גודל","20.97","כיפות","israel-judaica",""
"3lrQO8Oe30kdozs7ZMSV","UK15525","כיפה קטיפה ""ארט מן"" עם ריקמה אותיות גודל 3 - אפור בהיר","30.5","כיפות","israel-judaica",""
"3vVCHYoqYcUe9ilMgeca","UK19149","כיפה עור ""ארטמן"" 14 ס""מ כחול","23.97","כיפות","israel-judaica",""
"3zGqvgsVBX8UwefXaoH4","UK10285","כיפה קטיפה ""ארט-מן"" עם ריקמה רבי שמעון גודל 3 - זהב","39.22","כיפות","israel-judaica",""
"47YKwS78lCt57HJnzGlg","UK10258","כיפה קטיפה ""ארט-מן"" עם ריקמה בבא סאלי גודל 3 - אפור","39.22","כיפות","israel-judaica",""
"4D6lbHSCej6DzO1jSyH2","UK17234","כיפה סרוגה 16 ס""מ בצבע כחול כהה מסביב פסים בכחול","14.97","כיפות","israel-judaica",""
"4P767V8ddjPkA4e8yHKR","UK19087","כיפה עור לבן 16 ס""מ","22.47","כיפות","israel-judaica",""
"4RG22KUShWyX7lA9HzVf","UK18936","כיפה קטיפה ארטמן שחורה 4 חלקים עם סרט 20 ס""מ","26.14","כיפות","israel-judaica",""
"4RI5j2lHmup76D88pNHy","UK67160","","108.98","","israel-judaica",""
"4Ye0Dn8jDKytH6iPeZKZ","UK52137","","174.38","","israel-judaica",""
"4d22cBmRr5pNPo1ddyTW","UK43756","נר הבדלה ""דונג"" מהודר 30 ס""מ","34.86","יודאיקה","israel-judaica","https://www.israel-judaica.com/index.php?option=com_art&view=product&sku=UK43756&lang=he"
"4hJudzcyOMAQSSLLP0s4","UK11555","כיפה DMC סריגה ישראלית חלק שחור 17 ס""מ אין החזרת סחורה","76.28","כיפות","israel-judaica",""
"4ioOgEsWEjfqtLbb0SsA","UK11235","כיפה סרוגה דגמים מעורבים - רקע כחול - 18 ס""מ - 24 יח","17.97","כיפות","israel-judaica",""
"4mRjLkl5vsExwTCMKtI3","UK19395","כיפה קטיפה ""ארט-מן"" עם ריקמה יברכך גודל 4 - כחול כהה","39.22","כיפות","israel-judaica",""
"4olLtDbT4TlO4eCLM0qg","UK19103","כיפה קטיפה ""ארט-מן"" שחורה 6 חלקים עם סרט גודל 3","26.14","כיפות","israel-judaica",""
"4qgejSo6ScK2oXDt9QvM","UK19396","כיפה קטיפה ""ארט-מן"" עם ריקמה יברכך גודל 4 - ירו","39.22","כיפות","israel-judaica",""
"4r3UQ1Ol2iW1VsYTdScn","UK81706","נר הבדלה צבעוני ומהודר 16 ס""מ","43.58","יודאיקה","israel-judaica","https://www.israel-judaica.com/index.php?option=com_art&view=product&sku=UK81706&lang=he"
"4rfEt8b71n8eotGLTpQc","UK14956","כיפה קטיפה ""ארט-מן"" 19 ס""מ - אפור בהיר","26.14","כיפות","israel-judaica",""
"4waLbPWoXxRhn9CDoNAA","UK19095","כיפה קטיפה ארטמן כחולה 4 חלקים עם סרט גודל 3","29.97","כיפות","israel-judaica",""
"5CLvfEs9Kggo82lNIm3N","UK11172","כיפה סטן לבנה 20 ס""מ מגן דוד וכסף מסביב","11.97","כיפות","israel-judaica",""
"5FsQkEObRvzk0knlBgbi","UK16369","כיפה סרוגה 17 ס""מ לבן מסביב פס כחול","14.97","כיפות","israel-judaica",""
"5OWBM4fDGTUaKpUZLhy7","UK17391","כיפה סרוגה שטיח 20 ס""מ שחור לבן בורדו","17.97","כיפות","israel-judaica",""
"5oxwnDYLFFXPa7w8GADo","UK19096","כיפה קטיפה ארטמן כחולה 4 חלקים עם סרט גודל 4","29.97","כיפות","israel-judaica",""
"5rPMfhm888LiOFeUfXuc","UK18977","כיפה סרוגה 16 ס""מ לבנה עם ריקמה ""נחמן מאומן"" כסף","23.97","כיפות","israel-judaica",""
"5te2HjXxyVxxmDzSAIHH","UK14955","כיפה קטיפה ""ארט-מן"" 17 ס""מ - אפור בהיר","26.14","כיפות","israel-judaica",""
"62Qo5zInREaXKZXKun3v","UK15526","כיפה קטיפה ""ארט מן"" עם ריקמה אותיות גודל 4 - אפור בהיר","30.5","כיפות","israel-judaica",""
"65NlcxU03S1RYvcHvrGR","UK51444","מגש הבדלה אקריליק מרובע 25 ס""מ","152.58","יודאיקה","israel-judaica","https://www.israel-judaica.com/index.php?option=com_art&view=product&sku=UK51444&lang=he"
"66Fq5oEN9XHTrTda8km3","UK17384","כיפה סרוגה שטיח 18 ס""מ כחול כהה כחול בהיר ובז","17.97","כיפות","israel-judaica",""
"68gBARVh7o18NUKKxMYR","UK19091","כיפה קטיפה ארטמן שחורה 4 חלקים עם סרט גודל 5","26.14","כיפות","israel-judaica",""
"6Bwuj8Rooy3HWwDPUXvH","UK10245","כיפה קטיפה ""ארט-מן"" עם ריקמה יחי אדוננו גודל 3 - כחול כהה","39.22","כיפות","israel-judaica",""
"6GZ6zfhWPD6iWHjOq3kF","UK15637","(כמו 16416) כיפה קטיפה פלוש שחורה 6 חלקים","20.97","כיפות","israel-judaica",""
"6IBIGAXcd1zr1Eu91phz","UK19010","כיפה פריק 21 ס""מ גוונים קרם אפור כחול כהה","23.97","כיפות","israel-judaica",""
"6KG2JG2WfGfoWRJO3LL5","UK19093","כיפה קטיפה ארטמן שחורה 4 חלקים עם סרט גודל 7","26.14","כיפות","israel-judaica",""
"6LNaJyfkZi2nk6gswjX3","UK19053","כיפה עור ארטמן סגול 15 ס""מ","23.97","כיפות","israel-judaica",""
"6MiC4E7HUHLCOlEvXJLC","UK18959","כיפה סרוגה 16 ס""מ לבנה עם ריקמה ""האש שלי"" זהב","23.97","כיפות","israel-judaica",""
"6SGzZcdofXYHDZSipdV5","UK12158","כיפה קטיפה פלוש שחורה 4 חלקים גודל 3 19 ס""מ עם","26.97","כיפות","israel-judaica",""
"6VXnhKn0bLvLXl0ym1nM","UK47444","סדר הבדלה דמוי עור עם ציפורן נוסח ע.מ 18.5X13 ס""מ","28.32","יודאיקה","israel-judaica","https://www.israel-judaica.com/index.php?option=com_art&view=product&sku=UK47444&lang=he"
"6dP0Lor0RiBmo1BO4R03","UK10060","כיפה ארטמן קטיפה נחמן כחולה עם רקמה כסף גודל 4","39.22","כיפות","israel-judaica",""
"6nUqF3tbTjeWvYlDQPJT","UK19104","כיפה קטיפה ""ארט-מן"" שחורה 6 חלקים עם סרט גודל 4","26.14","כיפות","israel-judaica",""
"6qUrKVW3KWScIXqUerGb","UK18549","כיפה בד ""ארט-מן"" 16 ס""מ לבן","23.97","כיפות","israel-judaica",""
"70TVklwawynbUXhIT71N","UK41356","שטיח ""ואנחנו כורעים"" מהודר 60X80 ס""מ","174.38","יודאיקה","israel-judaica","https://www.israel-judaica.com/index.php?option=com_art&view=product&sku=UK41356&lang=he"
"72i3bMY0WmjbXVxOVf5g","UK82887","סט הבדלה מהודר מקריסטל 20 ס""מ","353.58","יודאיקה","israel-judaica","https://www.israel-judaica.com/index.php?option=com_art&view=product&sku=UK82887&lang=he"
"74z5nEr7xetKa03DcpcI","UK11067","כיפה קטיפה ""ארט מן"" עם ריקמה ""נחמן"" גודל 3 -תכלת","39.22","כיפות","israel-judaica",""
"75VpSstMhmlLb3hkaQID","UK82734","סט הבדלה מהודר קריסטל עם מגש 34x15 ס""מ","356.38","יודאיקה","israel-judaica","https://www.israel-judaica.com/index.php?option=com_art&view=product&sku=UK82734&lang=he"
"75z9KlZB2pWCyeAUfxL6","UK10090","כיפה ארטמן קטיפה ה יתברך אוהב שחורה עם רקמה כסף גודל 4","39.22","כיפות","israel-judaica",""
"7DJg0iDJyCUhUhC4tnHS","UK11342","כיפה סרוגה חוט עבה לבן סביב פס כסף 17ס""מ","14.97","כיפות","israel-judaica",""
"7ZZE1vjdlCB7sD6MBuqx","UK19392","כיפה קטיפה ""ארט-מן"" עם ריקמה יברכך גודל 4 - אפו","39.22","כיפות","israel-judaica",""
"7lkBGzGejsRjP05AKslr","UK14950","כיפה קטיפה ""ארט-מן"" עם ריקמה מגן דוד גודל 4 - פנינה","39.22","כיפות","israel-judaica",""
"7nPz0FzHG35CicSFrUvS","UK42850","סדר הבדלה מאקריליק נוסח אשכנזי 27X15 ס""מ","20.97","יודאיקה","israel-judaica","https://www.israel-judaica.com/index.php?option=com_art&view=product&sku=UK42850&lang=he"
"8GOSxuPT0KAQDTFCnYQZ","UK80062","סט הבדלה מהודר מקריסטל 20 ס""מ","353.58","יודאיקה","israel-judaica","https://www.israel-judaica.com/index.php?option=com_art&view=product&sku=UK80062&lang=he"
"8RKgfZj0HhX7nFkKiG9a","UK19246","כיפה סרוגה 16 ס""מ שחורה עם ריקמה ""יחי אדוננו"" זהב","23.97","כיפות","israel-judaica",""
"8YAdnugSIJrSQub9Cl2f","UK11306","כיפה קטיפה ""ארט-מן"" עם אותיות בולטות רבי שמעון גודל 4 - שחור","43.58","כיפות","israel-judaica",""
"8ZMX0ONAwfPAQiQVPt2v","UK40288","מעמד לבקבוק יין מאקריליק עם אותיות בולטות נצנץ כסף 20 ס""מ","76.28","שבת","israel-judaica","https://www.israel-judaica.com/index.php?option=com_art&view=product&sku=UK40288&lang=he"
"8acbTXRHY00nADSMe23w","UK10009","כיפה קטיפה עם ריקמה יברכך גודל 4 - אופוויט","39.22","כיפות","israel-judaica",""
"8avLbo9EmjOPkSvoOy9j","UK42159","מלחייה קריסטל עם פלקטה חיתוך לייזר ומכסה 4X6 ס""מ","61.02","שבת","israel-judaica","https://www.israel-judaica.com/index.php?option=com_art&view=product&sku=UK42159&lang=he"
"8bhUubkB0gKkIm160R6Z","UK19499","כיפה סטן לבנה לתינוק 9 ס""מ עם עיטור כסף מסביב ע","11.97","כיפות","israel-judaica",""
"8dLhSGkSIrI12wUrRBy9","UK16055","כיפה ד.מ.צ שחור 12 ס""מ","29.97","כיפות","israel-judaica",""
"8f0eW0ux7o5sFpnl5gXA","UK19244","כיפה קטיפה ""ארט מן"" עם ריקמה אותיות גודל 3 -ירוק בהיר","30.5","כיפות","israel-judaica",""
"8pzrFPTFsSkXeHoRgZgS","UK10557","כיפה פריק כחול וצהוב ""נחמן מאומן"" 24 ס""מ","23.97","כיפות","israel-judaica",""
"8sWTM4s8YxxfBJgaD3w2","UK15694","כיפה טרילין שחור 20 ס""מ מס 5 - 6 חלקים","17.97","כיפות","israel-judaica",""
"8vbdENt5cQkrr0hp0fN6","UK82239","סט הבדלה מגש מסתובב קריסטל שחור","356.38","יודאיקה","israel-judaica","https://www.israel-judaica.com/index.php?option=com_art&view=product&sku=UK82239&lang=he"
"8xR6CnpQ5uIYA1snMw9i","UK15634","כיפה קטיפה פלוש שחורה 6 חלקים גודל 4 20 ס""מ עם סרט","20.97","כיפות","israel-judaica",""
"8xwg1KqfVeS9lfkEWbwc","UK11021","כיפה פריק לבן 24 ס""מ ""נחמן מאומן""","23.97","כיפות","israel-judaica",""
"93lWaLICHEI1y8TlK89G","UK42792","נר הבדלה צבעוני ומהודר 16 ס""מ","29.97","יודאיקה","israel-judaica","https://www.israel-judaica.com/index.php?option=com_art&view=product&sku=UK42792&lang=he"
"9B5nsv55ZsA5q7U3iPS9","UK17671","כיפה פריק שחור עם חורים 22 ס""מ","23.97","כיפות","israel-judaica",""
"9HcamNhtcj7BIwMUjd3w","UK82462","סט הבדלה קריסטל זהב עם מגש 25X12.5","353.58","יודאיקה","israel-judaica","https://www.israel-judaica.com/index.php?option=com_art&view=product&sku=UK82462&lang=he"
"9J8SV7XUo8t1uDUv2Kb9","UK15621","כיפה קטיפה פלוש שחורה 4 חלקים גודל 4 20 ס""מ","20.97","כיפות","israel-judaica",""
"9OqFHPqXPEgCGZmnzzm0","UK41791","מחזיק נר הבדלה ""ירושלים"" 13 ס""מ","98.08","יודאיקה","israel-judaica","https://www.israel-judaica.com/index.php?option=com_art&view=product&sku=UK41791&lang=he"
"9PtysZlA9IotaR4Z9Zv0","UK11236","כיפה סרוגה דגמים מעורבים - לבן עם כסף - 16 ס""מ - 24 יח","16.47","כיפות","israel-judaica",""
"9QaJBqiyvWG6ypXmdqvB","UK19028","כיפה קטיפה ארטמן כחולה 4 חלקים עם סרט 20 ס""מ","29.97","כיפות","israel-judaica",""
"9WFP7kHB7uM0PHkvvthd","UK11121","כיפה סרוגה 17 ס""מ שחור חלק - 12 יח","17.97","כיפות","israel-judaica",""
"9eKFzhy8fjElCOgnY8tZ","UK81340","מגש אקריליק להבדלה 25 ס""מ","152.58","יודאיקה","israel-judaica","https://www.israel-judaica.com/index.php?option=com_art&view=product&sku=UK81340&lang=he"
"A0qoRQ6Eej55saBDl9OR","UK11310","כיפה קטיפה ""ארט-מן"" עם אותיות בולטות הרב יורם אברגל גודל 4 - שחור","43.58","כיפות","israel-judaica",""
"A1ELsjRjiRf7Vk859a6G","UK10068","כיפה ארטמן קטיפה נחמן אפור כלשהו עם רקמה אפורה גודל 4","39.22","כיפות","israel-judaica",""
"A39Q0HeRNK67YeZeVHtz","UK55063","נר הבדלה כחול לבן מהודר 30 ס""מ","26.97","יודאיקה","israel-judaica","https://www.israel-judaica.com/index.php?option=com_art&view=product&sku=UK55063&lang=he"
"AB8eVWNEb1bOKFQa9RZQ","UK16180","כיפת קטיפה שחורה 1/4 נצנץ כסף גודל 4 - 20 ס""מ","8.97","כיפות","israel-judaica",""
"AEI8fekr4UwArNBGA89L","UK10361","כיפה קטיפה ""ארט-מן"" עם אותיות בולטות רבי שמעון גודל 4 - שחור","43.58","כיפות","israel-judaica",""
"AT1SQlkp91Ah3ZIBVrQe","UK42628","כלי לנר הבדלה ובשמים להבדלה 13 ס""מ","152.58","יודאיקה","israel-judaica","https://www.israel-judaica.com/index.php?option=com_art&view=product&sku=UK42628&lang=he"
"AgtkByuknUfyNCsJleqm","UK10017","כיפה סרוגה 16 ס""מ לבנה עם ריקמה ""בבא סאלי"" כסף","23.97","כיפות","israel-judaica",""
"ApKkeyowFyNjOYT8uHY4","UK10264","כיפה קטיפה ""ארט-מן"" עם ריקמה האש שלי גודל 3 - ורוד","39.22","כיפות","israel-judaica",""
"AvklztSQKTqLr0LLzzGg","UK18938","כיפה קטיפה ארטמן שחורה 4 חלקים עם סרט 22 ס""מ","26.14","כיפות","israel-judaica",""
"BBD71DFdetsTx58b6ja7","UK14941","כיפה קטיפה ""ארט-מן"" עם ריקמה בבא סאלי גודל 4 - א","39.22","כיפות","israel-judaica",""
"BBEaFqBhzG6BtqMno0bN","UK17611","כיפה פריק 21 ס""מ פסים בגוון כחול כהה לבן ותכלת","23.97","כיפות","israel-judaica",""
"BC99zPaC2aNOTvdk1Q1q","UK19105","כיפה קטיפה ""ארט-מן"" שחורה 6 חלקים עם סרט גודל 5","26.14","כיפות","israel-judaica",""
"BIA1ZXqpeqIakf19dF3d","UK16423","כיפה קטיפה פלוש שחורה 6 חלקים גודל 7 23 ס""מ ללא סרט","11.97","כיפות","israel-judaica",""
"BT68B09sTcOor8vag1H7","UK16380","כיפה ""מופת"" קטיפה שחורה גודל 3 19 ס""מ - 4 חלקים ללא סרט","11.97","כיפות","israel-judaica",""
"BT8IAF8ZyNA3jMLXc3fN","UK11632","כיפה קטיפה ""ארט מן"" עם ריקמה ""האש שלי"" גודל 4 - שחור","39.22","כיפות","israel-judaica",""
"BTl5uxLFdvinHMkiopB0","UK82240","סט הבדלה מגש מסתובב קריסטל רוז גולד","356.38","יודאיקה","israel-judaica","https://www.israel-judaica.com/index.php?option=com_art&view=product&sku=UK82240&lang=he"
"BW12WNaqsyHWUJEdqFPq","UK10006","כיפה קטיפה עם ריקמה האש שלי גודל 4 - אופוויט","39.22","כיפות","israel-judaica",""
"BXRJZa01zzQjjVhCv79d","UK17213","כיפה סרוגה 16 ס""מ לבנה מסביב שני פסים שחור ותכלת","14.97","כיפות","israel-judaica",""
"BXyfPhKwnYxVZ0cvUyeU","UK11111","כיפה סרוגה 15 ס""מ שחור חלק - 12 יח","14.97","כיפות","israel-judaica",""
"BagDDrQOq0e0DErKWvzA","UK40769","סט הבדלה מהודר 4 חלקים בגימור ניקל בעיטור ירושל","311.98","יודאיקה","israel-judaica","https://www.israel-judaica.com/index.php?option=com_art&view=product&sku=UK40769&lang=he"
"BdhTNhPEF3I4gZViNdT1","UK16343","כיפה סרוגה 16 ס""מ לבן עם רקמה זהב מגן דוד","19.47","כיפות","israel-judaica",""
"Bi6yZ8sxUsXsvYcecqy4","UK81884","ברכון מהודר דמוי עור - ספר הקידוש נוסח ע.מ. 12X17.5 ס""מ","0","יודאיקה","israel-judaica","https://www.israel-judaica.com/index.php?option=com_art&view=product&sku=UK81884&lang=he"
"ButolVeNwnKASH01gCMw","UK17518","כיפה ד.מ.צ שחור 13 ס""מ","29.97","כיפות","israel-judaica",""
"C1QdGjUQvC728uGIk1Tg","UK15601","כיפה ""מנטש"" קטיפה שחורה גודל 4 20 ס""מ - 4 חלקים ללא סרט","11.97","כיפות","israel-judaica",""
"C7TdvDurttvcUdOrwOgw","UK14949","כיפה קטיפה ""ארט-מן"" עם ריקמה מגן דוד גודל 4 - כחול","39.22","כיפות","israel-judaica",""
"C7pdWdrtPcM8b7WoNROR","UK10362","כיפה קטיפה ""ארט-מן"" עם אותיות בולטות בבא סאלי גודל 4 - שחור","43.58","כיפות","israel-judaica",""
"CKjs0dPXKJviu7WJY6G9","UK19142","כיפה סרוגה 16 ס""מ שחורה עם ריקמה ""נחמן מאומן"" זהב","23.97","כיפות","israel-judaica",""
"CONi6E6YcLxdL28rx3uo","UK19075","כיפה עור אפור כהה 16 ס""מ","22.47","כיפות","israel-judaica",""
"COQQFFQPZyBXEH0WgIsP","UK18170","צצ כיפה ד.מ.צ. שחור עם פס אפור 18 ס""מ","37.04","כיפות","israel-judaica",""
"CUWNBiVuu1CvXyryijxD","UK16356","כיפה סרוגה 15 ס""מ שחור מסביב פס כסף","14.97","כיפות","israel-judaica",""
"CXpeS2cOtCpANsWrfYtm","UK16458","כיפה סרוגה 16 ס""מ לבן 6 מגיני דוד זהב","19.47","כיפות","israel-judaica",""
"CdRJ45YMoeUYzDWZ00Ly","UK35978","מחזיק מפתחות חמסה ניקל - 5 ס""מ","10.47","יודאיקה","israel-judaica","https://www.israel-judaica.com/index.php?option=com_art&view=product&sku=UK35978&lang=he"
"Cp1S5VmXjE6TntASG8dU","UK14944","כיפה קטיפה ""ארט-מן"" עם ריקמה בבא סאלי גודל 4 - כחו","39.22","כיפות","israel-judaica",""
"CsqxfUpSshxXDsX7hvn3","UK41256","נר הבדלה צבעוני ומהודר 8 ס""מ","26.97","יודאיקה","israel-judaica","https://www.israel-judaica.com/index.php?option=com_art&view=product&sku=UK41256&lang=he"
"D0oCsN0YGy0KYYz28KBA","UK10223","כיפה קטיפה ""ארט-מן"" עם ריקמה האש שלי גודל 3 - אפור","39.22","כיפות","israel-judaica",""
"D7VpCJZhmm8mvbHfQZqT","UK17389","כיפה סרוגה שטיח 20 ס""מ כחול ירוק בהיר ולבן","17.97","כיפות","israel-judaica",""
"D8aZ9VOaZvsP3YTOyP1w","UK10209","כיפה קטיפה ""ארט-מן"" עם ריקמה האש שלי גודל 3 - אפור בהיר","39.22","כיפות","israel-judaica",""
"DWoFuXo5bWLv74QfdqMT","UK10004","כיפה קטיפה עם ריקמה מגן דוד גודל 4 - אופוויט","39.22","כיפות","israel-judaica",""
"DeEvq6wezz8ybk2h72rw","UK16368","כיפה סרוגה 15 ס""מ לבן מסביב פס כחול","14.97","כיפות","israel-judaica",""
"Dsb9qTnwV6JUdKfxDzG1","UK18177","צצ כיפה ד.מ.צ. שחור עם פס כחול 18 ס""מ","61.02","כיפות","israel-judaica",""
"E4yAdeaSnqXTQzuiwRzV","UK11221","כיפה סרוגה 17 ס""מ כחול כהה חלק - 12 יח","17.97","כיפות","israel-judaica",""
"EFW6rLOW5gKGTm6CPun5","UK18190","כיפה ד.מ.צ. לבן עם פס שחור 14 ס""מ","41.4","כיפות","israel-judaica",""
"EFWMpIerqHbi7DuYGBYr","UK16264","כיפת קטיפה שחורה 1/4 בד מהודר גודל 3 - 19 ס""מ","8.97","כיפות","israel-judaica",""
"EHD1KoVAAatMjKaEVztQ","UK10193","כיפה קטיפה ""ארט-מן"" עם ריקמה בבא סאלי גודל 4 - לבן","39.22","כיפות","israel-judaica",""
"EMiHsBCg4Lt0daKpBhwe","UK16041","כיפה ירושלמית שחור חלק 22 ס""מ","26.97","כיפות","israel-judaica",""
"ETSsMpNNa46HKMmv8OeK","UK15615","כיפה ""מנטש"" קטיפה שחורה גודל 4 20 ס""מ - 6 חלקים ללא סרט","11.97","כיפות","israel-judaica",""
"EZ9QCe9dRXBpwzJFffPm","UK17673","כיפה פריק אפור כהה עם חורים 22 ס""מ","23.97","כיפות","israel-judaica",""
"EaUT7zkhOnfiYVHtaoZw","UK19684","כיפה קטיפה ""ארט-מן"" עם ריקמה יחי אדוננו גודל 4 - פ","39.22","כיפות","israel-judaica",""
"EjKhZlJuKXpQZ2wbdb8u","UK40005","סט הבדלה מהודר 4 חלקים בגימור ניקל בעיטור מתומן 22","311.98","יודאיקה","israel-judaica","https://www.israel-judaica.com/index.php?option=com_art&view=product&sku=UK40005&lang=he"
"EmrNsYrhcCGOtw46eJwZ","UK48359","תחתית לסיר זכוכית בלתי שבירה 19 ס""מ","0","שבת","israel-judaica","https://www.israel-judaica.com/index.php?option=com_art&view=product&sku=UK48359&lang=he"
"EnjMWHVEUelnzXewml5c","UK18559","כיפה בד ""ארט-מן"" 18 ס""מ לבן","29.97","כיפות","israel-judaica",""
"EqKtjjCmyTke0PyJU6tK","UK19202","כיפה סרוגה 16 ס""מ לבנה עם ריקמה ""בבא סאלי"" זהב","23.97","כיפות","israel-judaica",""
"EqkUfVIzUaeJ4MqLPsS3","UK11222","כיפה סרוגה 19 ס""מ כחול כהה חלק - 12 יח","17.97","כיפות","israel-judaica",""
"Err8Iso3VnAwwbq5HnU8","UK43082","נר הבדלה ""דונג"" מהודר 30 ס""מ","34.86","יודאיקה","israel-judaica","https://www.israel-judaica.com/index.php?option=com_art&view=product&sku=UK43082&lang=he"
"EzbZ6vHdIMDaBCTrTU4O","UK15987","כיפה בד מהודרת - כחול - גודל 2 - 17.5 ס""מ","19.47","כיפות","israel-judaica",""
"F0zQsat63Ube6O8eOpro","UK11253","כיפה DMC סריגה ישראלית דוגמת שטיח 12-13 ס""מ אין החזרת סחורה","52.3","כיפות","israel-judaica",""
"F8lBs5mGDWeEAq9k6dZd","UK19379","כיפה ""פריק"" 21 ס""מ גוונים מהודרת","23.97","כיפות","israel-judaica",""
"F9VfGFJhpiHQuN8lc2YI","UK19089","כיפה קטיפה ארטמן שחורה 4 חלקים עם סרט גודל 3","26.14","כיפות","israel-judaica",""
"FC3RXqlAjk7pIYTcnvow","UK17670","כיפה פריק לבן עם חורים 22 ס""מ","23.97","כיפות","israel-judaica",""
"FEmxHrqKtSV1JL2csNJ9","UK11567","כיפה DMC סריגה ישראלית חלק לבן 17 ס""מ אין החזרת סחורה","76.28","כיפות","israel-judaica",""
"FGjgXEVRRUMmHWjWd1Pt","UK10294","כיפה ארטמן קטיפה בז רקמה שמע ישראל גודל 3","39.22","כיפות","israel-judaica",""
"FZxExRT74cvVERzKE3ce","UK81576","נר הבדלה צבעוני ומהודר 16 ס""מ","32.68","יודאיקה","israel-judaica","https://www.israel-judaica.com/index.php?option=com_art&view=product&sku=UK81576&lang=he"
"Fio1VLs3HEZxt833VFt9","UK11277","כיפה קטיפה ""ארט מן"" עם ריקמה ""נחמן"" גודל 3 -אפור","39.22","כיפות","israel-judaica",""
"Fj0DuqyZdPwyEMZM3abx","UK10284","כיפה קטיפה ""ארט-מן"" עם ריקמה רבי שמעון גודל 3 - חום כהה","39.22","כיפות","israel-judaica",""
"Fldx7VQ3oaxLyAqZgAP2","UK15466","כיפה טרילין ""ארט מן"" שחור גודל 7 - 6 חלקים","29.97","כיפות","israel-judaica",""
"GA6IaHppba8peGVGHGud","UK00321","כיפה סטן לבן פס כסף מהודר 20 ס""מ","5.07","כיפות","israel-judaica",""
"GIG6Bsn4dYc49xYkpfva","UK11881","כיפה טרילין גודל 18 סמ רקמה ""יחי אדוננו..""","29.97","כיפות","israel-judaica",""
"GQPydtKImHv9WeR62kwO","UK41125","סט הבדלה ""מגן דוד"" 3 חלקים","311.98","יודאיקה","israel-judaica","https://www.israel-judaica.com/index.php?option=com_art&view=product&sku=UK41125&lang=he"
"GRMJgdmgJFa7iXvF8alK","uk49558","נטלה ""במבוק עבה"" עם הדפסה צבעונית ""נטילת ידים""","0","יודאיקה","israel-judaica","https://www.israel-judaica.com/index.php?option=com_art&view=product&sku=uk49558&lang=he"
"GYx5BzFg03oag2LxABwp","UK14942","כיפה קטיפה ""ארט-מן"" עם ריקמה בבא סאלי גודל 4 - כחו","39.22","כיפות","israel-judaica",""
"GxhYBp55OE1fByc4otyM","UK10186","כיפה קטיפה ""ארט-מן"" עם ריקמה מגן דויד גודל 4 - לבן","39.22","כיפות","israel-judaica",""
"H08Hi3yO4NeChQPHlYZj","UK17201","כיפה קטיפה ""ארט מן"" עם ריקמה אותיות גודל 3 - כחול","30.5","כיפות","israel-judaica",""
"H0r2WEXdtqGNoXnQOBrO","UK16358","כיפה סרוגה 15 ס""מ שחור מסביב פס זהב","14.97","כיפות","israel-judaica",""
"HF8UstYsxRYDwWjDn17J","UK16674","כיפה סרוגה 16 ס""מ נטזים כסף עם רקמה מגן דוד","19.47","כיפות","israel-judaica",""
"HGjRbXj4O3ps4tHo6DEu","UK11630","כיפה קטיפה ""ארט מן"" עם ריקמה ""נחמן"" גודל 4 - שחור","39.22","כיפות","israel-judaica",""
"HKLbfT3GYLWQWTLEawHG","UK17378","כיפה קטיפה ""ארט מן"" עם ריקמה אותיות גודל 3 - פנינה","30.5","כיפות","israel-judaica",""
"HLOC37ogOqbLKPrrdIoQ","UK48359","תחתית לסיר זכוכית בלתי שבירה 19 ס""מ","0","שבת","israel-judaica","https://www.israel-judaica.com/index.php?option=com_art&view=product&sku=UK48359&lang=he"
"HLfpr6jB6ZTrAFEeRBwl","UK10292","כיפה קטיפה ""ארט-מן"" עם ריקמה הרב יורם אברגל גודל 3 - חום כהה","39.22","כיפות","israel-judaica",""
"HTPliymShHjNQSyNPsZf","UK19074","כיפה עור אפור כהה 14 ס""מ","22.47","כיפות","israel-judaica",""
"HdVzMg44AMf8neNhNVc9","UK82783","כלי לבשמים מקריסטל 9 ס""מ עם ציפורן","108.98","יודאיקה","israel-judaica","https://www.israel-judaica.com/index.php?option=com_art&view=product&sku=UK82783&lang=he"
"Hg97RYVyiEwijwMaAD0w","UK67159","","108.98","","israel-judaica",""
"Ht1hkN4Ce0kXEb3VPQzs","UK18519","כיפה סרוגה לבנה 17 חוט עבה פס כסף","14.97","כיפות","israel-judaica",""
"I6yDEMSJP9UNfXaWuAwq","UK80063","סט הבדלה מהודר מקריסטל 20 ס""מ","353.58","יודאיקה","israel-judaica","https://www.israel-judaica.com/index.php?option=com_art&view=product&sku=UK80063&lang=he"
"IAI9FZ35un5Oh7S9ATkk","UK16354","כיפה סרוגה 15 ס""מ שחור מחורר","14.97","כיפות","israel-judaica",""
"IAhJQjWhqRRm0k7gY4Pq","UK18157","כיפה ד.מ.צ. לבן עם פס שחור איכותי קשיח 16 ס""מ","47.94","כיפות","israel-judaica",""
"ICvhLoRpJbcKimjGFEsq","UK14943","כיפה קטיפה ""ארט-מן"" עם ריקמה בבא סאלי גודל 4 - פ","39.22","כיפות","israel-judaica",""
"IIP0trnnhKvj402Jakm3","UK41257","נר הבדלה צבעוני ומהודר 13 ס""מ","26.97","יודאיקה","israel-judaica","https://www.israel-judaica.com/index.php?option=com_art&view=product&sku=UK41257&lang=he"
"IKFzBT0uMJaMm5pBgy5z","UK11921","כיפה סטן 19 ס""מ מגן דוד זהב עם סרט","11.97","כיפות","israel-judaica",""
"ITnVoHarcf2An38ggI3D","UK17383","כיפה סרוגה שטיח 20 ס""מ שחור בז וירוק זית","17.97","כיפות","israel-judaica",""
"IUaCvmWf6auR6pgx6PDk","UK14952","כיפה קטיפה ""ארט-מן"" עם ריקמה מגן דוד גודל 4 - ירוק","39.22","כיפות","israel-judaica",""
"IiQtW6n1JmvM6Hz1Id0K","UK18759","כיפה קורדרוי ""ארט-מן"" 19 ס""מ שחור","29.97","כיפות","israel-judaica",""
"IllSHbPm2uhRQYK5eAXA","UK06100","כיפה ""פריק"" לבן לבן 23 ס""מ","23.97","כיפות","israel-judaica",""
"Inx9k3Rx6d7fd4fWwPiK","UK19306","כיפה קטיפה ""ארט-מן"" עם ריקמה האש שלי גודל 4 - אפ","39.22","כיפות","israel-judaica",""
"J7LYDy4UlSpjvxpem9tD","UK15614","כיפה ""מנטש"" קטיפה שחורה גודל 3 19 ס""מ - 6 חלקים ללא סרט","11.97","כיפות","israel-judaica",""
"J7zfKJOh1wcw9E0dAEPR","UK18861","כיפה פריק 21 ס""מ סריגה עבה גווני אפור ובז","23.97","כיפות","israel-judaica",""
"JBo9DSSJEhee754gj6Jn","UK14945","כיפה קטיפה ""ארט-מן"" עם ריקמה בבא סאלי גודל 4 - ירו","39.22","כיפות","israel-judaica",""
"JSmlOfJSoJfNi2mMAxH6","UK10280","כיפה קטיפה ""ארט-מן"" עם ריקמה רבי מאיר גודל 3 - ורוד","39.22","כיפות","israel-judaica",""
"JTXoTrPe0pOvaP6zAzhs","UK10455","כיפה קטיפה ""ארט-מן"" עם אותיות בולטות כסף ""יחי אדוננו..""גודל 4 - ירוק","47.94","כיפות","israel-judaica",""
"JUkaSiHrsBwLx2LutL0E","UK18163","כיפה ד.מ.צ. לבן איכותי קשיח 18 ס""מ","61.02","כיפות","israel-judaica",""
"JYGS9K08UCFfVpi3pMwr","UK11254","כיפה DMC סריגה ישראלית חלק עם פס 12-13 ס""מ אין החזרת סחורה","52.3","כיפות","israel-judaica",""
"JZyO4cdb2n4w9Ruo7Apu","UK19505","כיפה סטן דלוקס אופוויט 20 ס""מ עם מקום לסי","11.97","כיפות","israel-judaica",""
"Jh9X2FHypKaS0MYLjZjC","UK18565","כיפה סטן 20 ס""מ שחור","4.17","כיפות","israel-judaica",""
"JihexV4JV0CLuG2n5qZx","UK11107","כיפה סרוגה 15 ס""מ לבן חלק - 12 יח","14.97","כיפות","israel-judaica",""
"Jji5KfLlNxwAdPesRlFl","UK35964","כלי לבשמים מתומן אקריל","119.88","יודאיקה","israel-judaica","https://www.israel-judaica.com/index.php?option=com_art&view=product&sku=UK35964&lang=he"
"JkxBE8Wv3VPFiF30cB9L","UK10170","כיפה פריק לבן עם חורים 24 ס""מ","17.97","כיפות","israel-judaica",""
"JuqKPy4hovlJkvjya5Nk","UK11231","כיפה סרוגה דגמים מעורבים - רקע שחור - 18 ס""מ - 24 יח","17.97","כיפות","israel-judaica",""
"K0M8J4gagkgh9pDyJd0R","UK15625","(כמו 16410) כיפה קטיפה פלוש שחורה 4 חלקים גו","20.97","כיפות","israel-judaica",""
"K0XT7PIZHZBRCwtbT2h0","UK16040","כיפה ירושלמית שחור חלק 24 ס""מ","26.97","כיפות","israel-judaica",""
"K5ULZfOGBBb9TD9mCUmY","UK11233","כיפה סרוגה דגמים מעורבים - רקע כחול - 16 ס""מ - 24 יח","16.47","כיפות","israel-judaica",""
"KCPKb6c7VdRgHlp4Br0P","UK16370","כיפה סרוגה 16 ס""מ לבן רקמה תכלת מגן דוד","19.47","כיפות","israel-judaica",""
"KEADapFzqqhS0hb3PWeM","UK00381","כיפה סטן כ. כהה 19","4.17","כיפות","israel-judaica",""
"KLgJUI6KPFOyxZNA7fS0","UK19305","כיפה קטיפה ""ארט-מן"" עם ריקמה האש שלי גודל 4 - אפ","39.22","כיפות","israel-judaica",""
"KMn9OYV2dre0LQWYMlvB","UK19680","כיפה קטיפה ""ארט-מן"" עם ריקמה יחי אדוננו גודל","39.22","כיפות","israel-judaica",""
"KcF0sFdsMGTuN00mI9Ju","UK10084","כיפה ארטמן קטיפה ה יתברך אוהב כחולה טורקיז עם רקמה כסף גודל 4","39.22","כיפות","israel-judaica",""
"KkoHvLesF4eABGJg4nd8","UK10097","כיפה ארטמן קטיפה בבא סאלי שחור רקמה זהב גודל 4","39.22","כיפות","israel-judaica",""
"Kmto8u24uJ5jeynecjcv","UK12458","כיפה סרוגה 15 ס""מ לבנה מחוררת עם פסי כסף","14.97","כיפות","israel-judaica",""
"L0NDBZxY5Gw9oM4mpdji","UK51563","","108.98","","israel-judaica",""
"L6MuhOpxQngjBMfuahc1","UK15697","כיפה טרילין שחור 23 ס""מ מס 8 - 6 חלקים","16.47","כיפות","israel-judaica",""
"L6WRLh1GFTol5ki1wYX7","UK81084","סט הבדלה מהודר מקריסטל עם מגש 25 ס""מ","356.38","יודאיקה","israel-judaica","https://www.israel-judaica.com/index.php?option=com_art&view=product&sku=UK81084&lang=he"
"LFydXcsgHadIerpbYQY7","UK10076","כיפה פריק 22 ס""מ גוונים לבן ואדום","23.97","כיפות","israel-judaica",""
"LGO5adX8NCGBk6lRMOIm","UK40126","פמוטי נסיעה מקריסטל ""מעויינים"" כסף 10x5 ס""מ","65.38","שבת","israel-judaica","https://www.israel-judaica.com/index.php?option=com_art&view=product&sku=UK40126&lang=he"
"LKlWmaT6pB8KuIngoU3S","UK16500","כיפה סרוגה 16 ס""מ לבן 6 מגיני דוד כחול","19.47","כיפות","israel-judaica",""
"LMURDqTClEExAGsuZLvx","UK80698","","196.18","","israel-judaica",""
"LMfyj8rw3ZYb0AVL6Riu","UK11027","כיפה קטיפה ""ארט מן"" עם ריקמה ""נחמן"" גודל 3 -פנינה","39.22","כיפות","israel-judaica",""
"LSQhkUwN5W3DHxua9g4m","UK11227","כיפה סרוגה 19 ס""מ אפור כהה חלק - 12 יח","17.97","כיפות","israel-judaica",""
"LjBMpp4PmbGTICAknYfS","UK11011","כיפה קטיפה ""ארט-מן"" עם אותיות בולטות זהב ""יברכך"" גודל 4 - פנינה","43.58","כיפות","israel-judaica",""
"LnBICAhdtxdEHDpnzdHl","UK10302","כיפה ארטמן קטיפה ירוק בהיר רקמה רבי מאיר בעל הנס גודל 3","39.22","כיפות","israel-judaica",""
"LtATZikWA117hGsa4Wka","UK50088","מחזיק גפרורים אקריליק זהב שוכב","80.64","שבת","israel-judaica","https://www.israel-judaica.com/index.php?option=com_art&view=product&sku=UK50088&lang=he"
"Lz82OsQDEE5UYxeuJPrX","UK10462","כיפה קטיפה ""ארט-מן"" עם אותיות בולטות זהב ""יחי אדוננו..""גודל 4 - ירוק","47.94","כיפות","israel-judaica",""
"M6fL7XOOmMBbUmfOVvHK","UK67313","","108.98","","israel-judaica",""
"MAzuvxP1irW3Nyp6xXDt","UK19024","כיפה קטיפה ארטמן כחולה 4 חלקים עם סרט 16 ס""מ","29.97","כיפות","israel-judaica",""
"MJMpknFM95Em16aKZgnh","UK19098","כיפה עור ארטמן כחול בהיר 16 ס""מ","29.97","כיפות","israel-judaica",""
"MhSLvthDVk8HGti60ksk","UK18564","כיפה סטן 20 ס""מ לבן","4.17","כיפות","israel-judaica",""
"Mkz0ip8fai84yM7AG0bc","UK81298","מסגרת זכוכית מהודרת אשר יצר נוסח ספרדי 22X17 ס""מ","0","יודאיקה","israel-judaica","https://www.israel-judaica.com/index.php?option=com_art&view=product&sku=UK81298&lang=he"
"MpPyZyzAdE1smm2uElfe","UK18205","כיפה ד.מ.צ. אפור 18 ס""מ","61.02","כיפות","israel-judaica",""
"MqlR21OV3YeB53JIXD3x","UK15462","כיפה טרילין ""ארט מן"" שחור גודל 3 - 6 חלקים","29.97","כיפות","israel-judaica",""
"MscKCQ06f54czjQr3EQH","UK17904","כיפה פריק לבן ""נחמן מאומן"" 24 ס""מ","23.97","כיפות","israel-judaica",""
"MvExMlR885SF2BjR91ws","UK11884","כיפה טרלין גודל 20 סמ רקמה ""יחי אדוננו..""","29.97","כיפות","israel-judaica",""
"NTJz84EgmKuYmlvdVc4b","UK11012","כיפה קטיפה ""ארט-מן"" עם אותיות בולטות זהב ""יברכך"" גודל 4 - אופוויט","43.58","כיפות","israel-judaica",""
"NVnYleQXTUV9YeyYA6GQ","UK81341","מגש אקריליק להבדלה 25X25 ס""מ","152.58","יודאיקה","israel-judaica","https://www.israel-judaica.com/index.php?option=com_art&view=product&sku=UK81341&lang=he"
"Nc3GJuIZiY3Qx3unKkrs","UK18188","כיפה ד.מ.צ. שחור עם פס תכלת 20 ס""מ","39.22","כיפות","israel-judaica",""
"Ni1WzKpQAhnCJ8MOySl4","UK16385","כיפה ""מופת"" קטיפה שחורה גודל 8 24 ס""מ - 4 חלקים ללא סרט","11.97","כיפות","israel-judaica",""
"NuMDqrSxez9CyJLYzm62","UK19504","כיפה סטן דלוקס לבן 19 ס""מ עם מקום לסיכה","17.97","כיפות","israel-judaica",""
"NuvSKWTs5Nr2U10n1fr6","UK66467","","50.12","","israel-judaica",""
"O4ktwpHeWzgYO1j7wnkm","UK10013","כיפה קטיפה עם ריקמה יחי אדוננו גודל 4 - אופוויט","39.22","כיפות","israel-judaica",""
"O8atlxzJKCM8AW054DTe","UK80306","כלי לבשמים מקריסטל 8X5 ס""מ","108.98","יודאיקה","israel-judaica","https://www.israel-judaica.com/index.php?option=com_art&view=product&sku=UK80306&lang=he"
"OEVGFJ7xVB0C9lnzmJCc","UK15684","כיפה ד.מ.צ. שחור איכותי קשיח 18 ס""מ","61.02","כיפות","israel-judaica",""
"OEe8ttNGGmekMWOy4T1M","UK10287","כיפה קטיפה ""ארט-מן"" עם ריקמה בבא סאלי גודל 3 - חום כהה","39.22","כיפות","israel-judaica",""
"OEyPuPmjjcGBmsOUAVmI","UK40396","סט הבדלה מהודר מקרמיקה 20 ס""מ","174.38","יודאיקה","israel-judaica","https://www.israel-judaica.com/index.php?option=com_art&view=product&sku=UK40396&lang=he"
"OHNncQoa4UGnIPiL5HIF","UK82073","כלי לבשמים מקריסטל עם פלקטה 9 ס""מ עם ציפורן","108.98","יודאיקה","israel-judaica","https://www.israel-judaica.com/index.php?option=com_art&view=product&sku=UK82073&lang=he"
"OQ7AxQel6i5QOdIpItT0","UK18208","כיפה ד.מ.צ. אפור 20 ס""מ","39.22","כיפות","israel-judaica",""
"OR05Kxyfz5DyTJQdGvmX","UK10282","כיפה קטיפה ""ארט-מן"" עם ריקמה רבי מאיר גודל 3 - זהב","39.22","כיפות","israel-judaica",""
"OUl6u2HnNF30U6EmeHDv","UK19151","כיפה עור ""ארטמן"" 16 ס""מ כחול","23.97","כיפות","israel-judaica",""
"OZebntnwmgFCiu2DGbv1","UK10256","כיפה קטיפה ""ארט-מן"" עם ריקמה בבא סאלי גודל 3 - כחול","39.22","כיפות","israel-judaica",""
"Okq6hOSKIYE86oPBQNas","UK42481","סט הבדלה מהודר מאלומיניום גווני אפור 14X23 ס""מ","270.38","יודאיקה","israel-judaica","https://www.israel-judaica.com/index.php?option=com_art&view=product&sku=UK42481&lang=he"
"OlufPw4l2inoCvsuPH5c","UK13869","כיפה סטן לבנה 15 ס""מ","5.37","כיפות","israel-judaica",""
"P3b2jJEKVDYuhfuZS2Tr","UK40081","נר הבדלה עם בשמים צבעים שונים 25 ס""מ","47.94","יודאיקה","israel-judaica","https://www.israel-judaica.com/index.php?option=com_art&view=product&sku=UK40081&lang=he"
"P4rtJtBtWQMbIvcgFvB5","UK14953","כיפה קטיפה ""ארט-מן"" 17 ס""מ - אופוויט","26.14","כיפות","israel-judaica",""
"P59fewyP3xXBhyJD9R4A","UK19110","כיפה עור ארטמן שחור 14 ס""מ","23.97","כיפות","israel-judaica",""
"P8uzEjRuTVi6g7HjSJMr","UK14997","כיפה פריק 23 ס""מ","23.97","כיפות","israel-judaica",""
"PDc0dTK7NcEn3aS6iyVD","UK10002","כיפה קטיפה עם ריקמה בבא סאלי גודל 4 - אופוויט","39.22","כיפות","israel-judaica",""
"PFdL7kX4b77CcEjbg8te","UK19112","כיפה עור ארטמן שחור 16 ס""מ","23.97","כיפות","israel-judaica",""
"PH5jJFcpknwnpVgnsBXE","UK10472","כיפה קטיפה ""ארט-מן"" עם אותיות בולטות כסף ""יחי אדוננו..""גודל 4 - תכלת","47.94","כיפות","israel-judaica",""
"PLt4j4AELvnncN2HP3Sb","UK19314","כיפה טרילין ""ארט מן"" גודל 5 רקמה ""יחי אדוננו..""","47.94","כיפות","israel-judaica",""
"PMmTY1UsUDcGqWNABWB8","UK17380","כיפה סרוגה שטיח 18 ס""מ שחור ולבן","17.97","כיפות","israel-judaica",""
"PQYOWrvpot6DKtiTttWK","UK81575","נר הבדלה צבעוני ומהודר 16 ס""מ","32.68","יודאיקה","israel-judaica","https://www.israel-judaica.com/index.php?option=com_art&view=product&sku=UK81575&lang=he"
"PRVGtyBmBp2CzSB8XOfp","UK10518","כיפה קטיפה ""ארט-מן"" עם אותיות בולטות זהב ""יברכך"" גודל 4 - אופוויט","43.58","כיפות","israel-judaica",""
"PTqcBU6RD01Zw0JLzUSA","UK19113","כיפה עור ארטמן שחור 17 ס""מ","23.97","כיפות","israel-judaica",""
"PtvVBEFlZ4VoRNacDlvT","UK11891","כיפה סטן שחור 19 ס""מ","3.57","כיפות","israel-judaica",""
"Q2q9pF8XoXk2cYEiz3p4","UK16671","כיפה סרוגה 16 ס""מ 6 מגיני דוד כסף במרכז","19.47","כיפות","israel-judaica",""
"Q3pY9Zfj5WWOHNMERrR8","UK11224","כיפה סרוגה 19 ס""מ אפור חלק - 12 יח","17.97","כיפות","israel-judaica",""
"Q5ciV8lTpVyyM3VqBSjk","UK10286","כיפה קטיפה ""ארט-מן"" עם ריקמה בבא סאלי גודל 3 - ורוד","39.22","כיפות","israel-judaica",""
"QAopYAA2Im9mz6iRBgXl","UK10093","כיפה ארטמן קטיפה ה יתברך אוהב אפור כלשהו עם רקמה אפורה גודל 4","39.22","כיפות","israel-judaica",""
"QIWCj6QY9pfPbam1K36M","UK11297","כיפה קטיפה ""ארט-מן"" עם אותיות בולטות רבי מאיר גודל 4 - שחור","43.58","כיפות","israel-judaica",""
"QNro9lun7qvzdekqdxSY","UK17157","כיפה סטן לבן 20 ס""מ עם עיטור ריקמה","8.97","כיפות","israel-judaica",""
"QUWkfJ4UoD1G5sRKNPjj","UK43848","סדר הבדלה עם ציפורן ספרדי 18.5X13 ס""מ","23.97","יודאיקה","israel-judaica","https://www.israel-judaica.com/index.php?option=com_art&view=product&sku=UK43848&lang=he"
"QfP7pEDGJf1hafO4xKTp","UK15211","כיפה קטיפה ""ארט-מן"" 17 ס""מ - כחול כהה","26.14","כיפות","israel-judaica",""
"Qih4xVAUgHcJmdVVFW3T","UK15517","כיפה קטיפה ""ארט מן"" עם ריקמה אותיות גודל 3 - אופוויט","30.5","כיפות","israel-judaica",""
"QqD3EMDHLD5t7f0Jul0d","UK41660","כלי לטבק עם מראה פנימית ""ירושלים"" 6 ס""מ","37.04","יודאיקה","israel-judaica","https://www.israel-judaica.com/index.php?option=com_art&view=product&sku=UK41660&lang=he"
"Qrlnt0YR3SXPxINCeD9e","UK11200","כיפה סרוגה 20 ס""מ שחור חלק - 12 יח","17.97","כיפות","israel-judaica",""
"R0QED3AZj0eionDDgURY","UK19315","כיפה טרילין ""ארט מן"" גודל 6 רקמה ""יחי אדוננו..""","47.94","כיפות","israel-judaica",""
"RFEAwc5yk9jWvFiQVSKd","UK19090","כיפה קטיפה ארטמן שחורה 4 חלקים עם סרט גודל 4","26.14","כיפות","israel-judaica",""
"RH0tWNtMRwWvvI6RC5Mt","UK82459","סט הבדלה קריסטל שקוף עם מגש 25X12.5","353.58","יודאיקה","israel-judaica","https://www.israel-judaica.com/index.php?option=com_art&view=product&sku=UK82459&lang=he"
"RjlcOxM57hWVKhriu9GN","UK49458","כלי בשמים זכוכית עם פלקטה מתכת (סטנד מעורב 24 י","23.96","יודאיקה","israel-judaica","https://www.israel-judaica.com/index.php?option=com_art&view=product&sku=UK49458&lang=he"
"RnL1ht2OFCV9sTA0EUB4","UK67381","","108.98","","israel-judaica",""
"Rt45ig7T4JWYXb5VoWwF","UK17669","כיפה פריק אדום ""נחמן מאומן"" 24 ס""מ","23.97","כיפות","israel-judaica",""
"RvhUMQvUpcfCNrmB8JMZ","UK80059","סט הבדלה מהודר מקריסטל 22x11 ס""מ","353.58","יודאיקה","israel-judaica","https://www.israel-judaica.com/index.php?option=com_art&view=product&sku=UK80059&lang=he"
"S2MFuZsExLuMLs64niy3","UK10296","כיפה ארטמן קטיפה כחול כהה רקמה שמע ישראל גודל 3","39.22","כיפות","israel-judaica",""
"Sb9EA0kxDH21frdLY2hi","UK19313","כיפה טרילין ""ארט מן"" גודל 4 רקמה ""יחי אדוננו..""","47.94","כיפות","israel-judaica",""
"Se2eDsvBs6q8F7jszfj3","UK15467","כיפה טרילין ""ארט מן"" שחור גודל 8 - 6 חלקים","29.97","כיפות","israel-judaica",""
"Shb9pBt8q5JhsHX2cUpQ","UK11108","כיפה סרוגה 17 ס""מ לבן חלק - 12 יח","14.97","כיפות","israel-judaica",""
"StqgvqqwjNwaqDglzbaO","UK42627","כלי לנר הבדלה ובשמים להבדלה 13 ס""מ","152.58","יודאיקה","israel-judaica","https://www.israel-judaica.com/index.php?option=com_art&view=product&sku=UK42627&lang=he"
"T4nKj28lu3FbsMQF3F3C","UK17386","כיפה סרוגה שטיח 18 ס""מ כחול לבן ואפור","17.97","כיפות","israel-judaica",""
"T7JQKsRuQ9hnyAB3MTve","UK41258","נר הבדלה צבעוני ומהודר 13.5 ס""מ","26.14","יודאיקה","israel-judaica","https://www.israel-judaica.com/index.php?option=com_art&view=product&sku=UK41258&lang=he"
"TBGYDpEKWrqIDbGpHTd0","UK19225","כיפה ""פריק"" 21 ס""מ פסים צבעוני","23.97","כיפות","israel-judaica",""
"TEus8sSVcA6mT4HaJy8R","UK10305","כיפה ארטמן קטיפה ירוק בהיר רקמה סידנא בבא סאלי גודל 3","23.97","כיפות","israel-judaica",""
"TIRkizFB1qBdoqhLaFgH","UK17674","כיפה פריק ירוק זית עם חורים 22 ס""מ","23.97","כיפות","israel-judaica",""
"TRE8cauWaEGMHLG5LPgW","UK10497","כיפה פריק 26 ס""מ פסים אפור וחום","26.97","כיפות","israel-judaica",""
"TWzDEWBhMxC7BtKaR4qs","UK67311","","108.98","","israel-judaica",""
"TqmjZc6GImTg16glostG","UK15635","כיפה קטיפה פלוש שחורה 6 חלקים גודל 5 21 ס""מ עם סרט","20.97","כיפות","israel-judaica",""
"Ts9B4VnhLaAEHzrrYoE9","UK10104","כיפה בוכרית גודל 54 ס""מ - צבעים שונים","23.96","כיפות","israel-judaica",""
"TyMoaoWXi8YytlZaRDKC","UK11294","כיפה קטיפה ""ארט-מן"" עם אותיות בולטות האש שלי גודל 4 - שחור","43.58","כיפות","israel-judaica",""
"TzwwObibdDvxLLNH77Vc","UK16033","כיפה סטן לבנה 19 ס""מ הדפסה כסף ""בר מצווה""","11.97","כיפות","israel-judaica",""
"U67Cmj5JCFTebdLABgCn","UK15620","כיפה קטיפה פלוש שחורה 4 חלקים גודל 3 19 ס""מ עם סרט","11.97","כיפות","israel-judaica",""
"U79Vk9oYiOhuWRu28jPB","UK15085","כיפה סרוגה לבנה רקמה מגן דוד ופס מסגרת בכחול כה","19.47","כיפות","israel-judaica",""
"UAByAM4zYWPWpCbnGaI7","UK18883","כיפה סרוגה 16 ס""מ לבנה עם ריקמה ""האש שלי"" כסף","23.97","כיפות","israel-judaica",""
"UHE2z0SVBG8Qc2U6hklj","UK40126","פמוטי נסיעה מקריסטל ""מעויינים"" כסף 10x5 ס""מ","65.38","שבת","israel-judaica","https://www.israel-judaica.com/index.php?option=com_art&view=product&sku=UK40126&lang=he"
"UNiITTNSJaeAcXz7Urb5","UK42120","סט הבדלה מהודר קריסטל","311.98","יודאיקה","israel-judaica","https://www.israel-judaica.com/index.php?option=com_art&view=product&sku=UK42120&lang=he"
"UOkzgrQ9UewyNarmuQxt","UK11882","כיפה טרלין גודל 21 סמ רקמה ""בית הרב""","29.97","כיפות","israel-judaica",""
"UREgeoI7Y0Oyxq0sk7QX","UK18200","כיפה ד.מ.צ. לבן 15 ס""מ","34.86","כיפות","israel-judaica",""
"URRU5CmqJ6kebdtAqyqD","UK11537","כיפה DMC סריגה ישראלית חלק שחור 12-13 ס""מ אין החזרת סחורה","52.3","כיפות","israel-judaica",""
"URZMFxbFeBJWCFenqKP2","UK17379","כיפה קטיפה ""ארט מן"" עם ריקמה אותיות גודל 4 -פנינה","30.5","כיפות","israel-judaica",""
"USY5646z5etgEa0p5bK9","UK10014","כיפה סרוגה 16 ס""מ שחורה עם ריקמה ""יחי אדוננו"" כסף","23.97","כיפות","israel-judaica",""
"UXiXq5AwWbtVnopCAsXY","UK19069","כיפה עור ארטמן חרדל 15 ס""מ","23.97","כיפות","israel-judaica",""
"UYKGt7cHQWlUPM8v6jo4","UK10227","כיפה קטיפה ""ארט-מן"" עם ריקמה האש שלי גודל 3 - כחול כהה","39.22","כיפות","israel-judaica",""
"UZtwImqi78i5bZ9ejykX","UK11109","כיפה סרוגה 18 ס""מ לבן חלק - 12 יח","17.97","כיפות","israel-judaica",""
"UhpbAPfCncdqoTnBMwJX","UK15681","כיפה ד.מ.צ. שחור איכותי קשיח 15 ס""מ","43.58","כיפות","israel-judaica",""
"UmDmnWbgckIGtgOJ4mwF","UK12611","כיפה קטיפה פלוש שחורה 4 חלקים גודל 3 19 ס""מ עם סרט","26.97","כיפות","israel-judaica",""
"UngBB5PXY9mwNH51GnoN","UK17215","כיפה סרוגה 16 ס""מ לבן מסביב פס כחול כהה ולבן","14.97","כיפות","israel-judaica",""
"UoZD2TDWZVKixdl9NC7i","UK10756","כיפה פריק לבן ""נחמן מאומן"" 22 ס""מ","23.97","כיפות","israel-judaica",""
"Us1Ie3C2VW5RTlCUuM0O","UK10243","כיפה קטיפה ""ארט-מן"" עם ריקמה יחי אדוננו גודל 3 - אפור בהיר","39.22","כיפות","israel-judaica",""
"UypKKlsFNUtKxklKlToi","UK15682","כיפה ד.מ.צ. שחור איכותי קשיח 16 ס""מ","47.94","כיפות","israel-judaica",""
"UzOBWRo1BKH2GQN3JueQ","UK17681","כיפה קטיפה ""ארט מן"" עם ריקמה אותיות גודל 4 - ירוק","30.5","כיפות","israel-judaica",""
"V2Kq0Kuz3I9daTY7Dasf","UK10522","כיפה קטיפה ""ארט-מן"" עם אותיות בולטות זהב ""בבא סאלי"" גודל 4 - פנינה","43.58","כיפות","israel-judaica",""
"VR1zLFEjnnCUZs8Ve7Nl","UK19027","כיפה קטיפה ארטמן כחולה 4 חלקים עם סרט 19 ס""מ","29.97","כיפות","israel-judaica",""
"VUYsxCUommFe5MDcIG8V","UK10281","כיפה קטיפה ""ארט-מן"" עם ריקמה רבי מאיר גודל 3 - חום כהה","39.22","כיפות","israel-judaica",""
"VYQXXdr2eHsdi13NvhGj","UK17393","כיפה ""פריק"" לבן חלק 22 ס""מ","23.97","כיפות","israel-judaica",""
"VdLAAijXeyIjIbk6592e","UK10229","כיפה קטיפה ""ארט-מן"" עם ריקמה האש שלי גודל 3 - כחול","39.22","כיפות","israel-judaica",""
"VeWpDWVFfNfYJif5bwEl","UK48139","ברכון דמוי עור לבן ""סדר הבדלה נוסח ע.מ"" עם בשמי","43.58","יודאיקה","israel-judaica","https://www.israel-judaica.com/index.php?option=com_art&view=product&sku=UK48139&lang=he"
"VioIDZc7rlOHNzuF2rQO","UK42221","סט הבדלה מהודר מקריסטל עם פלקטה 20 ס""מ","376.18","יודאיקה","israel-judaica","https://www.israel-judaica.com/index.php?option=com_art&view=product&sku=UK42221&lang=he"
"VyBbVee3VcZX01vOCGYt","UK41261","נר הבדלה צבעוני ומהודר 9 ס""מ","26.97","יודאיקה","israel-judaica","https://www.israel-judaica.com/index.php?option=com_art&view=product&sku=UK41261&lang=he"
"W8HutSuWzOhFh9lDtdSI","UK16265","כיפת קטיפה שחורה 1/4 בד מהודר גודל 4 - 20 ס""מ","8.97","כיפות","israel-judaica",""
"W9Z6C1zsZBH7EULAJF5F","UK82037","סטנד כלי בשמים זכוכית עם ציפורן מעורב 24 יח","23.96","יודאיקה","israel-judaica","https://www.israel-judaica.com/index.php?option=com_art&view=product&sku=UK82037&lang=he"
"WDpwDZrfBO2Ktr585Tfb","UK11225","כיפה סרוגה 17 ס""מ אפור כהה חלק - 12 יח","17.97","כיפות","israel-judaica",""
"WElZ1iwhehxALeiAH7cu","UK14563","כיפה בד מהודרת שחור 17 ס""מ","8.97","כיפות","israel-judaica",""
"WYnnU9eHQRW5Nbi3RuwI","UK44756","כלי לבשמים מזכוכית עם פלקטה (סטנד מעורב 24 יח) 6","23.96","יודאיקה","israel-judaica","https://www.israel-judaica.com/index.php?option=com_art&view=product&sku=UK44756&lang=he"
"Wi4dH7TGOnUNXlrTSq2n","UK19099","כיפה סרוגה 16 ס""מ לבנה עם ריקמה ""נחמן מאומן"" זהב","23.97","כיפות","israel-judaica",""
"Wif5rBsc7250ki0ws72c","UK10499","כיפה פריק 26 ס""מ גוונים מהודרת","26.97","כיפות","israel-judaica",""
"WkmoP9cEzBIOrAF7lpLk","UK00319","כיפה סטן לבן פס כסף מהודר 17 ס""מ","5.07","כיפות","israel-judaica",""
"Wqrr19u8so8HmKdSaChR","UK81338","מגש אקריליק להבדלה 25 ס""מ","152.58","יודאיקה","israel-judaica","https://www.israel-judaica.com/index.php?option=com_art&view=product&sku=UK81338&lang=he"
"Wrg3yFx93wXWysbDNB2w","UK66391","כיסוי חלה מהודר דמוי עור לבן עם הבלטות 42x52 ס""מ","0","שבת","israel-judaica","https://www.israel-judaica.com/index.php?option=com_art&view=product&sku=UK66391&lang=he"
"WvhY8J93BiM8pMeOKERX","UK19109","כיפה קטיפה ""ארט-מן"" כחולה 6 חלקים עם סרט גודל 5","26.14","כיפות","israel-judaica",""
"WxhxPwMnTjJp2i9i8K9r","UK15638","כיפה קטיפה פלוש שחורה 6 חלקים גודל 8 24 ס""מ עם סרט","20.97","כיפות","israel-judaica",""
"WzWT77RJYBCQmwrG1lpS","UK10154","כיפה פריק 22 ס""מ גוונים מהודרת","23.97","כיפות","israel-judaica",""
"XF4dKfRUoNNSxYk9GRoG","UK19026","כיפה קטיפה ארטמן כחולה 4 חלקים עם סרט 18 ס""מ","29.97","כיפות","israel-judaica",""
"XGZGPULjWEHis1DEmxqR","UK10079","כיפה ארטמן קטיפה ה יתברך אוהב בז עם רקמה כסף גודל 4","39.22","כיפות","israel-judaica",""
"XNtGQw3eKlC4yEANRL6v","UK10514","כיפה קטיפה ""ארט-מן"" עם אותיות בולטות זהב ""האש שלי"" גודל 4 - פנינה","43.58","כיפות","israel-judaica",""
"XQ5wEjtRxF1Nqeuz2uQb","UK19308","כיפה קטיפה ""ארט-מן"" עם ריקמה האש שלי גודל 4 - פנינ","39.22","כיפות","israel-judaica",""
"Xa5tMlO4eBRtDzzQcBrE","UK82627","סיכות לכיפה צבע זהב בליסטר 12 יח` חזקות מאוד","5.97","כיפות","israel-judaica",""
"XfpECAV4TrHYRWf49AOv","UK14538","כיפה מהודרת משי פשתן כחול טורקיז 17 ס""מ","8.97","כיפות","israel-judaica",""
"XfusZEgURVoYFcdxav2U","UK16062","כיפה ד.מ.צ שחור 19 ס""מ","47.94","כיפות","israel-judaica",""
"XqUzpLjVXfF3mMjcARlS","UK82237","סט הבדלה מגש מסתובב קריסטל שקוף","356.38","יודאיקה","israel-judaica","https://www.israel-judaica.com/index.php?option=com_art&view=product&sku=UK82237&lang=he"
"Xr0gxTpz7KGWBlIWWFJ2","UK14643","כיפה בד מהודרת כחול מידה 4 גודל 19 ס""מ","8.97","כיפות","israel-judaica",""
"XsDwEwDoGJo1kbBCFzPs","UK82327","","80.64","","israel-judaica",""
"XtIKpbPf379tCRG6RUuK","UK18892","כיפה סרוגה 16 ס""מ שחורה עם ריקמה ""האש שלי""","23.97","כיפות","israel-judaica",""
"YUCz5oNcxoEoKXm5Yed7","UK17158","כיפה סטן לבן 19 ס""מ עם עיטור ריקמה","8.97","כיפות","israel-judaica",""
"YW3dsSK50Q1hNGABemSp","UK18259","כיפה בד ארטמן כחול כהה 16 ס""מ","29.97","כיפות","israel-judaica",""
"YWoGWteMbJBuICNgKSKa","UK17520","כיפה קטיפה ""ארט מן"" עם ריקמה אותיות גודל 3 - כחול כהה","30.5","כיפות","israel-judaica",""
"Ym6Rr4R0e5JjhzPn4IWD","UK42119","סט הבדלה מהודר קריסטל עם מגש 24X12 ס""מ","311.98","יודאיקה","israel-judaica","https://www.israel-judaica.com/index.php?option=com_art&view=product&sku=UK42119&lang=he"
"YmRL1Ua4y9L9yO1ukLN6","UK19092","כיפה קטיפה ארטמן שחורה 4 חלקים עם סרט גודל 6","26.14","כיפות","israel-judaica",""
"YoU7svcMJaCnSSbkEk4E","UK55061","נר הבדלה צבעוני ומהודר 23 ס""מ","32.68","יודאיקה","israel-judaica","https://www.israel-judaica.com/index.php?option=com_art&view=product&sku=UK55061&lang=he"
"Yolv3qeHBHidkJS62YLr","UK48853","סדר הבדלה עם ציפורן נוסח ע.מ 17.5X13 ס""מ","23.97","יודאיקה","israel-judaica","https://www.israel-judaica.com/index.php?option=com_art&view=product&sku=UK48853&lang=he"
"YpoTHCOvb4BbydpiFJ3p","UK11258","כיפה DMC סריגה ישראלית חלק עם פס 17 ס""מ אין החז","76.28","כיפות","israel-judaica",""
"Yvl1QD7Lv3kglfrU0QY7","UK19394","כיפה קטיפה ""ארט-מן"" עם ריקמה יברכך גודל 4 - פנינה","39.22","כיפות","israel-judaica",""
"YyEK1lE458lp7RRsbCbR","UK42846","סדר הבדלה מאקריליק נוסח עדות המזרח 27X15 ס""מ","26.14","יודאיקה","israel-judaica","https://www.israel-judaica.com/index.php?option=com_art&view=product&sku=UK42846&lang=he"
"Z8g9qEGGFexLL2M1JVhR","UK67379","","108.98","","israel-judaica",""
"ZIsoIsn6DpS1dmcv43XF","UK42149","כלי לבשמים מקריסטל עם פלקטה ""עיטור"" 8.5X5 ס""מ עם צ","108.98","יודאיקה","israel-judaica","https://www.israel-judaica.com/index.php?option=com_art&view=product&sku=UK42149&lang=he"
"ZPMfypTJikq5t3Q9UB6C","UK40087","נר הבדלה צבעים שונים 15 ס""מ","26.14","יודאיקה","israel-judaica","https://www.israel-judaica.com/index.php?option=com_art&view=product&sku=UK40087&lang=he"
"ZQiSzIPQbbHfKC1aK6PQ","UK83293","כלי לבשמים מהודר מקריסטל 16 ס""מ","141.68","יודאיקה","israel-judaica","https://www.israel-judaica.com/index.php?option=com_art&view=product&sku=UK83293&lang=he"
"ZYbXzUQkWFRPXCARE2oE","UK19102","כיפה קטיפה ארטמן שחורה 6 חלקים עם סרט גודל 2","26.14","כיפות","israel-judaica",""
"Ze3Vl5TH7JD6BUfxVVCk","UK10000","כיפה קטיפה עם ריקמה מגן דוד גודל 4 - ירוק בהיר","39.22","כיפות","israel-judaica",""
"ZmRWl2ZJKbyNmJFis3ZC","UK10067","כיפה ארטמן קטיפה נחמן שחורה עם רקמה כסף גודל 4","39.22","כיפות","israel-judaica",""
"Zs1uHCwiDXJI4BZCe34b","UK17390","כיפה סרוגה שטיח 18 ס""מ שחור לבן בורדו","17.97","כיפות","israel-judaica",""
"Zzu7Be7lZleD6yCj8K7Q","UK16304","כיפה סרוגה 16 ס""מ שחור עם ריקמה מגן דוד כסף","19.47","כיפות","israel-judaica",""
"aGsVa7VjyGQRjs66ynna","UK18935","כיפה קטיפה ארטמן שחורה 4 חלקים עם סרט 19 ס""מ","26.14","כיפות","israel-judaica",""
"aKE8wQeJYT1jyPPLY2kV","UK10088","כיפה ארטמן קטיפה ה יתברך אוהב כחולה כהה עם רקמה כסף גודל 4","39.22","כיפות","israel-judaica",""
"aLFl2OTEREosHtYojGcd","UK10436","כיפה קטיפה ""ארט-מן"" עם אותיות בולטות כסף ""יחי אדוננו..""גודל 4 - אפור כהה","47.94","כיפות","israel-judaica",""
"aVD68veuKcktIF4GEzDL","UK81705","נר הבדלה צבע זהב ומהודר 16 ס""מ","43.58","יודאיקה","israel-judaica","https://www.israel-judaica.com/index.php?option=com_art&view=product&sku=UK81705&lang=he"
"aZ4aBWzNtgjpYEnDMwLf","UK11228","כיפה סרוגה דגמים מעורבים - רקע לבן - 16 ס""מ - 24 יח","16.47","כיפות","israel-judaica",""
"abnjq6L9zoaeRLhZfJO3","UK80061","סט הבדלה מהודר מקריסטל 20 ס""מ","353.58","יודאיקה","israel-judaica","https://www.israel-judaica.com/index.php?option=com_art&view=product&sku=UK80061&lang=he"
"ahAXWdNllhvOlJBTNhyf","UK19391","כיפה קטיפה ""ארט-מן"" עם ריקמה יברכך גודל 4 - אפור ב","39.22","כיפות","israel-judaica",""
"amalqbhOLP6uX495JxVb","UK49221","כלי לבשמים מקריסטל עם פלקטה ""עיטור"" 8X6 ס""מ","87.18","יודאיקה","israel-judaica","https://www.israel-judaica.com/index.php?option=com_art&view=product&sku=UK49221&lang=he"
"aswHF41WQbUQsLwoowBH","UK10046","כיפה ארטמן קטיפה נחמן אפור עם רקמה חול בהיר גודל 4","39.22","כיפות","israel-judaica",""
"at82LbeTWuzFqd6otT2r","UK41219","סט הבדלה מהודר מקריסטל עם פלקטה 20 ס""מ","332.78","יודאיקה","israel-judaica","https://www.israel-judaica.com/index.php?option=com_art&view=product&sku=UK41219&lang=he"
"axvt6HhdhjCUxwe0QJOU","UK10300","כיפה ארטמן קטיפה ורוד בהיר רקמה שמע ישראל גודל 3","39.22","כיפות","israel-judaica",""
"azi7ripFycvg0Y7RgB1s","UK42931","נטלה אקריליק מהודרת שקופה עם אותיות בולטות 13 ס""מ","98.08","יודאיקה","israel-judaica","https://www.israel-judaica.com/index.php?option=com_art&view=product&sku=UK42931&lang=he"
"b0ZLIck7i4S1pc5G3VkF","UK18194","כיפה ד.מ.צ. שחור עם פס לבן 20 ס""מ","39.22","כיפות","israel-judaica",""
"b7SurhUkrDjkeK1HfMNg","UK10758","כיפה פריק לבן 23 ס""מ ""נחמן מאומן""","23.97","כיפות","israel-judaica",""
"bDP4cHlrbuzvwmwKwVuZ","UK17677","כיפה פריק כחול כהה עם חורים 24 ס""מ","23.97","כיפות","israel-judaica",""
"bF2ATKulsGZI5ODM1Q5q","UK82458","סט הבדלה קריסטל שקוף עם פלקטה מגש מסתובב 20סמ","376.18","יודאיקה","israel-judaica","https://www.israel-judaica.com/index.php?option=com_art&view=product&sku=UK82458&lang=he"
"bG2J52D874df98ic3cjF","UK40093","","58.84","","israel-judaica",""
"bHprJkx3qFaV1MhaDIOB","UK15389","כיפה טרלין גודל 18 סמ רקמה ""נחמן מאומן""","26.97","כיפות","israel-judaica",""
"bNowdIye7f6SryFQIRrN","UK42159","מלחייה קריסטל עם פלקטה חיתוך לייזר ומכסה 4X6 ס""מ","61.02","שבת","israel-judaica","https://www.israel-judaica.com/index.php?option=com_art&view=product&sku=UK42159&lang=he"
"bUFESAOxHyHHw8VLLvvr","UK13334","כיפה מהודרת משי פשתן גווני כחול לבן 19 ס""מ","8.97","כיפות","israel-judaica",""
"bWFDEFL3EWuYI67df5ac","UK10244","כיפה קטיפה ""ארט-מן"" עם ריקמה יחי אדוננו גודל 3 - כחול","39.22","כיפות","israel-judaica",""
"beVgOfyfyN9jM8wW979x","UK14947","כיפה קטיפה ""ארט-מן"" עם ריקמה מגן דוד גודל 4 - א","39.22","כיפות","israel-judaica",""
"byUVwYRysf02lJragFGQ","UK11566","כיפה DMC סריגה ישראלית חלק לבן 14-16 ס""מ אין החזרת סחורה","65.38","כיפות","israel-judaica",""
"cDwtF9JUJ5gqbpISkCZB","UK10337","כיפה טרילין גודל 4 עם אותיות בולטות זהב ""יחי אדוננו..""","47.94","כיפות","israel-judaica",""
"cGFJOqUuBBNz00eU9Qj7","UK10001","כיפה קטיפה עם ריקמה האש שלי גודל 4 - ירוק בהיר","39.22","כיפות","israel-judaica",""
"cJ6Xx1XjCqS6SvEsOvG4","UK19509","כיפה סטן דלוקס זהב 19 ס""מ עם מקום לסיכה","11.97","כיפות","israel-judaica",""
"cQorfoGF1ddQHwCb00BA","UK12977","כיפה בד מהודרת שחור עם דוגמא 19 ס""מ","8.97","כיפות","israel-judaica",""
"cYey8odtnWnYtKM4xyYt","UK19213","כיפה סרוגה 16 ס""מ שחורה עם ריקמה ""בבא סאלי"" זהב","23.97","כיפות","israel-judaica",""
"caREwO8MpWPqdCLQd49B","UK19858","כיפת קטיפה שחורה 1/4 משובץ גודל 4 - 20 ס""מ","8.97","כיפות","israel-judaica",""
"coxKVLnzWTucVypEwE2Z","UK16424","כיפה קטיפה פלוש שחורה 6 חלקים גודל 8 24 ס""מ ללא סרט","11.97","כיפות","israel-judaica",""
"cuoIXh5aBE6nXLz2scUs","UK19393","כיפה קטיפה ""ארט-מן"" עם ריקמה יברכך גודל 4 - כחול","39.22","כיפות","israel-judaica",""
"d0EFxAeWnenjCqd1v0q2","UK17392","כיפה ""פריק"" לבן חלק 24 ס""מ","23.97","כיפות","israel-judaica",""
"d36NPt7xh0VSj2Q7ExvG","UK14958","כיפה קטיפה ""ארט-מן"" 19 ס""מ - אפור","26.14","כיפות","israel-judaica",""
"d4kvHfvFSDzewYmA0S1d","UK42121","סט הבדלה מהודר קריסטל","311.98","יודאיקה","israel-judaica","https://www.israel-judaica.com/index.php?option=com_art&view=product&sku=UK42121&lang=he"
"d6gmPkF9iVdc6B8FeLKw","UK14559","כיפה מהודרת משי פשתן כחול ספיר 17 ס""מ","8.97","כיפות","israel-judaica",""
"dMdNKQhLul82OhQxOpbA","UK16359","כיפה סרוגה 17 ס""מ שחור מסביב פס זהב","14.97","כיפות","israel-judaica",""
"dMl2U5gVbrLt94Yqno9J","UK18155","כיפה ד.מ.צ. לבן עם פס תכלת איכותי קשיח 16 ס""מ","47.94","כיפות","israel-judaica",""
"dQe1PBltCCRXPdh1l60h","UK15518","כיפה קטיפה ""ארט מן"" עם ריקמה אותיות גודל 4 - אופוויט","30.5","כיפות","israel-judaica",""
"dU9GwWqKDdexFCkZOlY1","UK17675","כיפה פריק לבן עם חורים 24 ס""מ","23.97","כיפות","israel-judaica",""
"dkKhd0Uy0Y4vitipZljX","UK15600","כיפה ""מנטש"" קטיפה שחורה גודל 3 19 ס""מ - 4 חלקים ללא סרט","11.97","כיפות","israel-judaica",""
"dkZhlncNhXsHNGmO4ZgI","UK16179","כיפת קטיפה שחורה 1/4 נצנץ כסף גודל 3 - 19 ס""מ","8.97","כיפות","israel-judaica",""
"dpDJIUNgvW904Htd0zAj","UK19111","כיפה עור ארטמן שחור 15 ס""מ","23.97","כיפות","israel-judaica",""
"dri5Ggw4Tl0O64beRKkE","UK19310","כיפה קטיפה ""ארט-מן"" עם ריקמה האש שלי גודל 4 - יר","39.22","כיפות","israel-judaica",""
"dwRAwp5qfNEuhjSD0be2","UK19088","כיפה קטיפה ארטמן שחורה 4 חלקים עם סרט גודל 2","26.14","כיפות","israel-judaica",""
"e8jMgu6FOvJZrMS46ISX","UK17388","כיפה סרוגה שטיח 18 ס""מ כחול ירוק בהיר ולבן","17.97","כיפות","israel-judaica",""
"eEzO8itoPRwwPWL6KKlA","UK17221","כיפה סרוגה 16 ס""מ שחור מסביב שני פסים שחור וירוק","14.97","כיפות","israel-judaica",""
"eFcRwN1UkNrkpjTqvb49","UK10106","כיפה בוכרית גודל 58 ס""מ - צבעים שונים","23.96","כיפות","israel-judaica",""
"eHqZfB6XPdQ65g1WFhgK","UK16364","כיפה סרוגה 15 ס""מ לבן מסביב פס זהב","14.97","כיפות","israel-judaica",""
"eLPaJjFZZeqmprzUHt53","UK15084","כיפה סרוגה רקמה מגן דוד בכסף 16 ס""מ","19.47","כיפות","israel-judaica",""
"eQMoJZdM6jeCns79qgf4","UK10423","כיפה קטיפה ""ארט-מן"" עם אותיות בולטות כסף ""יחי אדוננו..""גודל 4 - שחור","47.94","כיפות","israel-judaica",""
"eRDjodm8gqkEMXKoAQmw","UK00371","כיפה לבנה סטן פס כסף 20 ס""מ","5.07","כיפות","israel-judaica",""
"eVxLhq5HKHlNwqB1acBD","UK67383","","108.98","","israel-judaica",""
"eiHSHovDsWpiyAIe5OJL","UK16412","כיפה קטיפה פלוש שחורה 6 חלקים גודל 3 19 ס""מ עם סרט","11.97","כיפות","israel-judaica",""
"eiubNpl59OtzT38409gd","UK16037","כיפה ירושלמית לבן חלק 24 ס""מ","26.97","כיפות","israel-judaica",""
"ewtFMoU43d7KjQvSXQuQ","UK11561","כיפה DMC סריגה ישראלית חלק שחור 18 ס""מ אין החזרת סחורה","80.64","כיפות","israel-judaica",""
"f0XyovuPn8DleTjd3gCr","UK19990","כיפה בד מהודרת גודל 3 - 18 ס""מ","8.97","כיפות","israel-judaica",""
"f1byMpbGHiPYqiGuTVks","UK17672","כיפה פריק כחול כהה עם חורים 22 ס""מ","23.97","כיפות","israel-judaica",""
"f2fgMPT46WSlFtgjz95F","UK17676","כיפה פריק שחור עם חורים 24 ס""מ","23.97","כיפות","israel-judaica",""
"f6iI71RfFvHdI0ecwvBX","UK11251","כיפה DMC סריגה ישראלית דוגמת שטיח 9-11 ס""מ אין החזרת סחורה","43.58","כיפות","israel-judaica",""
"f8YidYHUbmwK4GG5xARr","UK19085","כיפה עור אפור בהיר 16 ס""מ","22.47","כיפות","israel-judaica",""
"fC6oPkrWcIeCuSHjh4kX","UK18122","כיפה פשתן עם רקמה 19 ס""מ","26.14","כיפות","israel-judaica",""
"fEsy8jeWkYsdAG5euV9U","UK17382","כיפה סרוגה שטיח 18 ס""מ שחור בז וירוק זית","17.97","כיפות","israel-judaica",""
"fGccyzbdbN3yT28f0yKP","UK11569","כיפה DMC סריגה ישראלית חלק לבן 18 ס""מ אין החזרת סחורה","80.64","כיפות","israel-judaica",""
"fIswhoQLR2awX6qAkmxt","UK15680","כיפה ד.מ.צ. שחור איכותי קשיח 14 ס""מ","41.4","כיפות","israel-judaica",""
"fN0tI1sRDkhRYob55mBr","UK10087","כיפה ארטמן קטיפה ה יתברך אוהב אפור עם רקמה חול בהיר גודל 4","39.22","כיפות","israel-judaica",""
"fOwyyBZxsZZFzXb6hUMF","UK10185","כיפה קטיפה ""ארט-מן"" עם ריקמה האש שלי גודל 4 - לבן","39.22","כיפות","israel-judaica",""
"fPis0aErPAo5n4sXBanb","UK15464","כיפה טרילין ""ארט מן"" שחור גודל 5 - 6 חלקים","29.97","כיפות","israel-judaica",""
"fYE9BwoD61WC6l46YXjr","UK18213","כיפה ד.מ.צ. כחול כהה 20 ס""מ","63.2","כיפות","israel-judaica",""
"fYTm5L5y07jUzyYNFWZG","UK11237","כיפה סרוגה דגמים מעורבים - לבן עם זהב - 16 ס""מ - 24 יח","16.47","כיפות","israel-judaica",""
"fZWngVihJ4V0APP1AGvD","UK82460","סט הבדלה קריסטל רוז גולד עם מגש שחור 24X12","353.58","יודאיקה","israel-judaica","https://www.israel-judaica.com/index.php?option=com_art&view=product&sku=UK82460&lang=he"
"fwHUGZUyysS6QQfyzhNH","UK16894","כיפה קטיפה ""ארט מן"" עם ריקמה אותיות גודל 3 - אפור","30.5","כיפות","israel-judaica",""
"g25GXB238R6XmEF3WdfL","UK10038","כיפה ארטמן קטיפה נחמן בז עם רקמה כסף גודל 4","39.22","כיפות","israel-judaica",""
"g8cMsGNQ6xjnnNMVGbtv","UK67157","","108.98","","israel-judaica",""
"gMJswNTcqETtcjrWnMfO","UK10757","כיפה פריק שחורה 22 ס""מ ""נחמן מאומן""","23.97","כיפות","israel-judaica",""
"gQujUfQKIq3Jtb1wWjmd","UK19247","כיפה סרוגה 16 ס""מ לבנה עם ריקמה ""יחי אדוננו"" זהב","23.97","כיפות","israel-judaica",""
"geMialmabV28ytMV3lue","UK59766","זוג ""כיפהאייר"" בבליסטר סיכה לכיפה עם דבק דו","16.47","כיפות","israel-judaica",""
"gesPLZJFjPbRCZE64uB1","UK16895","כיפה קטיפה ""ארט מן"" עם ריקמה אותיות גודל 4 - אפור","30.5","כיפות","israel-judaica",""
"gfDlgA2PoLvye1TAzL1n","UK42999","נר הבדלה ""דונג"" מהודר 30 ס""מ","34.86","יודאיקה","israel-judaica","https://www.israel-judaica.com/index.php?option=com_art&view=product&sku=UK42999&lang=he"
"gjQXGPI2IMw69thGEtMd","UK18761","כיפה קורדרוי ""ארט-מן"" 18 ס""מ כחול כהה","29.97","כיפות","israel-judaica",""
"gl2eOa9XOrUOSEi4O6Jl","UK00341","כיפה סטן לבן ""עיטורים""16 ס""מ","8.97","כיפות","israel-judaica",""
"gp1FiwnhaDYa8zrPgRM6","UK19687","כיפה קטיפה ""ארט-מן"" עם ריקמה יחי אדוננו גודל","39.22","כיפות","israel-judaica",""
"gywXnBVehKPVupGOu3GP","UK11132","כיפה סרוגה 18 ס""מ שחור חלק - 12 יח","17.97","כיפות","israel-judaica",""
"hPybkojbOpwoD7qWNJ8a","UK47600","ברכון דמוי עור חום ""סדר הבדלה נוסח ע.מ"" עם בשמי","43.58","יודאיקה","israel-judaica","https://www.israel-judaica.com/index.php?option=com_art&view=product&sku=UK47600&lang=he"
"hQIQDjzDkim0fpyAhr7w","UK16244","כיפה סרוגה 16 ס""מ שחור עם ריקמה זהב מגן דוד","19.47","כיפות","israel-judaica",""
"hUKtcrRQWWl3r32r2Oi9","UK17209","כיפה סרוגה 16 ס""מ לבן מסביב עיטור כחול כהה תכלת","14.97","כיפות","israel-judaica",""
"hWt12mbZwaRX8aa66UBT","UK41214","סט הבדלה מהודר מקריסטל עם פלקטה 21x10 ס""מ","376.18","יודאיקה","israel-judaica","https://www.israel-judaica.com/index.php?option=com_art&view=product&sku=UK41214&lang=he"
"hawNtu4rx02YpES4W6FT","UK42791","נר הבדלה צבעוני ומהודר 16 ס""מ","23.96","יודאיקה","israel-judaica","https://www.israel-judaica.com/index.php?option=com_art&view=product&sku=UK42791&lang=he"
"hgBWp8sR42IDnSCw0DYV","UK17679","כיפה פריק ירוק זית עם חורים 24 ס""מ","23.97","כיפות","israel-judaica",""
"hgR6TBppWpOc3Vw4oujn","UK18988","כיפה סרוגה 16 ס""מ שחורה עם ריקמה ""נחמן מאומן"" כסף","23.97","כיפות","israel-judaica",""
"hi7Z3FnnFFN0r8tm496z","UK15230","כיפה סרוגה כחול רקמה מגן דוד כסף 16 ס""מ","19.47","כיפות","israel-judaica",""
"hosGU6zpjL7DLUGkmf9z","UK11256","כיפה DMC סריגה ישראלית חלק עם פס 14-16 ס""מ אין","65.38","כיפות","israel-judaica",""
"htsNUrXwPanTj6RJEHx8","UK81294","נר הבדלה צבעוני ומהודר - 24 יחידות","26.14","יודאיקה","israel-judaica","https://www.israel-judaica.com/index.php?option=com_art&view=product&sku=UK81294&lang=he"
"hzi6Xkjlo3MCAVXhYfv7","UK67158","","108.98","","israel-judaica",""
"i0khR6OFNMktIJAp0y6m","UK83930","כלי מיני בשמים ""עם פרחים"" מקריסטל עם מכסה 4X6 ס""מ","71.92","יודאיקה","israel-judaica","https://www.israel-judaica.com/index.php?option=com_art&view=product&sku=UK83930&lang=he"
"i4tCNgblB160xLq3hazc","UK16672","כיפה סרוגה 16 ס""מ לבן עם ריקמה ""שמע ישראל"" כסף","19.47","כיפות","israel-judaica",""
"i99nHviMqXeissN6ut7a","UK16355","כיפה סרוגה 17 ס""מ שחור מחורר","14.97","כיפות","israel-judaica",""
"iAO6JSzKjPBTzUJ6STBy","UK81293","נר הבדלה צבעוני ומהודר 15 ס""מ","26.14","יודאיקה","israel-judaica","https://www.israel-judaica.com/index.php?option=com_art&view=product&sku=UK81293&lang=he"
"iDUBJY6rkyc8LDTnlez9","UK11229","כיפה סרוגה דגמים מעורבים - רקע לבן - 18 ס""מ - 24 יח","17.97","כיפות","israel-judaica",""
"iGN8oJu5CsULUKbfhRFh","UK15633","(כמו 16412) כיפה קטיפה פלוש שחורה 6 חלקים גו","20.97","כיפות","israel-judaica",""
"iGkOKWgaO0kk4BM831hv","UK18162","כיפה ד.מ.צ. לבן איכותי קשיח 16 ס""מ","47.94","כיפות","israel-judaica",""
"iZJARtaPjEtUf8wHfJ6M","UK67000","","152.58","","israel-judaica",""
"idcnM83yc7q9GRu7PWmr","UK11209","כיפה סרוגה 19 ס""מ לבן מחורר - 12 יח","17.97","כיפות","israel-judaica",""
"ioiBBj0tnzqaqWEA709q","UK17521","כיפה קטיפה ""ארט מן"" עם ריקמה אותיות גודל 4 - כחול כהה","30.5","כיפות","israel-judaica",""
"iouoXWmcAfD5rTmsKcd0","UK19245","כיפה קטיפה ""ארט מן"" עם ריקמה אותיות גודל 4 - ירוק בהיר","30.5","כיפות","israel-judaica",""
"j0ycNiYFhnPnyNzSOywX","UK10335","כיפה טרילין גודל 4 עם אותיות בולטות כסף ""יחי אדוננו..""","47.94","כיפות","israel-judaica",""
"jD2KFpXlwyhQwSsmp4Mv","UK17003","כיפה פריק 21 ס""מ לבן חלק","20.97","כיפות","israel-judaica",""
"jPWrjLsJNEpLZHipHvr4","UK17903","כיפה פריק לבן ""נחמן מאומן"" 19.5 ס""מ","23.97","כיפות","israel-judaica",""
"jpwQWxAHn8ab5UB4mUde","UK17941","כיפה פשתן עם רקמה 19 ס""מ","23.97","כיפות","israel-judaica",""
"jqN57H0VTfn3a9tAzuCS","UK16294","כיפה לבנה סטן פס כסף 17 ס""מ","5.07","כיפות","israel-judaica",""
"k33S227FJAQAm8uhsDEW","UK19872","כיפת קטיפה שחורה 1/4 בד מעוטר גודל 4 - 20 ס""מ","8.97","כיפות","israel-judaica",""
"k6glTlUHpHzSjQK9iM46","UK18966","כיפה דמוי עור ארטמן שחור 17 ס""מ","26.14","כיפות","israel-judaica",""
"k7NfNzJJGJiNzK3UJwHb","UK18254","כיפה סרוגה 16 ס""מ כחול עם רקמה כסף מגן דוד","19.47","כיפות","israel-judaica",""
"k806CoAj9Bt82WgDmWEi","UK14940","כיפה קטיפה ""ארט-מן"" עם ריקמה בבא סאלי גודל 4 - א","39.22","כיפות","israel-judaica",""
"kBaPBltsr6qIAr0BpCW9","UK16175","כיפת קטיפה שחורה 1/4 נצנץ ברונזה גודל 3 - 19 ס""","8.97","כיפות","israel-judaica",""
"kJaSaUZwkgJwZkLyQoCN","UK67312","","108.98","","israel-judaica",""
"kNFhlwtpeIDJY4pNkElj","UK11885","כיפה טרלין גודל 22 סמ רקמה ""יחי אדוננו..""","29.97","כיפות","israel-judaica",""
"kNZROtH1hIHh4BYJBQae","UK67380","","108.98","","israel-judaica",""
"kO9JSFyBxGRor2abJSX9","UK19106","כיפה קטיפה ""ארט-מן"" כחולה 6 חלקים עם סרט גודל 2","29.97","כיפות","israel-judaica",""
"kOmPg6CsWO88Z3LFENzA","UK18262","כיפה בד ארטמן כחול כהה 19 ס""מ","29.97","כיפות","israel-judaica",""
"kWV4mWx1DWZIjS0SBQrC","UK16352","כיפה סרוגה 15 ס""מ לבן מחורר","14.97","כיפות","israel-judaica",""
"ke4Nr6nHgmuTplmXwnMz","UK10304","כיפה פריק 23 ס""מ גוונים","23.97","כיפות","israel-judaica",""
"keAuBTGiqdnAaUmTrvIb","UK15019","כיפה קטיפה ""ארט-מן"" 17 ס""מ - כחול","26.14","כיפות","israel-judaica",""
"kfNPcURiRj7ApsEkUvgL","UK10192","כיפה קטיפה ""ארט-מן"" עם ריקמה יברכך גודל 4 - לבן","39.22","כיפות","israel-judaica",""
"ku1xrxJr3Sboz15rJYi9","UK17387","כיפה סרוגה שטיח 20 ס""מ כחול לבן ואפור","17.97","כיפות","israel-judaica",""
"kwal9M1exqQPFrPtaLMl","UK82457","סט הבדלה קריסטל שקוף עם פלקטה מגש מסתובב 20סמ","376.18","יודאיקה","israel-judaica","https://www.israel-judaica.com/index.php?option=com_art&view=product&sku=UK82457&lang=he"
"l1tpn5nqJFpqAz8WP0Cw","UK42148","כלי לבשמים מקריסטל עם פלקטה ""ירושלים"" 8.5X5 ס""מ עם","108.98","יודאיקה","israel-judaica","https://www.israel-judaica.com/index.php?option=com_art&view=product&sku=UK42148&lang=he"
"lMeseeEIGWYW1CtQzg8X","UK10136","כיפה פריק 22 ס""מ פסים חום תכלת ושחור","23.97","כיפות","israel-judaica",""
"lVGPbNycs1TOkjlxwGU6","UK10107","כיפה בוכרית גודל 60 ס""מ - צבעים שונים","23.96","כיפות","israel-judaica",""
"ldK3UhLUZU7VSLiEpKJo","UK67382","","108.98","","israel-judaica",""
"lhUdF6ikSCCM7qpM8uz1","UK81770","סט הבדלה מהודר מקריסטל עם פלקטה 20 ס""מ","376.18","יודאיקה","israel-judaica","https://www.israel-judaica.com/index.php?option=com_art&view=product&sku=UK81770&lang=he"
"lj8Uv3MIg6Z5pLtv5iwH","UK11308","כיפה קטיפה ""ארט-מן"" עם אותיות בולטות בבא סאלי גודל 4 - שחור","43.58","כיפות","israel-judaica",""
"lxWTK1MWzgdp1Z0GmSSc","UK80648","כלי לנר הבדלה מקריסטל עם פלקטה ""ירושלים"" 13 ס""מ","119.88","יודאיקה","israel-judaica","https://www.israel-judaica.com/index.php?option=com_art&view=product&sku=UK80648&lang=he"
"m1FIlJSvRJot7sNk1bN0","UK11548","כיפה DMC סריגה ישראלית חלק שחור 14-16 ס""מ אין החזרת סחורה","65.38","כיפות","israel-judaica",""
"m7ZLJQANJLoJtj3MvM1I","UK18932","כיפה קטיפה ארטמן שחורה 4 חלקים עם סרט 16 ס""מ","26.14","כיפות","israel-judaica",""
"m8mKGQ75e6no31rt8RXb","UK19097","כיפה קטיפה ארטמן כחולה 4 חלקים עם סרט גודל 5","29.97","כיפות","israel-judaica",""
"mF2iBjQ7gjmQwso8KB6a","UK14951","כיפה קטיפה ""ארט-מן"" עם ריקמה מגן דוד גודל 4 - כחול כהה","39.22","כיפות","israel-judaica",""
"mKimBSqA3nQCLgoh0q46","UK81547","כלי לבשמים מאקריליק נצנצים כסף 8 ס""מ","71.92","יודאיקה","israel-judaica","https://www.israel-judaica.com/index.php?option=com_art&view=product&sku=UK81547&lang=he"
"mQOFZUBqWfuY8GeDdurM","UK19031","כיפה עור בד ארטמן אפור בהיר 15 ס""מ","23.97","כיפות","israel-judaica",""
"mZtG1mvNrlo3QlvZVMeq","UK52912","סיכות לכיפה צבע כסף בליסטר 12 יח` חזקות מאוד","5.97","כיפות","israel-judaica",""
"maYD64OXyLuWHA1kaoAc","UK17678","כיפה פריק אפור כהה עם חורים 24 ס""מ","23.97","כיפות","israel-judaica",""
"mqBQYxlPmJgLpewH8h61","UK15623","כיפה קטיפה פלוש שחורה 4 חלקים גודל 6 22 ס""מ עם","20.97","כיפות","israel-judaica",""
"mtiDt0wN19DZNlhI561F","UK15397","כיפה קטיפה ""ארט-מן"" 19 ס""מ - ירוק","26.14","כיפות","israel-judaica",""
"murRcgWWtwzrrQY09vqj","UK51675","","196.18","","israel-judaica",""
"n1dHMkq7h9HmBIjopHRF","UK11017","כיפה פריק 24 ס""מ שחור ""נחמן מאומן""","23.97","כיפות","israel-judaica",""
"nLGMmQl1OHSkhLHmJVFQ","UK10301","כיפה ארטמן קטיפה חום רקמה שמע ישראל גודל 3","39.22","כיפות","israel-judaica",""
"nLQDiFsklNzEfizrWPxO","UK10363","כיפה קטיפה ""ארט-מן"" עם אותיות בולטות הרב יורם אברגל גודל 4 - שחור","43.58","כיפות","israel-judaica",""
"nMOi6C9kDbUYVHtbVbG9","UK19918","כיפה בד מהודרת גודל 2 - 17.5 ס""מ","8.97","כיפות","israel-judaica",""
"nSk1uQNgQrWXU6bd84nT","UK66466","","152.58","","israel-judaica",""
"nSyRZGfYXgdTD2jyM7T2","UK82554","סט הבדלה קריסטל 22X11 ס""מ","353.58","יודאיקה","israel-judaica","https://www.israel-judaica.com/index.php?option=com_art&view=product&sku=UK82554&lang=he"
"nVFtniFbZh7JG39PYMF1","UK18313","כיפה סטן לבן ""עיטורים"" 17 ס""מ","6.87","כיפות","israel-judaica",""
"nWAXxwY1QJak0X7p87yW","UK19107","כיפה קטיפה ""ארט-מן"" כחולה 6 חלקים עם סרט גודל 3","29.97","כיפות","israel-judaica",""
"nbBwZ6kWz4fTnjhLDNjV","UK17589","כיפה פריק 21 ס""מ לבן פסים תכלת","23.97","כיפות","israel-judaica",""
"ncBsPKPnIRf2kEXYLIHP","UK18193","כיפה ד.מ.צ. שחור עם פס אפור 20 ס""מ","63.2","כיפות","israel-judaica",""
"ncxUj4y8Cs1cA9QXZvJi","UK19158","כיפה פריק 26 ס""מ גוונים","26.97","כיפות","israel-judaica",""
"nh7tIpdDUrelt3564Bop","UK16353","כיפה סרוגה 17 ס""מ לבן מחורר","14.97","כיפות","israel-judaica",""
"nvT6Zvna16OEZL7umdtj","UK10188","כיפה קטיפה ""ארט-מן"" עם ריקמה יחי אדוננו גודל 4 - לבן","39.22","כיפות","israel-judaica",""
"oAtmLXhrw8ZL3hsKhbi6","UK16039","כיפה ירושלמית לבן חלק 22 ס""מ","26.97","כיפות","israel-judaica",""
"oI1yEGc1vMjsvWvrJLX3","UK00323","כיפה סטן לבן ""מעויינים"" 16 ס""מ","6.87","כיפות","israel-judaica",""
"oJ9ci0JFsCVh0HJS6S8Z","UK10098","כיפה ארטמן קטיפה בבא סאלי כחול רקמה זהב גודל 4","39.22","כיפות","israel-judaica",""
"oYCufJBf0SpSR8wgMpBm","UK19857","כיפת קטיפה שחורה 1/4 משובץ גודל 3 - 19 ס""מ","8.97","כיפות","israel-judaica",""
"oZ0qPl5sPmHGp83FOYIR","UK80472","כלי לבשמים מקריסטל עם פלקטה ""עיטור"" 8X6 ס""מ","108.98","יודאיקה","israel-judaica","https://www.israel-judaica.com/index.php?option=com_art&view=product&sku=UK80472&lang=he"
"oaQY00ANnN1bTNeTZ3nM","UK16295","כיפה סרוגה 16 ס""מ לבן עם ריקמה כסף ""אין עוד מלבדו""","23.97","כיפות","israel-judaica",""
"obbim4VQwEKN01YjJdGS","UK14948","כיפה קטיפה ""ארט-מן"" עם ריקמה מגן דוד גודל 4 - א","39.22","כיפות","israel-judaica",""
"of8aUwzWVuexfFMvtrGh","UK16357","כיפה סרוגה 17 ס""מ שחור מסביב פס כסף","14.97","כיפות","israel-judaica",""
"ogzRLrj58SzIvcoIcTed","UK15695","כיפה טרילין שחור 21 ס""מ מס 6 - 6 חלקים","19.47","כיפות","israel-judaica",""
"oi2syTrvKKJKFI6fHlUs","UK81082","סט הבדלה מהודר קריסטל עם מגש 34x15 ס""מ","356.38","יודאיקה","israel-judaica","https://www.israel-judaica.com/index.php?option=com_art&view=product&sku=UK81082&lang=he"
"oo2KR7U3UBGzpZ9e4a17","UK10520","כיפה קטיפה ""ארט-מן"" עם אותיות בולטות זהב ""בבא סאלי"" גודל 4 - שחור","43.58","כיפות","israel-judaica",""
"ovELvzu6RsVBPDNeD30D","UK48864","","54.48","","israel-judaica",""
"pEmy4D4CtCR6DDNb2jnP","UK16394","כיפה ""מופת"" קטיפה שחורה גודל 3 19 ס""מ - 6 חלקים ללא סרט","11.97","כיפות","israel-judaica",""
"pM6vmhZJ6EgSHiuN0VX1","UK83142","סט פולימר מגש להדלקת נרות וזוג פמוטים מהודרים","239.78","שבת","israel-judaica","https://www.israel-judaica.com/index.php?option=com_art&view=product&sku=UK83142&lang=he"
"pQH89t2LP3K0Syr2xfsl","UK55810","כלי עם מיני בשמים ""עם פרחים"" מקריסטל עם פלקטה 8X6 ס""מ","108.98","יודאיקה","israel-judaica","https://www.israel-judaica.com/index.php?option=com_art&view=product&sku=UK55810&lang=he"
"pc7AtNS83yyPdNhZVY2K","UK40660","סט הבדלה 4 חלקים מהגוני + 3 רגליים","356.38","יודאיקה","israel-judaica","https://www.israel-judaica.com/index.php?option=com_art&view=product&sku=UK40660&lang=he"
"plCl2ogsLu8aZXJC3lOP","UK19094","כיפה קטיפה ארטמן כחולה 4 חלקים עם סרט גודל 2","29.97","כיפות","israel-judaica",""
"plmYTewzmxR8lq2kCN3s","UK18196","כיפה ד.מ.צ. שחור עם פס כחול 20 ס""מ","63.2","כיפות","israel-judaica",""
"q2EM29sUNuLzWkId3YnC","UK10283","כיפה קטיפה ""ארט-מן"" עם ריקמה רבי שמעון גודל 3 - ורוד","39.22","כיפות","israel-judaica",""
"q40yXvCvnAEDZNCXMrJ8","UK53322","""כיפהאייר"" סיכה לכיפה עם דבק דו צדדי","5.97","כיפות","israel-judaica",""
"qG7IikfFKNsoBNsTZv8i","UK18158","כיפה ד.מ.צ. לבן עם פס שחור איכותי קשיח 18 ס""מ","61.02","כיפות","israel-judaica",""
"qJIyIJ4g9tNDy8itdINI","UK11010","כיפה קטיפה ""ארט-מן"" עם אותיות בולטות זהב ""יברכך"" גודל 4 - שחור","43.58","כיפות","israel-judaica",""
"qJRkmLHIqAF5zfz8abFQ","UK10303","כיפה ארטמן קטיפה ירוק בהיר רקמה רבי שמעון בר יוחאי גודל 3","39.22","כיפות","israel-judaica",""
"qacq7SgYdWo0AvGOhUJE","UK17161","כיפה סטן לבן 19 ס""מ עם עיטור ריקמה","8.97","כיפות","israel-judaica",""
"qcGTjNpP2eoqyxM6Ns4L","UK11889","כיפה סטן לבן 18 ס""מ","3.57","כיפות","israel-judaica",""
"qywoNMYACAVzFEuNZYQC","UK18967","כיפה דמוי עור ארטמן שחור 19 ס""מ","26.14","כיפות","israel-judaica",""
"qzXGSMCQewGwl3K50gIi","UK16301","כיפה לבנה סרוגה 17 ס""מ חוט עבה פס כסף","14.97","כיפות","israel-judaica",""
"r5kvN7PbnIOoLKFZfNOQ","UK19309","כיפה קטיפה ""ארט-מן"" עם ריקמה האש שלי גודל 4 - כחול","39.22","כיפות","israel-judaica",""
"r7jV81KlAujVxslYHVpU","UK16395","כיפה ""מופת"" קטיפה שחורה גודל 4 20 ס""מ - 6 חלקים ללא סרט","11.97","כיפות","israel-judaica",""
"r85Gl2xGEjH0YmxEoFuC","UK15463","כיפה טרילין ""ארט מן"" שחור גודל 4 - 6 חלקים","29.97","כיפות","israel-judaica",""
"r89qO1W9BcRuRM7f4co1","UK16293","כיפה קטיפה פלוש שחורה 4 חלקים גודל 8 24 ס""מ ללא סרט","11.97","כיפות","israel-judaica",""
"rG8mrtydu0nHNfuIb878","UK15989","כיפה בד מהודרת - כחול - גודל 4 - 19 ס""מ","19.47","כיפות","israel-judaica",""
"rLH2w0nCyX0GskgYVYtE","UK10432","כיפה קטיפה ""ארט-מן"" עם אותיות בולטות זהב ""יחי אדוננו..""גודל 4 - שחור","47.94","כיפות","israel-judaica",""
"rSPi5nOo4FDlNkfuzubN","UK16362","כיפה סרוגה 15 ס""מ שחור מסביב פס אפור","14.97","כיפות","israel-judaica",""
"rUANqwvHJWqsyT9Lvmix","UK10257","כיפה קטיפה ""ארט-מן"" עם ריקמה בבא סאלי גודל 3 - כחול כהה","39.22","כיפות","israel-judaica",""
"ra4rdiIhwCXai3RiFdwx","UK16673","כיפה סרוגה 16 ס""מ עם רקמה כסף דגל ישראל","19.47","כיפות","israel-judaica",""
"rbFtIYGGmQJx64PYTDhL","UK19150","כיפה עור ""ארטמן"" 15 ס""מ כחול","23.97","כיפות","israel-judaica",""
"rhSkA91F1aV2Ghe7qg5M","UK10137","כיפה פריק 22 ס""מ גוונים מהודרת","23.97","כיפות","israel-judaica",""
"ri3krAgtRVERAIUYEiDy","UK19686","כיפה קטיפה ""ארט-מן"" עם ריקמה יחי אדוננו גודל 4 - י","39.22","כיפות","israel-judaica",""
"rm9Bh5vGbWoEfGSACNXB","UK16360","כיפה סרוגה 15 ס""מ שחור מסביב פס כחול","14.97","כיפות","israel-judaica",""
"rsY9w7AAeVwxVkQeAVTA","UK10039","כיפה ארטמן קטיפה נחמן אפור עם רקמה כסף גודל 4","39.22","כיפות","israel-judaica",""
"s1CSZo3kRwxlX6NyXp8o","UK50088","מחזיק גפרורים אקריליק זהב שוכב","80.64","שבת","israel-judaica","https://www.israel-judaica.com/index.php?option=com_art&view=product&sku=UK50088&lang=he"
"s7aLEIaKaTXrnjsuQYIR","UK80672","כלי עם מיני בשמים ""עם פרחים"" מקריסטל עם מכסה 4X6 ס""מ","71.92","יודאיקה","israel-judaica","https://www.israel-judaica.com/index.php?option=com_art&view=product&sku=UK80672&lang=he"
"sGwiVrUxzpSpJbuVtScs","UK10049","כיפה ארטמן קטיפה נחמן כחולה כהה עם רקמה כסף גודל 4","39.22","כיפות","israel-judaica",""
"sLo8id02MS1J9DSQHTMD","UK11264","כיפה DMC סריגה ישראלית חלק עם פס 18 ס""מ אין החז","80.64","כיפות","israel-judaica",""
"sN4dH2axbXctK4hjK7Gd","UK00480","כיפה סטן בצבע כסף","4.17","כיפות","israel-judaica",""
"sNy2sYhWHvIoU18YpZjE","UK19685","כיפה קטיפה ""ארט-מן"" עם ריקמה יחי אדוננו גודל","39.22","כיפות","israel-judaica",""
"sXNz1yst3P3adjgfoeNC","UK82238","סט הבדלה מגש מסתובב קריסטל זהב","356.38","יודאיקה","israel-judaica","https://www.israel-judaica.com/index.php?option=com_art&view=product&sku=UK82238&lang=he"
"sjXnd20FadjFmfPJ65I5","UK55590","כלי לבשמים מקריסטל עם פלקטה ""עיטור"" 8.55 ס""מ עם פרחים","108.98","יודאיקה","israel-judaica","https://www.israel-judaica.com/index.php?option=com_art&view=product&sku=UK55590&lang=he"
"su4Kk26tuqy2EMz9gegj","UK19013","כיפה פריק 21 ס""מ גוונים כחול כהה אפור תכלת","23.97","כיפות","israel-judaica",""
"suusMqhP6F5Pg1hEfNSC","UK10293","כיפה קטיפה ""ארט-מן"" עם ריקמה הרב יורם אברגל גודל 3 - זהב","39.22","כיפות","israel-judaica",""
"szzA5E3eEUgxKHeViRwe","UK19682","כיפה קטיפה ""ארט-מן"" עם ריקמה יחי אדוננו גודל","39.22","כיפות","israel-judaica",""
"t2DXgFqXxl6eYlBOqFDB","UK19160","כיפה פריק 24 ס""מ גוונים","23.97","כיפות","israel-judaica",""
"t3k6Gn0FivkbUFbhyVc7","UK10435","כיפה קטיפה ""ארט-מן"" עם אותיות בולטות כסף ""יחי אדוננו..""גודל 4 - אפור בהיר","47.94","כיפות","israel-judaica",""
"tG40EjRKkSHb9KYQXwTx","UK18309","כיפה פריק כחול ""נחמן מאומן"" 24 ס""מ","23.97","כיפות","israel-judaica",""
"tKc9L673XPxFBR1vRsvv","UK14558","כיפה בד מהודרת שחור 19 ס""מ","8.97","כיפות","israel-judaica",""
"tcNpXxVqFtnVxiJtRtGk","UK80647","כלי לבשמים מקריסטל עם פלקטה 8X6 ס""מ","108.98","יודאיקה","israel-judaica","https://www.israel-judaica.com/index.php?option=com_art&view=product&sku=UK80647&lang=he"
"tfodocFXDZQgff7cZZcd","UK11110","כיפה סרוגה 20 ס""מ לבן חלק - 12 יח","17.97","כיפות","israel-judaica",""
"tgdWIHNANL4rNqhJvSez","UK81704","נר הבדלה צבע כסף ומהודר 16 ס""מ","43.58","יודאיקה","israel-judaica","https://www.israel-judaica.com/index.php?option=com_art&view=product&sku=UK81704&lang=he"
"trz8jgBnPh80frybZ6UL","UK11219","כיפה סרוגה 17 ס""מ שחור מחורר - 12 יח","17.97","כיפות","israel-judaica",""
"tsqRgjsf6zWzF01J7C4P","UK11255","כיפה DMC סריגה ישראלית דוגמת שטיח 14-16 ס""מ אין החזרת סחורה","65.38","כיפות","israel-judaica",""
"u4LxC6L1jctbNyolmFX8","UK15396","כיפה קטיפה ""ארט-מן"" 17 ס""מ - ירוק","26.14","כיפות","israel-judaica",""
"uCAWGoVpQz6AXNSJWDFc","UK19033","כיפה עור ארטמן חום 15 ס""מ","23.97","כיפות","israel-judaica",""
"uKL4z1Pt9aWTlisBz7MX","UK14537","כיפה מהודרת משי פשתן תכלת בהיר 19 ס""מ","8.97","כיפות","israel-judaica",""
"uWSuIHeVptEwsjsfe7A4","UK19681","כיפה קטיפה ""ארט-מן"" עם ריקמה יחי אדוננו גודל","39.22","כיפות","israel-judaica",""
"uirOkxE6zYruL5nGxK1t","UK40819",".כלי לבשמים מקריסטל עם פלקטה ""ירושלים"" 8X6 ס""מ","108.98","יודאיקה","israel-judaica","https://www.israel-judaica.com/index.php?option=com_art&view=product&sku=UK40819&lang=he"
"uqNRlqYA54rwHCVUca2x","UK40822","כלי לנר הבדלה מקריסטל עם פלקטה ""אורנמנטים"" 13 ס""מ","119.88","יודאיקה","israel-judaica","https://www.israel-judaica.com/index.php?option=com_art&view=product&sku=UK40822&lang=he"
"uxErXgE5mphmXwLMZk62","UK80693","","119.88","","israel-judaica",""
"v07ScCUFpkj4OWMdJtxe","UK10016","כיפה סרוגה 16 ס""מ שחורה עם ריקמה ""בבא סאלי"" כסף","23.97","כיפות","israel-judaica",""
"v5nbPPJq9jzmA71p27BM","UK11230","כיפה סרוגה דגמים מעורבים - רקע שחור - 16 ס""מ - 24 יח","16.47","כיפות","israel-judaica",""
"vFc3xAEk9WDOITgRjx17","UK10358","כיפה קטיפה ""ארט-מן"" עם אותיות בולטות האש שלי גודל 4 - שחור","43.58","כיפות","israel-judaica",""
"vGUWbuyEOaRS6qNRH3nW","UK18191","כיפה ד.מ.צ. לבן עם פס שחור 20 ס""מ","39.22","כיפות","israel-judaica",""
"vGcpNU7OE2mat09COIDp","UK51564","","108.98","","israel-judaica",""
"vGlRexlbWJ7yjYQvVe9M","UK10516","כיפה קטיפה ""ארט-מן"" עם אותיות בולטות זהב ""יברכך"" גודל 4 - שחור","43.58","כיפות","israel-judaica",""
"vKBLos2aBwHVXVnJDPxU","UK49220","כלי לבשמים מקריסטל עם פלקטה ""ירושלים"" 8X6 ס""מ","87.18","יודאיקה","israel-judaica","https://www.israel-judaica.com/index.php?option=com_art&view=product&sku=UK49220&lang=he"
"vNfsA3rbiZ9qawJFQZ3C","UK11220","כיפה סרוגה 19 ס""מ שחור מחורר - 12 יח","17.97","כיפות","israel-judaica",""
"vS6CZGfwc6jno4CU1Do2","UK15465","כיפה טרילין ""ארט מן"" שחור גודל 6 - 6 חלקים","29.97","כיפות","israel-judaica",""
"vVJcWgrbshu8BVpnSOe5","UK11252","כיפה DMC סריגה ישראלית חלק עם פס 9-11 ס""מ אין החזרת סחורה","43.58","כיפות","israel-judaica",""
"vd9ki6RIMy3iLNZwOn8o","UK18937","כיפה קטיפה ארטמן שחורה 4 חלקים עם סרט 21 ס""מ","26.14","כיפות","israel-judaica",""
"vpjsawRHnXG5vzllTy6P","UK18214","כיפה ד.מ.צ. כחול כהה 18 ס""מ","61.02","כיפות","israel-judaica",""
"vra6m9fibJ0qYQGtJ9QH","UK17715","כיפה אולטרא סוויד שחור 19 ס""מ ""מגן דויד"" כסף ומ","26.14","כיפות","israel-judaica",""
"w6BFFpSHJRvbVvfGJA8N","UK53122","סיכות לכיפה צבע שחור בליסטר 12 יח` חזקות מאוד","5.97","כיפות","israel-judaica",""
"wCD5FFJS8itQ9doJXdPs","UK12459","כיפה סרוגה 17 ס""מ מחורר לבן פסי כסף","14.97","כיפות","israel-judaica",""
"wP2LgsGXvaRw7Yh5nkcd","UK10103","כיפה בוכרית גודל 50 ס""מ - צבעים שונים","23.96","כיפות","israel-judaica",""
"wUlqdPIUQRKB4Ihe5kUa","UK18204","כיפה ד.מ.צ. אפור 16 ס""מ","47.94","כיפות","israel-judaica",""
"wWiihmQzVrur1Um7aW09","UK81771","כלי לבשמים מקריסטל פלקטה ירושלים עם תערובת פרחי","108.98","יודאיקה","israel-judaica","https://www.israel-judaica.com/index.php?option=com_art&view=product&sku=UK81771&lang=he"
"wX0NyMd4ETYQid8v8n9J","UK17680","כיפה קטיפה ""ארט מן"" עם ריקמה אותיות גודל 3 - ירוק","30.5","כיפות","israel-judaica",""
"wYRgIaRFiTb28vrvtNwQ","UK18964","כיפה סרוגה 16 ס""מ שחורה עם ריקמה ""האש שלי"" זהב","23.97","כיפות","israel-judaica",""
"whClK3y1HWAzIAspj5vN","UK18011","כיפה פשתן עם רקמה 19 ס""מ","23.97","כיפות","israel-judaica",""
"woMrGfGnJOAhwZreTb9I","UK10515","כיפה קטיפה ""ארט-מן"" עם אותיות בולטות זהב ""האש שלי"" גודל 4 - אופוויט","43.58","כיפות","israel-judaica",""
"wvtI7DcilTjUszUY61SG","UK18215","צצ כיפה ד.מ.צ. כחול כהה 16 ס""מ","47.94","כיפות","israel-judaica",""
"wxycJp4VH4Zzk5Fn9N4d","UK14959","כיפה קטיפה ""ארט-מן"" עם ריקמה מגן דוד גודל 4 - ירוק בהיר","39.22","כיפות","israel-judaica",""
"x0Twnr5WtvJtQPRUyVso","UK89928","","26.14","","israel-judaica",""
"x3PkfNnQQtTom9sb3dKp","UK10082","כיפה ארטמן קטיפה ה יתברך אוהב אפור עם רקמה כסף גודל 4","39.22","כיפות","israel-judaica",""
"x8FZRK1EPVjhshFU6Ha7","UK15593","כיפה ""מנטש"" קטיפה שחורה גודל 3 19 ס""מ - 4 חלקים עם סרט","11.97","כיפות","israel-judaica",""
"xBQrFqkZZpV84gjm9jgH","UK18160","צצ כיפה ד.מ.צ. לבן עם פס כסף 18 ס""מ","61.02","כיפות","israel-judaica",""
"xKxkiXd6hTcC2nu2UGtY","UK82794","אשר יצר אשכנזי מלבן אקריליק מסגרת זהב","196.18","יודאיקה","israel-judaica","https://www.israel-judaica.com/index.php?option=com_art&view=product&sku=UK82794&lang=he"
"xQSMXk9Fr4woi4hXvTdN","UK17202","כיפה קטיפה ""ארט מן"" עם ריקמה אותיות גודל 4 - כחול","30.5","כיפות","israel-judaica",""
"xRdn6BPkOF2H7g5mrHKi","UK48087","עץ הברכות צבעוני לתליה ברכת הבית אנגלית 20X19 ס""מ","43.58","יודאיקה","israel-judaica","https://www.israel-judaica.com/index.php?option=com_art&view=product&sku=UK48087&lang=he"
"xSJD91MjjBzS0P86fBXV","UK17394","כיפה ""פריק"" לבן חלק 21 ס""מ","23.97","כיפות","israel-judaica",""
"xTwnEcBgEnjGBM3TgkK2","UK15306","כיפה סרוגה 19 ס""מ לבן חלק","14.97","כיפות","israel-judaica",""
"xe6PMXBYXvFhcQ3zhiMk","UK19997","כיפה בד מהודרת גודל 2 שטוח - 15.5 ס""מ","8.97","כיפות","israel-judaica",""
"xjjHpLgM7h7qRKaH1v2F","UK15522","כיפה בד מהודרת כחול כהה מבריק גודל 4 19 ס""מ","8.97","כיפות","israel-judaica",""
"xtvIhWSsAFFXdPrX3h2d","UK82705","נטלה ""במבוק עבה"" עם הדפסה ""נטילת ידים"" 14 ס""מ","26.14","יודאיקה","israel-judaica","https://www.israel-judaica.com/index.php?option=com_art&view=product&sku=UK82705&lang=he"
"xy0FXCQKecs4oavhzKr7","UK19683","כיפה קטיפה ""ארט-מן"" עם ריקמה יחי אדוננו גודל 4 - כ","39.22","כיפות","israel-judaica",""
"y47ZNDP4QxCAfqtSqFuE","UK19307","כיפה קטיפה ""ארט-מן"" עם ריקמה האש שלי גודל 4 - כחול","43.58","כיפות","israel-judaica",""
"y65EcxGSYlQ7SxesHbkH","UK81812","מגש אקריליק להבדלה 25 ס""מ","152.58","יודאיקה","israel-judaica","https://www.israel-judaica.com/index.php?option=com_art&view=product&sku=UK81812&lang=he"
"yCc0pEy9wjAnGGB2GNSd","UK40068","נטלה מהודרת מפולימר 14 ס""מ","119.88","יודאיקה","israel-judaica","https://www.israel-judaica.com/index.php?option=com_art&view=product&sku=UK40068&lang=he"
"yGu8VBEd5LJCDoN3pR3G","UK19222","כיפה ""פריק"" 21 ס""מ פסים סגול ולבן","23.97","כיפות","israel-judaica",""
"yR5Q0uqivzjcviSTjcok","UK18934","כיפה קטיפה ארטמן שחורה 4 חלקים עם סרט 18 ס""מ","26.14","כיפות","israel-judaica",""
"yR7L78pwwUphpXzvqDBE","UK81813","מגש אקריליק להבדלה 25 ס""מ","152.58","יודאיקה","israel-judaica","https://www.israel-judaica.com/index.php?option=com_art&view=product&sku=UK81813&lang=he"
"yW3rFN3JxK8p3AnaNg9j","UK15624","(כמו 16409) כיפה קטיפה פלוש שחורה 4 חלקים גו","20.97","כיפות","israel-judaica",""
"yl9M6H6Jrd8SyQho7ssX","UK16457","כיפה סרוגה 16 ס""מ לבן 6 מגיני דוד כסף","19.47","כיפות","israel-judaica",""
"z4Io5AxvminLerurTcFA","UK10360","כיפה קטיפה ""ארט-מן"" עם אותיות בולטות רבי מאיר גודל 4 - שחור","43.58","כיפות","israel-judaica",""
"zDqO40uNR9xt94q8suoY","UK16035","כיפה סטן לבנה 19 ס""מ הדפסה כסף ""מזל טוב""","11.97","כיפות","israel-judaica",""
"zF1L0X48CiicBWgYDvHr","UK35963","בורא מאורי האש מאקריליק ""אותיות בולטות""","98.08","יודאיקה","israel-judaica","https://www.israel-judaica.com/index.php?option=com_art&view=product&sku=UK35963&lang=he"
"zOm9PriEkCI6P9ZXm09N","UK10291","כיפה קטיפה ""ארט-מן"" עם ריקמה הרב יורם אברגל גודל 3 - ורוד","39.22","כיפות","israel-judaica",""
"zT4nsjOuxPWEilJvP3zV","UK11888","כיפה סטן לבן 17 ס""מ","3.57","כיפות","israel-judaica",""
"zsclOdiJokkoChBt2W2c","UK83142","סט פולימר מגש להדלקת נרות וזוג פמוטים מהודרים","239.78","שבת","israel-judaica","https://www.israel-judaica.com/index.php?option=com_art&view=product&sku=UK83142&lang=he"
"09BTvmU0250JUh0rlVly","","מערכת אוכל Diana לבן וזהב – 18 חלקים New Bone China","937.16","כלי שולחן והגשה","paldinox","https://paldinox.co.il/product/%d7%9e%d7%a2%d7%a8%d7%9b%d7%aa-%d7%90%d7%95%d7%9b%d7%9c-18%d7%97%d7%9c-diana-%d7%9c%d7%91%d7%9f-%d7%96%d7%94%d7%91/"
"0B5FKGXOGDBubhWjWqqw","","זוג קערות פולירזין חום טייגר קוטר 37.5 גובה 10 ס”מ","651.56","כלי שולחן והגשה","paldinox","https://paldinox.co.il/product/%d7%96%d7%95%d7%92-%d7%a7%d7%a2%d7%a8%d7%95%d7%aa-%d7%a4%d7%95%d7%9c%d7%99%d7%a8%d7%96%d7%99%d7%9f-%d7%97%d7%95%d7%9d-%d7%98%d7%99%d7%99%d7%92%d7%a8-%d7%a7%d7%95%d7%98%d7%a8-37-5-%d7%92%d7%95%d7%91/"
"0YOqFWfcyU3ISwvgCufi","","סט 2 פמוטים עץ שחור עם ברזל","432.64","עיצוב הבית","paldinox","https://paldinox.co.il/product/h38-31-%d7%a1%d7%98-2-%d7%a4%d7%9e%d7%95%d7%98%d7%99-%d7%a2%d7%a5-%d7%a9%d7%97%d7%95%d7%a8-%d7%91%d7%a8%d7%96%d7%9c-d10/"
"0Zpnat72J1Lymr2Q8tpY","","מגש עגול על רגל זכוכית גבישית עם פס זהב","119.57","כלי שולחן והגשה","paldinox","https://paldinox.co.il/product/%d7%9e%d7%92%d7%a9-%d7%a2%d7%92%d7%95%d7%9c-%d7%a2%d7%9c-%d7%a8%d7%92%d7%9c-kim-%d7%a7%d7%95%d7%98%d7%a8-32-%d7%a1%d7%9e-%d7%96%d7%9b%d7%95%d7%9b%d7%99%d7%aa-%d7%92%d7%91%d7%99%d7%a9%d7%99-%d7%a9/"
"0qXNfNez5mYjGAjnYGBa","","סט 6 כוסות קרמיקה Green Lake – 300 מ""ל","76.1","כלי שולחן והגשה","paldinox","https://paldinox.co.il/product/%d7%a1%d7%98-6-%d7%9b%d7%95%d7%a1%d7%95%d7%aa-%d7%a7%d7%a8%d7%9e%d7%99%d7%a7%d7%94-300-%d7%9e%d7%9c-green-lake/"
"0tFHRODei9LYvKDl15v7","","קערת Kim אובלית זכוכית גבישית עם פס זהב","150.01","כלי שולחן והגשה","paldinox","https://paldinox.co.il/product/%d7%a7%d7%a2%d7%a8%d7%94-%d7%90%d7%95%d7%91%d7%9c%d7%99%d7%aa-kim-%d7%a2%d7%9c-%d7%a8%d7%92%d7%9c-40-20-%d7%a1%d7%9e-%d7%96%d7%9b%d7%95%d7%9b%d7%99%d7%aa-%d7%92%d7%91%d7%99%d7%a9%d7%99-%d7%a9%d7%a7/"
"17adSTFG8aHZlNahHOrR","","פח מתכת אפור 35 ליטר","434.82","עיצוב הבית","paldinox","https://paldinox.co.il/product/%d7%a4%d7%97-%d7%9e%d7%aa%d7%9b%d7%aa-%d7%90%d7%a4%d7%95%d7%a8-35-%d7%9c%d7%99%d7%98%d7%a8-%d7%a8%d7%95%d7%97%d7%91-45-5-%d7%92%d7%95%d7%91%d7%94-68-5-%d7%a1%d7%9e-4-%d7%a8%d7%92%d7%9c%d7%99%d7%99/"
"1HRI5CWPPzfVB1qCJ4tz","","זוג כוסות דאבל גלאס עם ידית 400 מ""ל","86.96","כלי שולחן והגשה","paldinox","https://paldinox.co.il/product/400%d7%9e%d7%9c-%d7%96%d7%95%d7%92-%d7%9b%d7%95%d7%a1%d7%95%d7%aa-%d7%93%d7%90%d7%91%d7%9c-%d7%92%d7%9c%d7%90%d7%a1-%d7%99%d7%93%d7%99%d7%aa-4/"
"1STlfE8Ce5qveFU0Pci9","","קרש חיתוך עץ טבעי 55×22 ס""מ","163.06","כלי שולחן והגשה","paldinox","https://paldinox.co.il/product/%d7%a7%d7%a8%d7%a9-%d7%97%d7%99%d7%aa%d7%95%d7%9a-%d7%a2%d7%a5-%d7%98%d7%91%d7%a2%d7%99-55-22-%d7%a1%d7%9e/"
"1mWPfpVwy2ggRylexxAL","","דיקנטר קריסטל DIAMOND – 0.7 ליטר","391.33","כלי שולחן והגשה","paldinox","https://paldinox.co.il/product/%d7%93%d7%99%d7%a7%d7%a0%d7%98%d7%a8-diamond-0-7l/"
"1thCqJefIJWP7mcVnmSy","","מנורת רצפה עם עיטור נוצות שחורות","1282.71","עיצוב הבית","paldinox","https://paldinox.co.il/product/h75d75-%d7%9e%d7%a0%d7%95%d7%a8%d7%aa-%d7%a8%d7%a6%d7%a4%d7%94-%d7%a2%d7%99%d7%98%d7%95%d7%a8-%d7%a0%d7%95%d7%a6%d7%95%d7%aa-%d7%a9%d7%97%d7%95%d7%a8%d7%95%d7%aa/"
"22Pn5Kfz2ryogNQJfKtP","","סט 6 כוסות ברנדי סדרת CITY","173.92","כלי שולחן והגשה","paldinox","https://paldinox.co.il/product/660ml-%d7%a1%d7%986-%d7%9b%d7%95%d7%a1-%d7%91%d7%a8%d7%a0%d7%93%d7%99-city/"
"22jYez5SJbKueZPLP4cu","X5410","זוג פמוטי קריסטל קוביה בגוון אמבר","130.43","עיצוב הבית","paldinox","https://paldinox.co.il/product/%d7%96%d7%95%d7%92-%d7%a4%d7%9e%d7%95%d7%98%d7%99-%d7%a7%d7%a8%d7%99%d7%a1%d7%98%d7%9c-%d7%a7%d7%95%d7%91%d7%99%d7%94-%d7%aa%d7%97%d7%aa%d7%99%d7%aa-%d7%90%d7%9e%d7%91%d7%a8-6-6-%d7%a1%d7%9e-%d7%92/"
"25oIP4Q719DdrMiUE7c1","","סט 2 פמוטי עץ וברזל","326.76","עיצוב הבית","paldinox","https://paldinox.co.il/product/h14-5-12-%d7%a1%d7%98-2-%d7%a4%d7%9e%d7%95%d7%98%d7%99-%d7%a2%d7%a5-%d7%98%d7%91%d7%a2%d7%99-%d7%91%d7%a8%d7%96%d7%9c-d12-2/"
"26seQIR1IGwFHw2WGuEd","","מגש אובלי זהב עם גימור זכוכית שקופה","475","כלי שולחן והגשה","paldinox","https://paldinox.co.il/product/%d7%9e%d7%92%d7%a9-%d7%90%d7%95%d7%91%d7%9c%d7%99-%d7%9e%d7%aa%d7%9b%d7%aa-%d7%96%d7%94%d7%91-%d7%a4%d7%a2%d7%9e%d7%95%d7%9f-%d7%96%d7%9b%d7%95%d7%9b%d7%99%d7%aa-%d7%a9%d7%a7%d7%95%d7%a3-%d7%92%d7%95/"
"29qexfNVzCxX2dU0zQUr","","מגש שיש מלבני לבן עם מסגרת מתכת מצופה זהב","193.5","עיצוב הבית","paldinox","https://paldinox.co.il/product/%d7%9e%d7%92%d7%a9-%d7%a9%d7%99%d7%a9-%d7%9e%d7%9c%d7%91%d7%a0%d7%99-%d7%9c%d7%91%d7%9f-%d7%9e%d7%a1%d7%92%d7%a8%d7%aa-%d7%9e%d7%aa%d7%9b%d7%aa-%d7%a6%d7%99%d7%a4%d7%95%d7%99-%d7%96%d7%94%d7%91-34-18/"
"2CCznTA65qXTrixtiCns","X5038EZ","סכין חלה נירוסטה עם ציפוי זהב לשבת והחגים","97.84","יודאיקה","paldinox","https://paldinox.co.il/product/%d7%a1%d7%9b%d7%99%d7%9f-%d7%a0%d7%99%d7%a8%d7%95%d7%a1%d7%98%d7%94-%d7%9c%d7%97%d7%9c%d7%94-%d7%a9%d7%91%d7%aa-%d7%95%d7%99%d7%95%d7%9d-%d7%98%d7%95%d7%91-%d7%a6%d7%99%d7%a4%d7%95%d7%99-%d7%96%d79-3/"
"2SvLquh1YEvUzp3t2dgD","","סט 4 מגשים עגולים מתכת לבן עם רגלי כדור","215.23","כלי שולחן והגשה","paldinox","https://paldinox.co.il/product/%d7%a1%d7%98-4-%d7%9e%d7%92%d7%a9%d7%99-%d7%9e%d7%aa%d7%9b%d7%aa-%d7%a2%d7%92%d7%95%d7%9c%d7%99%d7%9d-%d7%9c%d7%91%d7%9f-%d7%a8%d7%92%d7%9c%d7%99-%d7%9b%d7%93%d7%95%d7%a8-%d7%a7%d7%95%d7%98%d7%a8-27-5/"
"2bNBw25ag0AVoLeFEIEQ","","בונבוניירת קריסטל עם מכסה – קולקציית CASABLANCA","215.23","כלי שולחן והגשה","paldinox","https://paldinox.co.il/product/18-%d7%91%d7%95%d7%a0%d7%91%d7%95%d7%a0%d7%99%d7%a8%d7%94-%d7%a7%d7%a8%d7%99%d7%a1%d7%98%d7%9c-%d7%95%d7%9e%d7%9b%d7%a1%d7%94-casablanca/"
"310ObAN7SLyOEBcDwEM9","","מסגרת תמונה 4 תמונות בטיטניום","173.92","עיצוב הבית","paldinox","https://paldinox.co.il/product/%d7%9e%d7%a1%d7%92%d7%a8%d7%aa-4-%d7%aa%d7%9e%d7%95%d7%a0%d7%95%d7%aa-10x15-%d7%98%d7%99%d7%98%d7%a0%d7%99%d7%95%d7%9d-2/"
"32eXpvaSFwVDNKD5IYNc","","קופסת פורצלן זהובה עם מכסה זכוכית","302.21","עיצוב הבית","paldinox","https://paldinox.co.il/product/%d7%a7%d7%95%d7%a4%d7%a1%d7%aa-%d7%a4%d7%95%d7%a8%d7%a6%d7%9c%d7%9f-%d7%96%d7%94%d7%91-%d7%9e%d7%9b%d7%a1%d7%94-%d7%96%d7%9b%d7%95%d7%9b%d7%99%d7%aa-%d7%a2%d7%99%d7%98%d7%95%d7%a8-%d7%96%d7%94%d7%91/"
"3B8JyxkNF4l7u4mOfLJ6","","קנקן זכוכית עם פסים וברז נירוסטה – 1.7 ליטר","84.8","כלי שולחן והגשה","paldinox","https://paldinox.co.il/product/1-7-%d7%9c%d7%99%d7%98%d7%a8-%d7%a7%d7%a0%d7%a7%d7%9f-%d7%96%d7%9b%d7%95%d7%9b%d7%99%d7%aa-%d7%a4%d7%a1%d7%99%d7%9d-%d7%9e%d7%9b%d7%a1%d7%94-%d7%a0%d7%99%d7%a8%d7%95%d7%a1%d7%98%d7%94-%d7%96%d7%94/"
"3DJMcIsVL1jZdxwi80S6","","קערה לפונטש בסיס רחב – זהב","435.76","כלי שולחן והגשה","paldinox","https://paldinox.co.il/product/%d7%a7%d7%a2%d7%a8%d7%94-%d7%9c%d7%a4%d7%95%d7%a0%d7%98%d7%a9-%d7%91%d7%a1%d7%99%d7%a1-38-%d7%a1%d7%9e-%d7%96%d7%94%d7%91/"
"3OLOPgvnT2ynVdo73jW3","","מגש מלבני זכוכית Ella Grey – 39×13.5 ס""מ","84.8","כלי שולחן והגשה","paldinox","https://paldinox.co.il/product/ella-grey-%d7%9e%d7%92%d7%a9-%d7%9e%d7%9c%d7%91%d7%a0%d7%99-%d7%96%d7%9b%d7%95%d7%9b%d7%99%d7%aa-39-13-5-%d7%a1%d7%9e/"
"3UXuFs1kxaVxvH8TUNzH","","סט 18 זר גלדיולות לבן מלאכותי","1956.7","עיצוב הבית","paldinox","https://paldinox.co.il/product/h56-%d7%a1%d7%98-18-%d7%96%d7%a8-%d7%92%d7%9c%d7%93%d7%99%d7%95%d7%9c%d7%94-%d7%9c%d7%91%d7%9f/"
"3V6qEEN4ak8lJRW6MSoI","","הוריקן עץ וזכוכית לנר – גובה 30 ס""מ","345.68","עיצוב הבית","paldinox","https://paldinox.co.il/product/h30-%d7%a1%d7%9e-%d7%94%d7%95%d7%a8%d7%99%d7%a7%d7%9f-%d7%a2%d7%a5-%d7%96%d7%9b%d7%95%d7%9b%d7%99%d7%aa4-2/"
"3bmONw9zEnJZLJ82G4aT","","עששית עגולה מתכת שחורה","43.49","עיצוב הבית","paldinox","https://paldinox.co.il/product/h9-5d8-5-%d7%a2%d7%a9%d7%a9%d7%99%d7%aa-%d7%a2%d7%92%d7%95%d7%9c%d7%94-%d7%9e%d7%aa%d7%9b%d7%aa-%d7%a9%d7%97%d7%95%d7%a8-2/"
"3eymHg1xI1VxkzPdaqKy","","זוג עציצי סחלב סגולים","367.42","עיצוב הבית","paldinox","https://paldinox.co.il/product/h65-%d7%96%d7%95%d7%92-%d7%a2%d7%a6%d7%99%d7%a5-%d7%a1%d7%97%d7%9c%d7%91-%d7%a1%d7%92%d7%95%d7%9c-2/"
"3q4ngBuUklwzvV8WmB62","X3730K","פמוט קריסטל עם כוס","336.98","עיצוב הבית","paldinox","https://paldinox.co.il/product/h61-%d7%a4%d7%9e%d7%95%d7%98-%d7%a7%d7%a8%d7%99%d7%a1%d7%98%d7%9c%d7%9b%d7%95%d7%a1/"
"4611cVfyrMfuG6JJHlf5","X5117Z","גביע קידוש עם תחתית קריסטל זהב","119.57","כלי שולחן והגשה","paldinox","https://paldinox.co.il/product/%d7%92%d7%91%d7%99%d7%a2-%d7%a7%d7%99%d7%93%d7%95%d7%a9%d7%aa%d7%97%d7%aa%d7%99%d7%aa-%d7%a7%d7%a8%d7%99%d7%a1%d7%98%d7%9c-%d7%a6%d7%91%d7%a2-%d7%96%d7%94%d7%91-h15d11/"
"4BZHM00kMJwxCruefCcu","","עגלת הגשה 4 קומות עגולה לבן","847.89","כלי שולחן והגשה","paldinox","https://paldinox.co.il/product/%d7%a1%d7%984-%d7%a2%d7%92%d7%9c%d7%94-%d7%9c%d7%99%d7%a8%d7%a7%d7%95%d7%aa-%d7%a2%d7%92%d7%95%d7%9c%d7%94-4%d7%a7%d7%95%d7%9e%d7%95%d7%aa-%d7%9c%d7%91%d7%9f-2/"
"4bSDjGF2mPSR7RBG6a8e","","סט 6 כוסות זכוכית אמבר בעיצוב יהלום עם פס זהב","193.5","כלי שולחן והגשה","paldinox","https://paldinox.co.il/product/320-%d7%9e%d7%9c-%d7%a1%d7%98-6-%d7%9b%d7%95%d7%a1%d7%95%d7%aa-%d7%96%d7%9b%d7%95%d7%9b%d7%99%d7%aa-%d7%90%d7%9e%d7%91%d7%a8-%d7%a6%d7%95%d7%a8%d7%aa-%d7%99%d7%94%d7%9c%d7%95%d7%9d/"
"4hMI7EQOJsdqruB0orF1","","סט קריסטל לחתן וכלה – פמוטים וכוס קידוש","410.91","כלי שולחן והגשה","paldinox","https://paldinox.co.il/product/%d7%a1%d7%98-%d7%a7%d7%a8%d7%99%d7%a1%d7%98%d7%9c-%d7%9c%d7%9b%d7%9c%d7%94-%d7%96%d7%95%d7%92-%d7%a4%d7%9e%d7%95%d7%98%d7%99%d7%9d-%d7%9b%d7%95%d7%a1-%d7%a7%d7%99%d7%93%d7%95%d7%a9-%d7%9e%d7%92%d7a--2/"
"4mj8SPQVZPj1g8aExnEY","","קערה על רגל עם ציפוי צדף פנינה – אלומיניום","226.48","כלי שולחן והגשה","paldinox","https://paldinox.co.il/product/%d7%a7%d7%a2%d7%a8%d7%94-%d7%a2%d7%9c-%d7%a8%d7%92%d7%9c-%d7%a6%d7%99%d7%a4%d7%95%d7%99-%d7%a6%d7%93%d7%a3-%d7%a4%d7%a0%d7%99%d7%a0%d7%94-%d7%a7%d7%95%d7%98%d7%a8-30-%d7%a1%d7%9e-%d7%92%d7%95%d7%91/"
"4s2Ace4v2YGw1KYEht0r","","סט 2 צלחות מתכת עגולות שחור – 30 ו-25 ס""מ","97.84","כלי שולחן והגשה","paldinox","https://paldinox.co.il/product/%d7%a1%d7%98-2-%d7%a6%d7%9c%d7%97%d7%95%d7%aa-%d7%9e%d7%aa%d7%9b%d7%aa-%d7%a2%d7%92%d7%95%d7%9c%d7%95%d7%aa-%d7%a9%d7%97%d7%95%d7%a8-%d7%a7%d7%95%d7%98%d7%a8-30-25-%d7%a1%d7%9e-2/"
"4y2kDdb8NfLchB3PNPzE","","מגש ענתיק כסף עם עיטור רימון","304.39","כלי שולחן והגשה","paldinox","https://paldinox.co.il/product/5837-%d7%9e%d7%92%d7%a9-%d7%a2%d7%a0%d7%aa%d7%99%d7%a7-%d7%a6%d7%99%d7%a4%d7%95%d7%99-%d7%9b%d7%a1%d7%a3-%d7%a8%d7%99%d7%9e%d7%95%d7%9f-2/"
"5JoMFEybiAffRDAi98ax","","מעמד קומותיים עגול בניקל","195.96","עיצוב הבית","paldinox","https://paldinox.co.il/product/h34d20-%d7%9e%d7%a2%d7%9e%d7%93-%d7%a7%d7%95%d7%9e%d7%95%d7%aa%d7%99%d7%99%d7%9d-%d7%a2%d7%92%d7%95%d7%9c-%d7%a0%d7%99%d7%a7%d7%9c/"
"5fcISMjxhZ92SSi0Abtz","","קופסת טישו בטקסטורת נחל בז' עם מכסה זכוכית","315.84","עיצוב הבית","paldinox","https://paldinox.co.il/product/%d7%a7%d7%95%d7%a4%d7%a1%d7%90-%d7%9c%d7%98%d7%99%d7%a9%d7%95-%d7%91%d7%a1%d7%99%d7%a1-%d7%97%d7%9c%d7%95%d7%a7%d7%99-%d7%a0%d7%97%d7%9c-%d7%91%d7%96-%d7%9e%d7%9b%d7%a1%d7%94-%d7%96%d7%9b%d7%95/"
"5v3nvjxoXrljoHmZvCH5","","סט 6 חבקי מפיות יהלום זהב","150.01","כלי שולחן והגשה","paldinox","https://paldinox.co.il/product/%d7%a1%d7%986-%d7%97%d7%91%d7%a7%d7%99%d7%9d-%d7%9c%d7%9e%d7%a4%d7%99%d7%95%d7%aa-%d7%99%d7%94%d7%9c%d7%95%d7%9e%d7%99%d7%9d-%d7%96%d7%94%d7%91-4-3%d7%a1%d7%9e-2/"
"5zDDG5lLdqXsAmDS77bl","","מעמד לנר סגור מברזל","108.74","עיצוב הבית","paldinox","https://paldinox.co.il/product/h17-%d7%9e%d7%a2%d7%9e%d7%93-%d7%9c%d7%a0%d7%a8-%d7%a1%d7%92%d7%95%d7%a8-%d7%91%d7%a8%d7%96%d7%9c-9-5-%d7%a1%d7%9e16-2/"
"63ynuIqrmxHkCWmRRD61","","בונבוניירה קריסטל סדרת CASABLANCA","323.93","כלי שולחן והגשה","paldinox","https://paldinox.co.il/product/24-5-%d7%91%d7%95%d7%a0%d7%91%d7%95%d7%a0%d7%99%d7%a8%d7%94-%d7%a7%d7%a8%d7%99%d7%a1%d7%98%d7%9c-%d7%a8%d7%92%d7%9c-%d7%9e%d7%9b%d7%a1%d7%94-casablanca/"
"64KA2i4oUouEUNOAbBI2","","מגש אלומיניום בגימור זהב","174.16","כלי שולחן והגשה","paldinox","https://paldinox.co.il/product/%d7%9e%d7%92%d7%a9-%d7%90%d7%9c%d7%95%d7%9e%d7%99%d7%a0%d7%99%d7%95%d7%9d-%d7%96%d7%94%d7%91-44-5-17-5-%d7%92%d7%95%d7%91%d7%94-2-5-%d7%a1%d7%9e/"
"6BfgSWzl2RrtKZLHlGGy","","קנקן תה לבן ROYAL WHITE 1.65 ליטר","410.91","כלי שולחן והגשה","paldinox","https://paldinox.co.il/product/1-65l-royal-white-%d7%a7%d7%a0%d7%a7%d7%9f-%d7%aa%d7%94-%d7%9c%d7%91%d7%9f-2/"
"6E34uUiN9MJvb1u3W69N","","תחתית לצלחת קריסטל בגוון אמבר","108.72","כלי שולחן והגשה","paldinox","https://paldinox.co.il/product/%d7%aa%d7%97%d7%aa%d7%99%d7%aa-%d7%9c%d7%a6%d7%9c%d7%97%d7%aa-%d7%a7%d7%a8%d7%99%d7%a1%d7%98%d7%9c-%d7%90%d7%9e%d7%91%d7%a8-34-%d7%a1%d7%9e/"
"6GEbAaAoOKbfuQSPoXS2","","קנקן זכוכית וזהב למים 1.5 ליטר","258.72","עיצוב הבית","paldinox","https://paldinox.co.il/product/h27-%d7%a7%d7%a0%d7%a7%d7%9f-%d7%9c%d7%9e%d7%99%d7%9d-%d7%96%d7%9b%d7%95%d7%9b%d7%99%d7%aa-%d7%96%d7%94%d7%91-1-5%d7%9c%d7%99%d7%98%d7%a8/"
"6JGuCHnjCzN9iaDkupon","","רוקי מאפרה","258.72","כלי שולחן והגשה","paldinox","https://paldinox.co.il/product/%d7%a8%d7%95%d7%a7%d7%99-%d7%9e%d7%90%d7%a4%d7%a8%d7%94/"
"6OiBaRwteb4szt22dHLm","","מגש הגשה מלבני מתכת זהב עם ידיות עגולות","283.14","כלי שולחן והגשה","paldinox","https://paldinox.co.il/product/%d7%9e%d7%92%d7%a9-%d7%9e%d7%aa%d7%9b%d7%aa-%d7%9e%d7%9c%d7%91%d7%a0%d7%99-%d7%96%d7%94%d7%91-%d7%99%d7%93%d7%99%d7%95%d7%aa-%d7%a2%d7%92%d7%95%d7%9c%d7%95%d7%aa-57-23%d7%a1%d7%9e-3/"
"6RwutUQ2SE6xCTAnavH3","","אגרטל רוקי לעיצוב הבית","693.55","עיצוב הבית","paldinox","https://paldinox.co.il/product/%d7%a8%d7%95%d7%a7%d7%99-%d7%90%d7%92%d7%a8%d7%98%d7%9c-305/"
"6VlstrRlHjOC6uIRZAj3","","מגש מלבני אלומיניום בעיצוב ערבסק זהב","102.22","כלי שולחן והגשה","paldinox","https://paldinox.co.il/product/%d7%9e%d7%92%d7%a9-%d7%9e%d7%9c%d7%91%d7%a0%d7%99-%d7%a2%d7%a8%d7%91%d7%a1%d7%a7-%d7%90%d7%9c%d7%95%d7%9e%d7%99%d7%a0%d7%99%d7%95%d7%9d-%d7%96%d7%94%d7%91-30-14-%d7%a1%d7%9e-2-%d7%a1%d7%9e/"
"6sIhGhbOW1rBGyxdaHYX","X875","נטלה מים אחרונים כסף מבריק","152.64","יודאיקה","paldinox","https://paldinox.co.il/product/%d7%9e-%d7%9e%d7%99%d7%9d-%d7%90%d7%97%d7%a8%d7%95%d7%a0%d7%99%d7%9d-%d7%a4%d7%99%d7%9c%d7%92%d7%a8%d7%99%d7%9d-%d7%9e%d7%95%d7%9b%d7%a1%d7%a3/"
"6ybqppLN8S1tDBlD2UWU","","קנקן מים Ipanema 2 ליטר","215.23","כלי שולחן והגשה","paldinox","https://paldinox.co.il/product/2-0%d7%9c-%d7%a7%d7%a0%d7%a7%d7%9f-%d7%9e%d7%99%d7%9d-ipanema-2/"
"7TzckuAmK4gzbujeNU7j","","מלקחיים להגשת סלט/זהב","50.01","כלי שולחן והגשה","paldinox","https://paldinox.co.il/product/%d7%9e%d7%9c%d7%a7%d7%97%d7%99%d7%99%d7%9d-%d7%9c%d7%94%d7%92%d7%a9%d7%aa-%d7%a1%d7%9c%d7%98-%d7%96%d7%94%d7%91/"
"7V7rIEUun4tR1IkN3gjD","","עציץ מתכת עגול אפור","163.26","עיצוב הבית","paldinox","https://paldinox.co.il/product/h15-%d7%a2%d7%a6%d7%99%d7%a5-%d7%9e%d7%aa%d7%9b%d7%aa-%d7%a2%d7%92%d7%95%d7%9c-%d7%90%d7%a4%d7%95%d7%a8-%d7%a7%d7%95%d7%98%d7%a8-19%d7%a1%d7%9e/"
"7cGhxLhaGQChsXQtjaVA","","מגש מלבני מתכת בציפוי זהב","150.18","כלי שולחן והגשה","paldinox","https://paldinox.co.il/product/%d7%9e%d7%92%d7%a9-%d7%9e%d7%9c%d7%91%d7%a0%d7%99-%d7%9e%d7%aa%d7%9b%d7%aa-%d7%96%d7%94%d7%91-40-16/"
"7iOXGiU23cQDv6lxSjCM","","עץ דקל ננסי לעיצוב הבית","652.23","עיצוב הבית","paldinox","https://paldinox.co.il/product/%d7%a2%d7%a5-%d7%93%d7%a7%d7%9c-%d7%a0%d7%a0%d7%a1%d7%99-150-%d7%a1%d7%9e/"
"7pJTFp8nnkBaUUClNK6s","","מגש הגשה מתכת מלבני זהב עם ידיות","228.66","כלי שולחן והגשה","paldinox","https://paldinox.co.il/product/%d7%9e%d7%92%d7%a9-%d7%9e%d7%aa%d7%9b%d7%aa-%d7%9e%d7%9c%d7%91%d7%a0%d7%99-%d7%96%d7%94%d7%91-%d7%99%d7%93%d7%99%d7%95%d7%aa-48-27-%d7%a1%d7%9e-%d7%a4%d7%99%d7%a0%d7%95%d7%aa-%d7%9e%d7%a2%d7%95-2/"
"7tjdQVVEbre63TXUPl7V","","מגש עוגה על רגל Royal White","432.64","כלי שולחן והגשה","paldinox","https://paldinox.co.il/product/royal-white-%d7%9e%d7%92%d7%a9-%d7%9c%d7%a2%d7%95%d7%92%d7%94-24%d7%a1%d7%9e-%d7%a2%d7%9c-%d7%a8%d7%92%d7%9c/"
"87wZS3ssVCTF6B3c2wXe","","סט 4 קערות מתכת שחורות בשילוב שוליים זהב","215.58","כלי שולחן והגשה","paldinox","https://paldinox.co.il/product/%d7%a1%d7%98-4-%d7%a7%d7%a2%d7%a8%d7%95%d7%aa-%d7%9e%d7%aa%d7%9b%d7%aa-%d7%a0%d7%99%d7%a7%d7%9c-%d7%a9%d7%97%d7%95%d7%a8-%d7%a9%d7%95%d7%9c%d7%99%d7%99%d7%9d-%d7%96%d7%94%d7%91-12-5-12-5-%d7%92%d79-2/"
"8I1gRbcCaiKXMtQGOtOy","","קנקן תה זכוכית שקופה עם מסנן וזהב – 1.5 ליטר","128.27","כלי שולחן והגשה","paldinox","https://paldinox.co.il/product/1-5-%d7%9c%d7%99%d7%98%d7%a8-%d7%a7%d7%a0%d7%a7%d7%9f-%d7%aa%d7%94-%d7%96%d7%9b%d7%95%d7%9b%d7%99%d7%aa-%d7%a9%d7%a7%d7%95%d7%a4%d7%94-%d7%9e%d7%9b%d7%a1%d7%94-%d7%95%d7%9e%d7%a1%d7%a0%d7%9f-%d7%96/"
"8JKrTdB57bzyLiuar4MU","","סט קריסטל לכלה – פמוטים, כוס קידוש ומגש","410.91","כלי שולחן והגשה","paldinox","https://paldinox.co.il/product/%d7%a1%d7%98-%d7%a7%d7%a8%d7%99%d7%a1%d7%98%d7%9c-%d7%9c%d7%9b%d7%9c%d7%94-%d7%96%d7%95%d7%92-%d7%a4%d7%9e%d7%95%d7%98%d7%99%d7%9d-%d7%9b%d7%95%d7%a1-%d7%a7%d7%99%d7%93%d7%95%d7%a9-%d7%9e%d7%92%d7a--2/"
"8S0bVJ2w7YEzo3wKY0cV","","קערת הגשה פרחונית סדרת FLORAL","497.89","כלי שולחן והגשה","paldinox","https://paldinox.co.il/product/floral-%d7%a7%d7%a2%d7%a8%d7%94-360-7375/"
"8gDwr8m1MZmM9LJ3ePUs","","אגרטל מתכת שחור לעיצוב בית","653.76","עיצוב הבית","paldinox","https://paldinox.co.il/product/h82-%d7%90%d7%92%d7%a8%d7%98%d7%9c-%d7%9e%d7%aa%d7%9b%d7%aa-%d7%a9%d7%97%d7%95%d7%a8-%d7%a7%d7%95%d7%98%d7%a8-35%d7%a1%d7%9e/"
"8jb10dvjQOmq3MFOHGbv","X5238","פמוט קריסטל 7 קנים – עיצוב מרחיק","541.36","עיצוב הבית","paldinox","https://paldinox.co.il/product/%d7%a4%d7%9e%d7%95%d7%98-7-%d7%a7%d7%a0%d7%99%d7%9d-%d7%a7%d7%a8%d7%99%d7%a1%d7%98%d7%9c-%d7%92%d7%95%d7%91%d7%94-50-42-30-%d7%a1%d7%9e-%d7%a8%d7%95%d7%97%d7%91-40-%d7%a1%d7%9e-%d7%a2%d7%95%d7%9e/"
"8xgpKdiCsE7LyrsJBmuX","","סט 6 כוסות אספרסו ליליק בגוון לילך – New Bone China","347.86","כלי שולחן והגשה","paldinox","https://paldinox.co.il/product/%d7%a1%d7%98-6-%d7%9b%d7%95%d7%a1-%d7%90%d7%a1%d7%a4%d7%a8%d7%a1%d7%95-%d7%a2%d7%9d-%d7%aa%d7%97%d7%aa%d7%99%d7%aa-lily-%d7%9c%d7%99%d7%9c%d7%9a-80-%d7%9e%d7%9c-new-bone-china/"
"8y6GhM33UNWF9mgtynFK","","קנקן תה Royal White בנפח 0.9 ליטר – צבע לבן","358.74","כלי שולחן והגשה","paldinox","https://paldinox.co.il/product/0-9l-royal-white-%d7%a7%d7%a0%d7%a7%d7%9f-%d7%9c%d7%aa%d7%94-%d7%9c%d7%91%d7%9f/"
"981cLhbvLMXND7Wxok13","","זוג נרות ריחניים שחור טל בגן","141.33","עיצוב הבית","paldinox","https://paldinox.co.il/product/915-%d7%96%d7%95%d7%92-%d7%a0%d7%a8-%d7%a8%d7%99%d7%97%d7%a0%d7%99-%d7%a9%d7%97%d7%95%d7%a8-%d7%98%d7%9c-%d7%91%d7%92%d7%9f-2/"
"98qWvHb2fDylS1PKm4Ey","","זוג עציצי סחלב קרמיים לבן","584.85","עיצוב הבית","paldinox","https://paldinox.co.il/product/%d7%96%d7%95%d7%92-%d7%a2%d7%a6%d7%99%d7%a6%d7%99%d7%9d-%d7%a7%d7%a8%d7%9e%d7%99%d7%99%d7%9d-%d7%a9%d7%9c-%d7%a1%d7%97%d7%9c%d7%91-%d7%9c%d7%91%d7%9f-%d7%92%d7%95%d7%91%d7%94-82-%d7%a1%d7%9e/"
"9VB2gVvgPuBjsmwLheyz","X3052","פמוט 5 קנים בסיס משושה בציפוי כסף","215.23","עיצוב הבית","paldinox","https://paldinox.co.il/product/h23-%d7%a4%d7%9e%d7%95%d7%98-5-%d7%a7%d7%a0%d7%99%d7%9d-%d7%91%d7%a1%d7%99%d7%a1-%d7%9e%d7%a9%d7%95%d7%a9%d7%94-%d7%a6%d7%99%d7%a4%d7%95%d7%99-%d7%9b%d7%a1%d7%a3-%d7%9c%d7%9b%d7%94/"
"AKZWsiOHwSoktspzDQmN","","H15 סט 3 צנצנות זכוכית אפורה מכסה נירוסטה 0.85ל D10","141.29","עיצוב הבית","paldinox","https://paldinox.co.il/product/h15-%d7%a1%d7%98-3-%d7%a6%d7%a0%d7%a6%d7%a0%d7%95%d7%aa-%d7%96%d7%9b%d7%95%d7%9b%d7%99%d7%aa-%d7%90%d7%a4%d7%95%d7%a8%d7%94-%d7%9e%d7%9b%d7%a1%d7%94-%d7%a0%d7%99%d7%a8%d7%95%d7%a1%d7%98%d7%94-0-85-2/"
"AUodrsYtkKCkYgOLXoBP","","מגש מלבני ערבסק כפרי בציפוי קרמי בז' על רגל אלומיניום","457.56","כלי שולחן והגשה","paldinox","https://paldinox.co.il/product/%d7%9e%d7%92%d7%a9-%d7%9e%d7%9c%d7%91%d7%a0%d7%99-%d7%a2%d7%a8%d7%91%d7%a1%d7%a7-%d7%9b%d7%a4%d7%a8%d7%99-%d7%a6%d7%99%d7%a4%d7%95%d7%99-%d7%a7%d7%a8%d7%9e%d7%99-%d7%91%d7%96-%d7%a2%d7%9c-%d7%a8/"
"Afg5x0miN6sQ2ciEhSxr","X4702A","h13.5 נטלה נירו’ אמייל שנהב “נטילת ידיים”","110.94","יודאיקה","paldinox","https://paldinox.co.il/product/h13-5-%d7%a0%d7%98%d7%9c%d7%94-%d7%a0%d7%99%d7%a8%d7%95-%d7%90%d7%9e%d7%99%d7%99%d7%9c-%d7%a9%d7%a0%d7%94%d7%91-%d7%a0%d7%98%d7%99%d7%9c%d7%aa-%d7%99%d7%93%d7%99%d7%99%d7%9d-2/"
"AgY12FlBpXpIUefIenKx","","סט 4 קעריות מרק Love Birds בגוון ירוק","519.62","כלי שולחן והגשה","paldinox","https://paldinox.co.il/product/love-birds-%d7%a1%d7%98-4-%d7%a7%d7%a2%d7%a8%d7%99%d7%95%d7%aa-%d7%9c%d7%9e%d7%a8%d7%a7-%d7%99%d7%a8%d7%95%d7%a7-%d7%a7%d7%95%d7%98%d7%a8-15-%d7%a1%d7%9e-2/"
"AuOdMY2T0ldeCfeZRz7E","X1549S","כוס קידוש זהב וכסף עם פסים ורגל","171.76","כלי שולחן והגשה","paldinox","https://paldinox.co.il/product/%d7%9b%d7%95%d7%a1-%d7%a7%d7%99%d7%93%d7%95%d7%a9-%d7%a8%d7%92%d7%9c-%d7%a4%d7%a1%d7%99%d7%9d-%d7%9b%d7%a1%d7%a3-%d7%96%d7%94%d7%91-%d7%a6%d7%99%d7%a4%d7%95%d7%99-%d7%9c%d7%9b%d7%94/"
"BjzQBNvucvkXCRhLctnn","X364J","כוס קידוש מוכסף ירושלים ותחתית","128.27","כלי שולחן והגשה","paldinox","https://paldinox.co.il/product/%d7%9e%d7%9b%d7%95%d7%a1-%d7%a7%d7%99%d7%93%d7%95%d7%a9-%d7%9e%d7%95%d7%9b%d7%a1%d7%a3-%d7%99%d7%a8%d7%95%d7%a9%d7%9c%d7%99%d7%9d%d7%aa%d7%97%d7%aa/"
"C0VCuXktTj08GfqvHFgb","","סט 4 עגלות הגשה תלת-קומתיות","932.69","כלי שולחן והגשה","paldinox","https://paldinox.co.il/product/%d7%a1%d7%98-4-%d7%a2%d7%92%d7%9c%d7%94-%d7%9c%d7%99%d7%a8%d7%a7%d7%95%d7%aa-3-%d7%a7%d7%95%d7%9e%d7%95%d7%aa-%d7%92%d7%95%d7%91%d7%94-76-%d7%a1%d7%9e/"
"C0jPYizPt2yyj5kcAVbX","","מכסה סיר זכוכית עם ידית סיליקון","54.43","עיצוב הבית","paldinox","https://paldinox.co.il/product/%d7%9e%d7%9b%d7%a1%d7%94-%d7%9c%d7%a1%d7%99%d7%a8-x1837k-%d7%96%d7%9b%d7%95%d7%9b%d7%99%d7%aa-%d7%a1%d7%99%d7%9c%d7%99%d7%a7%d7%95%d7%9f-%d7%99%d7%93%d7%99%d7%aa-d24-2/"
"CHyUZlikfcsPwp3kBliE","","סט 18 זרי אגלאיה בגוון כתום","584.83","עיצוב הבית","paldinox","https://paldinox.co.il/product/%d7%a1%d7%98-18-%d7%96%d7%a8-%d7%90%d7%92%d7%9c%d7%90%d7%99%d7%94-%d7%9b%d7%aa%d7%95%d7%9d-%d7%92%d7%95%d7%91%d7%94-43-%d7%a1%d7%9e/"
"CLZXC4weMJ6Ng85J21FS","","h11 עציץ מתכת עגול זהב קוטר 14סמ","108.76","עיצוב הבית","paldinox","https://paldinox.co.il/product/h11-%d7%a2%d7%a6%d7%99%d7%a5-%d7%9e%d7%aa%d7%9b%d7%aa-%d7%a2%d7%92%d7%95%d7%9c-%d7%96%d7%94%d7%91-%d7%a7%d7%95%d7%98%d7%a8-14%d7%a1%d7%9e-2/"
"CkSp9yoDyhvNKzubkXmy","","צלחת עוגה קריסטל ORIGAMI","71.74","כלי שולחן והגשה","paldinox","https://paldinox.co.il/product/22-19-%d7%a6%d7%9c%d7%97%d7%aa-%d7%a2%d7%95%d7%92%d7%94-%d7%a7%d7%a8%d7%99%d7%a1%d7%98%d7%9c-origami/"
"CoOzsUmYSp1GTcqnrayx","","סט מלח, פלפל, שמן וחומץ שחור מט על מעמד זהב","184.8","כלי שולחן והגשה","paldinox","https://paldinox.co.il/product/%d7%a1%d7%98-%d7%9e%d7%9c%d7%97-%d7%a4%d7%9c%d7%a4%d7%9c-%d7%a9%d7%9e%d7%9f-%d7%97%d7%95%d7%9e%d7%a5-%d7%a9%d7%97%d7%95%d7%a8-%d7%9e%d7%98-%d7%a2%d7%9c-%d7%9e%d7%a2%d7%9e%d7%93-%d7%a0%d7%99%d7%a8/"
"CpmOcwQLfMc6K657brz1","","מגש עץ בעיצוב סירה עם פסים","104.4","כלי שולחן והגשה","paldinox","https://paldinox.co.il/product/%d7%9e%d7%92%d7%a9-%d7%a1%d7%99%d7%a8%d7%94-%d7%a2%d7%a5-%d7%a4%d7%a1%d7%99%d7%9d-35-5-11-%d7%92%d7%95%d7%91%d7%94-4-5-%d7%a1%d7%9e/"
"CxfJ5LUUHHxxbAqoNZ4V","","מגש מלבני מתכת זהב – 40×16 ס""מ","150.18","כלי שולחן והגשה","paldinox","https://paldinox.co.il/product/%d7%9e%d7%92%d7%a9-%d7%9e%d7%9c%d7%91%d7%a0%d7%99-%d7%9e%d7%aa%d7%9b%d7%aa-%d7%96%d7%94%d7%91-40-16-2/"
"D521F5K6N6FxvctgrSeT","","מגש בעיצוב ערבסק – אלומיניום זהוב על בסיס עץ","361.62","כלי שולחן והגשה","paldinox","https://paldinox.co.il/product/%d7%9e%d7%92%d7%a9-%d7%9e%d7%a8%d7%95%d7%91%d7%a2-%d7%a2%d7%9c-%d7%91%d7%a1%d7%99%d7%a1-%d7%a2%d7%a5-%d7%a2%d7%a8%d7%91%d7%a1%d7%a7-%d7%90%d7%9c%d7%95%d7%9e%d7%99%d7%a0%d7%99%d7%95%d7%9d-%d7%96%d7%94/"
"DCCHLcYoFCUt4k1km4UI","","קערית עגולה על רגל בעיצוב טרוורטין","41.31","כלי שולחן והגשה","paldinox","https://paldinox.co.il/product/%d7%a7%d7%a2%d7%a8%d7%99%d7%aa-%d7%93%d7%9e%d7%95%d7%99-%d7%98%d7%a8%d7%95%d7%95%d7%a8%d7%98%d7%99%d7%9f-%d7%a2%d7%92%d7%95%d7%9c%d7%94-%d7%a2%d7%9c-%d7%a8%d7%92%d7%9c-%d7%a7%d7%95%d7%98%d7%a8-12-5/"
"DPWnW7yRY7CD7O9Ml5BP","","עץ דקל ננסי – 150 ס""מ","652.23","עיצוב הבית","paldinox","https://paldinox.co.il/product/h150-%d7%a2%d7%a6%d7%99%d7%a5-%d7%93%d7%a7%d7%9c-%d7%a0%d7%a0%d7%a1%d7%99/"
"DZtYGtzidvzfJDfI2k0r","X4990B","קופת צדקה נירוסטה בסגנון ארט דקו שחור וזהב","93.5","יודאיקה","paldinox","https://paldinox.co.il/product/%d7%a7%d7%95%d7%a4%d7%aa-%d7%a6%d7%93%d7%a7%d7%94-%d7%a0%d7%99%d7%a8%d7%95%d7%a1%d7%98%d7%94-art-deco-%d7%a9%d7%97%d7%95%d7%a8-%d7%96%d7%94%d7%91-2/"
"DeqWLatnW6fzQQCjGBmf","X3956Z","נטלה אלומיניום עם אבן ירושלמית מוזהבת","115.3","עיצוב הבית","paldinox","https://paldinox.co.il/product/%d7%a0%d7%98%d7%9c%d7%94-%d7%90%d7%9c%d7%95%d7%9e%d7%99%d7%a0%d7%99%d7%95%d7%9d-%d7%a7%d7%99%d7%a9%d7%95%d7%98-%d7%90%d7%91%d7%9f-%d7%99%d7%a8%d7%95%d7%a9%d7%9c%d7%9e%d7%99%d7%aa-%d7%9e%d7%95%d7%96/"
"DuBIfPzhzAj23fFNLsdb","","שמפנירה טבעות בציפוי זהב","250.44","עיצוב הבית","paldinox","https://paldinox.co.il/product/h27-%d7%a9%d7%9e%d7%a4%d7%a0%d7%99%d7%a8%d7%94-%d7%98%d7%91%d7%a2%d7%95%d7%aa-%d7%96%d7%94%d7%91/"
"E9lB0nrOmowoBqhdpUQW","","סט 6 צלחות עוגה Athen Floral לבן וזהב – New Bone China","239.56","כלי שולחן והגשה","paldinox","https://paldinox.co.il/product/%d7%a1%d7%98-6-%d7%a6%d7%9c%d7%97%d7%95%d7%aa-%d7%a2%d7%95%d7%92%d7%94-athen-floral-%d7%9c%d7%91%d7%9f-%d7%96%d7%94%d7%91-%d7%a7%d7%95%d7%98%d7%a8-15-6-%d7%a1%d7%9e-new-bone-china/"
"EBhlKmCjMsjBQz4RYTC8","","סט 4 עגלות הגשה עגולות זהב 3 קומות","1019.65","כלי שולחן והגשה","paldinox","https://paldinox.co.il/product/%d7%a1%d7%98-4-%d7%a2%d7%92%d7%9c%d7%94-%d7%9c%d7%99%d7%a8%d7%a7%d7%95%d7%aa-%d7%a2%d7%92%d7%95%d7%9c%d7%94-3-%d7%a7%d7%95%d7%9e%d7%95%d7%aa-%d7%96%d7%94%d7%91-%d7%92%d7%95%d7%91%d7%94-80-%d7%a1/"
"EJoB6GBv1nWeG6P93hvj","","מנורת שולחן מדורגת שחור וזהב","2152.38","עיצוב הבית","paldinox","https://paldinox.co.il/product/h73-%d7%9e%d7%a0%d7%95%d7%a8%d7%aa-%d7%a9%d7%95%d7%9c%d7%97%d7%9f-%d7%9e%d7%93%d7%95%d7%a8%d7%92%d7%aa-%d7%a9%d7%97%d7%95%d7%a8-%d7%96%d7%94%d7%91-d50-2/"
"EJwYzN4oVABtwXLhkDmc","","מגש מתכת בעיצוב עלה זהב","106.58","כלי שולחן והגשה","paldinox","https://paldinox.co.il/product/%d7%9e%d7%92%d7%a9-%d7%9e%d7%aa%d7%9b%d7%aa-%d7%a2%d7%9c%d7%94-%d7%96%d7%94%d7%91-32-13%d7%a1%d7%9e/"
"EVrWhwAPGJaKrrtBbLol","","סט 6 כוסות זכוכית עם קישוט במבוק","150.01","כלי שולחן והגשה","paldinox","https://paldinox.co.il/product/%d7%a1%d7%98-6-%d7%9b%d7%95%d7%a1%d7%95%d7%aa-%d7%96%d7%9b%d7%95%d7%9b%d7%99%d7%aa-%d7%a9%d7%a7%d7%95%d7%a4%d7%94-%d7%a4%d7%a1%d7%99%d7%9d-350-%d7%9e%d7%9c-%d7%95%d7%a7%d7%99%d7%a9%d7%95%d7%98/"
"EXCCJeMOTwXjcNm8odez","","מגש מרובע מתכת זהב פעמון זכוכית שקוף גובה 20 ס”מ 23/23 ס”מ","335.46","כלי שולחן והגשה","paldinox","https://paldinox.co.il/product/h20-23-23-%d7%9e%d7%92%d7%a9-%d7%9e%d7%9c%d7%91%d7%a0%d7%99-%d7%9e%d7%aa%d7%9b%d7%aa-%d7%96%d7%94%d7%91-%d7%a4%d7%a2%d7%9e%d7%95%d7%9f-%d7%96%d7%9b%d7%95%d7%9b%d7%99%d7%aa-%d7%a9%d7%a7%d7%95%d7%a3/"
"Edw17dLpo3kt2Pym1jE6","","פמוט עץ טבעי","152.19","עיצוב הבית","paldinox","https://paldinox.co.il/product/h38-%d7%a4%d7%9e%d7%95%d7%98-%d7%a2%d7%a5-2/"
"Ew2fEikB5V19HDXASPlt","","זוג קערות פולירזין אפור לשולחן שבת","651.56","כלי שולחן והגשה","paldinox","https://paldinox.co.il/product/%d7%96%d7%95%d7%92-%d7%a7%d7%a2%d7%a8%d7%95%d7%aa-%d7%a4%d7%95%d7%9c%d7%99%d7%a8%d7%96%d7%99%d7%9f-%d7%90%d7%a4%d7%95%d7%a8-%d7%a7%d7%95%d7%98%d7%a8-37-5-%d7%92%d7%95%d7%91%d7%94-10-%d7%a1%d7%9e/"
"F1b876MbrKImfl4GJnda","","סט 6 מאגים Heritage בגוון טורקיז","454.27","כלי שולחן והגשה","paldinox","https://paldinox.co.il/product/heritage-%d7%a1%d7%98-6-%d7%9e%d7%90%d7%92-300-%d7%9e%d7%9c-%d7%98%d7%95%d7%a8%d7%a7%d7%99%d7%96/"
"F3K0B7UuXMDGrpy3ZG3o","","סט 4 דיפיוזרים וניל זכוכית עם עיצוב מעויינים","215.23","עיצוב הבית","paldinox","https://paldinox.co.il/product/%d7%a1%d7%98-4-%d7%93%d7%99%d7%a4%d7%99%d7%95%d7%96%d7%a8%d7%99%d7%9d-%d7%95%d7%a0%d7%99%d7%9c-150-%d7%9e%d7%9c-%d7%9e%d7%a2%d7%95%d7%99%d7%99%d7%a0%d7%99%d7%9d-%d7%96%d7%9b%d7%95%d7%9b%d7%99%d7%aa/"
"F6im70IZTS0khIOKTbdt","","סט מלח ופלפל עם מעמד נירוסטה זהב","184.8","כלי שולחן והגשה","paldinox","https://paldinox.co.il/product/%d7%a1%d7%98-%d7%9e%d7%9c%d7%97-%d7%a4%d7%9c%d7%a4%d7%9c-%d7%a9%d7%9e%d7%9f-%d7%97%d7%95%d7%9e%d7%a5-%d7%9c%d7%91%d7%9f-%d7%a2%d7%9c-%d7%9e%d7%a2%d7%9e%d7%93-%d7%a0%d7%99%d7%a8%d7%95%d7%a1%d7%98/"
"FBlaRd4IgE7cuBUZB8Mo","X874","מלחיה בודדת וכפית מוכספת סגנון פילגרים","80.44","יודאיקה","paldinox","https://paldinox.co.il/product/%d7%9e%d7%9c%d7%97%d7%99%d7%94-%d7%91%d7%95%d7%93%d7%93%d7%aa-%d7%95%d7%9b%d7%a4%d7%99%d7%aa-%d7%a4%d7%99%d7%9c%d7%92%d7%a8%d7%99%d7%9d-%d7%9e%d7%95%d7%9b%d7%a1%d7%a3/"
"Fljgx8cuhJShHQ0Jjxqi","","קערת אפרה קראק","165.03","כלי שולחן והגשה","paldinox","https://paldinox.co.il/product/%d7%a7%d7%a8%d7%90%d7%a7-%d7%9e%d7%90%d7%a4%d7%a8%d7%94-152-2/"
"FvxwRMvomXiEqCsdbho7","","סט 5 אגרטלי זכוכית שקופה בסטנד מתכת זהב","152.19","עיצוב הבית","paldinox","https://paldinox.co.il/product/%d7%97%d7%9e%d7%99%d7%a9%d7%99%d7%99%d7%aa-%d7%90%d7%92%d7%a8%d7%98%d7%9c%d7%99-%d7%96%d7%9b%d7%95%d7%9b%d7%99%d7%aa-%d7%a9%d7%a7%d7%95%d7%a4%d7%94-%d7%91%d7%a1%d7%98%d7%a0%d7%93-%d7%9e%d7%aa%d7%9b/"
"FwDrQBLhGIUn2LEUc6y2","X874","מלחיה בודדת וכפית פילגרים מוכסף","80.44","יודאיקה","paldinox","https://paldinox.co.il/product/%d7%9e%d7%9c%d7%97%d7%99%d7%94-%d7%91%d7%95%d7%93%d7%93%d7%aa%d7%9b%d7%a4%d7%99%d7%aa-%d7%a4%d7%99%d7%9c%d7%92%d7%a8%d7%99%d7%9d-%d7%9e%d7%95%d7%9b%d7%a1%d7%a3/"
"G8wI4qOYn9IbZMnWS2t5","","אגרטל מתכת זהב 80 ס""מ","1193.59","עיצוב הבית","paldinox","https://paldinox.co.il/product/%d7%90%d7%92%d7%a8%d7%98%d7%9c-%d7%9e%d7%aa%d7%9b%d7%aa-%d7%96%d7%94%d7%91-41-5-41-5-%d7%92%d7%95%d7%91%d7%94-77-%d7%a1%d7%9e/"
"GK5unyddZWf4OfjIQsdo","","סט 24 זרי פרי דקל בגווני ירוק וחום","758.77","עיצוב הבית","paldinox","https://paldinox.co.il/product/%d7%a1%d7%98-24-%d7%96%d7%a8-%d7%a4%d7%a8%d7%99-%d7%94%d7%93%d7%a7%d7%9c-%d7%99%d7%a8%d7%95%d7%a7-%d7%95%d7%97%d7%95%d7%9d-%d7%92%d7%95%d7%91%d7%94-78-%d7%a1%d7%9e/"
"Gt6eKoEJdFfcTmeKK33Y","X5238","פמוט קריסטל 7 קנים – גובה 50 ס""מ","541.36","עיצוב הבית","paldinox","https://paldinox.co.il/product/%d7%a4%d7%9e%d7%95%d7%98-7-%d7%a7%d7%a0%d7%99%d7%9d-%d7%a7%d7%a8%d7%99%d7%a1%d7%98%d7%9c-40-14-2-%d7%92%d7%95%d7%91%d7%94-76-%d7%a1%d7%9e/"
"Gw3P7HbsmX8KVUB2TEEV","","מעמד קומותיים מלבני בצבע זהב","250.44","עיצוב הבית","paldinox","https://paldinox.co.il/product/h28-%d7%9e%d7%a2%d7%9e%d7%93-%d7%a7%d7%95%d7%9e%d7%95%d7%aa%d7%99%d7%99%d7%9d-%d7%9e%d7%9c%d7%91%d7%a0%d7%99-%d7%96%d7%94%d7%91-30-14%d7%a1%d7%9e/"
"H0lqMCZfj0exkwwhC2Bv","X5296","נטלה אקרילית בגוון כתום הדרגתי","128.34","יודאיקה","paldinox","https://paldinox.co.il/product/%d7%a0%d7%98%d7%9c%d7%94-%d7%90%d7%a7%d7%a8%d7%99%d7%9c%d7%99%d7%aa-%d7%9b%d7%aa%d7%95%d7%9d-%d7%94%d7%93%d7%a8%d7%92%d7%aa%d7%99-%d7%95%d7%99%d7%93%d7%99%d7%95%d7%aa-%d7%a9%d7%a7%d7%95%d7%a4%d7%95/"
"H1vn9PZ4Fx8oG5l4ilEC","","קערת זכוכית על רגל Ella – אפור","119.57","כלי שולחן והגשה","paldinox","https://paldinox.co.il/product/ella-grey-%d7%a7%d7%a2%d7%a8%d7%94-%d7%a2%d7%9c-%d7%a8%d7%92%d7%9c-%d7%96%d7%9b%d7%95%d7%9b%d7%99%d7%aa-%d7%a7%d7%95%d7%98%d7%a8-26-%d7%92%d7%95%d7%91%d7%94-10-5-%d7%a1%d7%9e/"
"H8ahLbVpUiKOgGYLOTIC","","Pip Chique סט 6 צלחות מנה ראשונה ירוק זהב קוטר 23 ס”מ","502.23","כלי שולחן והגשה","paldinox","https://paldinox.co.il/product/pip-chique-%d7%a1%d7%98-6-%d7%a6%d7%9c%d7%97%d7%95%d7%aa-%d7%9e%d7%a0%d7%94-%d7%a8%d7%90%d7%a9%d7%95%d7%a0%d7%94-%d7%99%d7%a8%d7%95%d7%a7-%d7%96%d7%94%d7%91-%d7%a7%d7%95%d7%98%d7%a8-23-%d7%a1%d7%9e/"
"HJnuRzqAiqHU3SN60XBl","","סט 6 צלחות La Majorelle ורוד עם עגורים","497.89","כלי שולחן והגשה","paldinox","https://paldinox.co.il/product/la-majorelle-%d7%a1%d7%98-6-%d7%a6%d7%9c%d7%97%d7%95%d7%aa-21-%d7%a1%d7%9e-%d7%95%d7%a8%d7%95%d7%93-%d7%a2%d7%92%d7%95%d7%a8%d7%99%d7%9d/"
"HLrcYIjsnQE3q5TfcT5b","","פמוט מתכת כחול מלכותי","376.66","עיצוב הבית","paldinox","https://paldinox.co.il/product/h36-%d7%a4%d7%9e%d7%95%d7%98-%d7%9e%d7%aa%d7%9b%d7%aa-%d7%9b%d7%97%d7%95%d7%9c-royal-white-2/"
"HQKZ7RhB0is5TOtNR7O6","","מעמד קומותיים עגול בצבע זהב","195.96","עיצוב הבית","paldinox","https://paldinox.co.il/product/h34d20-%d7%9e%d7%a2%d7%9e%d7%93-%d7%a7%d7%95%d7%9e%d7%95%d7%aa%d7%99%d7%99%d7%9d-%d7%a2%d7%92%d7%95%d7%9c-%d7%96%d7%94%d7%91-2/"
"HjzoCIoitpdkbuu8fvrA","","תבנית הגשה מלבנית Flower Festival בצבע כחול","271.65","כלי שולחן והגשה","paldinox","https://paldinox.co.il/product/flower-festival-%d7%aa%d7%91%d7%a0%d7%99%d7%aa-%d7%94%d7%92%d7%a9%d7%94-%d7%9e%d7%9c%d7%91%d7%a0%d7%99%d7%aa-27-5-18-5-%d7%a1%d7%9e-%d7%9b%d7%97%d7%95%d7%9c/"
"Hp9eXysquVfSFgRX107u","BL93818305","פמוט קריסטל EMINENCE","302.21","עיצוב הבית","paldinox","https://paldinox.co.il/product/h30-5-%d7%a4%d7%9e%d7%95%d7%98-%d7%a7%d7%a8%d7%99%d7%a1%d7%98%d7%9c-eminence-2/"
"I5KNGIbrrZOT9tJzy1yL","","זוג נרות ריחניים אמבר וריח רענן בטון חום ולבן גובה 6.6 ס”מ קוטר 16.2 ס”מ","215.23","עיצוב הבית","paldinox","https://paldinox.co.il/product/%d7%96%d7%95%d7%92-%d7%a0%d7%a8%d7%95%d7%aa-%d7%a8%d7%99%d7%97%d7%a0%d7%99%d7%99%d7%9d-%d7%90%d7%9e%d7%91%d7%a8-%d7%95%d7%a8%d7%99%d7%97-%d7%a8%d7%a2%d7%a0%d7%9f-%d7%91%d7%98%d7%95%d7%9f-%d7%97%d7%95/"
"II6PQJ3HomK0vW417q39","","סט 6 כוסות אספרסו ורוד וצבעוני – New Bone China","335.5","כלי שולחן והגשה","paldinox","https://paldinox.co.il/product/%d7%a1%d7%98-6-%d7%9b%d7%95%d7%a1-%d7%90%d7%a1%d7%a4%d7%a8%d7%a1%d7%95-%d7%aa%d7%97%d7%aa%d7%99%d7%aa-pink-spring-%d7%95%d7%a8%d7%95%d7%93-%d7%a6%d7%91%d7%a2%d7%95%d7%a0%d7%99-80-%d7%9e%d7%9c-new-bon/"
"IIWJXIcxMjIApIodenws","","h76 מנורת שולחן שחורה קריסטל זהב D40(2חל’)","1413.19","עיצוב הבית","paldinox","https://paldinox.co.il/product/h76-%d7%9e%d7%a0%d7%95%d7%a8%d7%aa-%d7%a9%d7%95%d7%9c%d7%97%d7%9f-%d7%a9%d7%97%d7%95%d7%a8%d7%94-%d7%a7%d7%a8%d7%99%d7%a1%d7%98%d7%9c-%d7%96%d7%94%d7%91-d402%d7%97%d7%9c/"
"ILzfhVNUsVViNrRPtGwo","","h28 מעמד קומותיים מלבני זהב 30/14סמ","250.44","עיצוב הבית","paldinox","https://paldinox.co.il/product/h28-%d7%9e%d7%a2%d7%9e%d7%93-%d7%a7%d7%95%d7%9e%d7%95%d7%aa%d7%99%d7%99%d7%9d-%d7%9e%d7%9c%d7%91%d7%a0%d7%99-%d7%96%d7%94%d7%91-30-14%d7%a1%d7%9e-2/"
"IckwydebaKOhno549Mlv","X526G","מעמד לקיסמים קריסטל ענבר","76.08","יודאיקה","paldinox","https://paldinox.co.il/product/%d7%9e%d7%a2%d7%9e%d7%93-%d7%9c%d7%a7%d7%99%d7%a1%d7%9e%d7%99%d7%9d-%d7%a7%d7%a8%d7%99%d7%a1%d7%98%d7%9c-%d7%9e%d7%a8%d7%95%d7%91%d7%a2-%d7%a2%d7%a0%d7%91%d7%a8-4-4-%d7%a1%d7%9e-%d7%92%d7%95%d7%91/"
"IeRJ992djMxLsXsUWzIp","","h9/22 מאפרה מרובעת לבנה עם מכסה קרמיקה ואריה זהב","236.99","עיצוב הבית","paldinox","https://paldinox.co.il/product/h9-22-%d7%9e%d7%90%d7%a4%d7%a8%d7%94-%d7%9e%d7%a8%d7%95%d7%91%d7%a2%d7%aa-%d7%9c%d7%91%d7%a0%d7%94-%d7%a2%d7%9d-%d7%9e%d7%9b%d7%a1%d7%94-%d7%a7%d7%a8%d7%9e%d7%99%d7%a7%d7%94-%d7%95%d7%90%d7%a8%d7%99/"
"Ig6QPftHYpDhGEPu3M1g","","סט תחתיות על מעמד ניקל","84.8","כלי שולחן והגשה","paldinox","https://paldinox.co.il/product/%d7%9e%d7%a1%d7%98-%d7%aa%d7%97%d7%aa%d7%99%d7%95%d7%aa-%d7%a2%d7%9c-%d7%9e%d7%a2%d7%9e%d7%93-%d7%a0%d7%99%d7%a7%d7%9c-2/"
"IgOn0IlT1WukU8rttnPm","","קערת מתכת עגולה על רגל קוטר 18 גובה 9 ס”מ","115.3","עיצוב הבית","paldinox","https://paldinox.co.il/product/h9d18-%d7%a7%d7%a2%d7%a8%d7%aa-%d7%9e%d7%aa%d7%9b%d7%aa-%d7%a2%d7%92%d7%95%d7%9c%d7%94-%d7%a2%d7%9c-%d7%a8%d7%92%d7%9c/"
"In9L75BSS0Lmi9IN7k1G","X3730","סט פמוט וכוס קריסטל","367.42","עיצוב הבית","paldinox","https://paldinox.co.il/product/h71-%d7%a4%d7%9e%d7%95%d7%98-%d7%a7%d7%a8%d7%99%d7%a1%d7%98%d7%9c%d7%9b%d7%95%d7%a1/"
"IpEduxe6MrbpL9JUeMFM","","סט 5 פמוטים זהב על מגש עגול","628.32","עיצוב הבית","paldinox","https://paldinox.co.il/product/5-%d7%a4%d7%9e%d7%95%d7%98%d7%99-%d7%96%d7%94%d7%91-%d7%a2%d7%9c-%d7%9e%d7%92%d7%a9-%d7%a2%d7%92%d7%95%d7%9c-%d7%92%d7%95%d7%91%d7%94-88-5-%d7%a1%d7%9e-%d7%a7%d7%95%d7%98%d7%a8-22-%d7%a1%d7%9e/"
"J1RwjzFqq0TPlJAQDXLY","","מעמד מתכת לנייר מטבח בז’ גובה 30 קוטר 16 ס”מ","54.35","כלי שולחן והגשה","paldinox","https://paldinox.co.il/product/%d7%9e%d7%a2%d7%9e%d7%93-%d7%9e%d7%aa%d7%9b%d7%aa-%d7%9c%d7%a0%d7%99%d7%99%d7%a8-%d7%9e%d7%98%d7%91%d7%97-%d7%91%d7%96-%d7%92%d7%95%d7%91%d7%94-30-%d7%a7%d7%95%d7%98%d7%a8-16-%d7%a1%d7%9e/"
"J4j4UJmxxPRjYoqOP1l8","","סט 3 צנצנות זכוכית אחסון שחור מט וזהב","193.5","כלי שולחן והגשה","paldinox","https://paldinox.co.il/product/%d7%a1%d7%98-%d7%9e%d7%96%d7%95%d7%9f-%d7%9c%d7%97%d7%99%d7%a6%d7%aa-%d7%95%d7%90%d7%a7%d7%95%d7%9d-3-%d7%a6%d7%a0%d7%a6%d7%a0%d7%95%d7%aa-%d7%96%d7%9b%d7%95%d7%9b%d7%99%d7%aa-%d7%a9%d7%97%d7%95%d7%a8/"
"JBi4aJMDEdctxLdoFWnH","","סט 6 צלחות מרק חאקי – Blush.Bird","445.16","כלי שולחן והגשה","paldinox","https://paldinox.co.il/product/blush-bird-%d7%a1%d7%986-%d7%a6%d7%9c%d7%97%d7%aa-%d7%9e%d7%a8%d7%a7-21-5%d7%a1%d7%9e-%d7%97%d7%90%d7%a7%d7%99/"
"JWZgRZLx5rOHoGxRq68s","X5296","נטלה אקרילית כתום הדרגתי וידיות שקופות","128.34","יודאיקה","paldinox","https://paldinox.co.il/product/%d7%a0%d7%98%d7%9c%d7%94-%d7%90%d7%a7%d7%a8%d7%99%d7%9c%d7%99%d7%aa-%d7%9b%d7%aa%d7%95%d7%9d-%d7%94%d7%93%d7%a8%d7%92%d7%aa%d7%99-%d7%95%d7%99%d7%93%d7%99%d7%95%d7%aa-%d7%a9%d7%a7%d7%95%d7%a4%d7%95-2/"
"KUkNEQIEHmryhDUhXREH","","אגרטל עציץ מתכת בגוון זהב","1830.94","עיצוב הבית","paldinox","https://paldinox.co.il/product/h54d66-%d7%90%d7%92%d7%a8%d7%98%d7%9c-%d7%9c%d7%a2%d7%a6%d7%99%d7%a5-%d7%9e%d7%aa%d7%9b%d7%aa-%d7%96%d7%94%d7%91/"
"KY19QSeT0PFlTW7KD8jG","","פסלון עץ על בסיס שחור","336.98","עיצוב הבית","paldinox","https://paldinox.co.il/product/h26-24-%d7%a4%d7%a1%d7%9c%d7%95%d7%9f-%d7%a9%d7%9c-%d7%a2%d7%a5-%d7%a2%d7%9c-%d7%91%d7%a1%d7%99%d7%a1-%d7%a9%d7%97%d7%95%d7%a8/"
"Kc5i3mmXuzDZNgudHjFT","","מלקחיים לעוגה נירוסטה משונן ציפוי זהב","32.46","כלי שולחן והגשה","paldinox","https://paldinox.co.il/product/%d7%9e%d7%9c%d7%a7%d7%97%d7%99%d7%99%d7%9d-%d7%9c%d7%a2%d7%95%d7%92%d7%94-%d7%a0%d7%99%d7%a8%d7%95%d7%a1%d7%98%d7%94-%d7%9e%d7%a9%d7%95%d7%a0%d7%9f-%d7%a6%d7%99%d7%a4%d7%95%d7%99-%d7%96%d7%94%d7%91/"
"KfIHFcRVr8brkILvzEDP","","מלקחיים לעוגה נירוסטה עם ציפוי זהב","32.46","כלי שולחן והגשה","paldinox","https://paldinox.co.il/product/%d7%9e%d7%9c%d7%a7%d7%97%d7%99%d7%99%d7%9d-%d7%9c%d7%a2%d7%95%d7%92%d7%94-%d7%a0%d7%99%d7%a8%d7%95%d7%a1%d7%98%d7%94-%d7%9e%d7%a9%d7%95%d7%a0%d7%9f-%d7%a6%d7%99%d7%a4%d7%95%d7%99-%d7%96%d7%94%d7%91-2/"
"KfztJ8JESoD7xbeaa7hT","","קישוט פסנתר קריסטל בגוון ענבר ואפור","258.72","עיצוב הבית","paldinox","https://paldinox.co.il/product/%d7%a7%d7%99%d7%a9%d7%95%d7%98-%d7%a4%d7%a1%d7%a0%d7%aa%d7%a8-%d7%a7%d7%a8%d7%99%d7%a1%d7%98%d7%9c-%d7%a2%d7%a0%d7%91%d7%a8-%d7%a9%d7%99%d7%9c%d7%95%d7%91-%d7%90%d7%a4%d7%95%d7%a8-12-5-10-%d7%92%d7%95/"
"KiKJV8S6U4y517o1Nd5a","","סט 4 עגלות הגשה 3 קומות זהב","1065.3","כלי שולחן והגשה","paldinox","https://paldinox.co.il/product/%d7%a1%d7%98-4-%d7%a2%d7%92%d7%9c%d7%94-%d7%9c%d7%99%d7%a8%d7%a7%d7%95%d7%aa-3-%d7%a7%d7%95%d7%9e%d7%95%d7%aa-%d7%96%d7%94%d7%91-%d7%92%d7%95%d7%91%d7%94-76-%d7%a1%d7%9e/"
"L7g2YO98F5ZRoidZUhsE","","סט 6 כוסות ויסקי CASABLANCA","323.93","כלי שולחן והגשה","paldinox","https://paldinox.co.il/product/%d7%a1%d7%986-%d7%9b%d7%95%d7%a1-%d7%95%d7%99%d7%a1%d7%a7%d7%99-casablanca/"
"LN1IHJJ0n6qq1WKyWP6M","","אגרטל מתכת Jolie בגוון ורוד","384.81","עיצוב הבית","paldinox","https://paldinox.co.il/product/jolie-%d7%90%d7%92%d7%a8%d7%98%d7%9c-%d7%9e%d7%aa%d7%9b%d7%aa-%d7%95%d7%a8%d7%95%d7%93-%d7%92%d7%95%d7%91%d7%94-33-%d7%a7%d7%95%d7%98%d7%a8-19-%d7%a1%d7%9e-home-decor/"
"LYXqagvtjDz5ZCSoTBEy","","מגש הגשה מתכת בציפוי כסף עם שוליים זהב","211.2","כלי שולחן והגשה","paldinox","https://paldinox.co.il/product/%d7%9e%d7%92%d7%a9-%d7%9e%d7%aa%d7%9b%d7%aa-%d7%a6%d7%99%d7%a4%d7%95%d7%99-%d7%9b%d7%a1%d7%a3-%d7%a9%d7%95%d7%9c%d7%99%d7%99%d7%9d-%d7%96%d7%94%d7%91-36-23-5-%d7%92%d7%95%d7%91%d7%94-8-%d7%a1%d7%9e-2/"
"Lg7HqJX8Uj3S0D3VcbWs","","סט 4 עגלות הגשה עגולות 4 קומות","847.89","כלי שולחן והגשה","paldinox","https://paldinox.co.il/product/%d7%a1%d7%98-4-%d7%a2%d7%92%d7%9c%d7%94-%d7%a2%d7%92%d7%95%d7%9c%d7%94-4-%d7%a7%d7%95%d7%9e%d7%95%d7%aa/"
"LswtKdukgCRVG31uDX4X","","מעמד לעציץ עגול מתכת שחורה","128.27","עיצוב הבית","paldinox","https://paldinox.co.il/product/%d7%9e%d7%a2%d7%9e%d7%93-%d7%9c%d7%a2%d7%a6%d7%99%d7%a5-%d7%a2%d7%92%d7%95%d7%9c-%d7%9e%d7%aa%d7%9b%d7%aa-%d7%a9%d7%97%d7%95%d7%a8-%d7%92%d7%95%d7%91%d7%94-33-%d7%a1%d7%9e-%d7%a7%d7%95%d7%98%d7%a8-1/"
"Luq0SJvKwkooa2EGgdLi","","מעמד קומותיים מתכת בגימור זהב עם פעמון זכוכית","457.56","עיצוב הבית","paldinox","https://paldinox.co.il/product/%d7%9e%d7%a2%d7%9e%d7%93-%d7%a7%d7%95%d7%9e%d7%95%d7%aa%d7%99%d7%99%d7%9d-%d7%9e%d7%aa%d7%9b%d7%aa-%d7%96%d7%94%d7%91-%d7%a4%d7%a2%d7%9e%d7%95%d7%9f-%d7%96%d7%9b%d7%95%d7%9b%d7%99%d7%aa-%d7%a9%d7%a7/"
"MKDTixbBXIipOBfzvDeT","","סט 2 קערות Royal","650.05","כלי שולחן והגשה","paldinox","https://paldinox.co.il/product/royal-%d7%a1%d7%982-%d7%a7%d7%a2%d7%a8%d7%95%d7%aa-23%d7%a1%d7%9e6-2/"
"MKPz9qv55cSh91rqSTzp","","La Majorelle סט6 צלחת 26.5סמ ורוד","525.05","כלי שולחן והגשה","paldinox","https://paldinox.co.il/product/la-majorelle-%d7%a1%d7%986-%d7%a6%d7%9c%d7%97%d7%aa-26-5%d7%a1%d7%9e-%d7%95%d7%a8%d7%95%d7%93/"
"MPrd00s3xRPdNGDn40pj","","אגרטל מתכת שחור גבוה","1193.59","עיצוב הבית","paldinox","https://paldinox.co.il/product/%d7%90%d7%92%d7%a8%d7%98%d7%9c-%d7%9e%d7%aa%d7%9b%d7%aa-%d7%a9%d7%97%d7%95%d7%a8-41-5-41-5-%d7%92%d7%95%d7%91%d7%94-77-5-%d7%a1%d7%9e-2/"
"MaAThjdGl5TV7WZxY1sT","","מעמד הגשה שיש לבן עם 3 קעריות בטבעת זהב","476.13","כלי שולחן והגשה","paldinox","https://paldinox.co.il/product/%d7%9e%d7%a2%d7%9e%d7%93-%d7%94%d7%92%d7%a9%d7%94-%d7%96%d7%94%d7%91-3-%d7%a7%d7%a2%d7%a8%d7%99%d7%95%d7%aa-%d7%a9%d7%99%d7%a9-%d7%9c%d7%91%d7%9f-%d7%91%d7%98%d7%91%d7%a2%d7%aa-%d7%92%d7%95%d7%91/"
"MtPhb8PlwuBgOnGYpAQk","","סט תחתיות על מעמד ניקל","84.8","כלי שולחן והגשה","paldinox","https://paldinox.co.il/product/%d7%9e%d7%a1%d7%98-%d7%aa%d7%97%d7%aa%d7%99%d7%95%d7%aa-%d7%a2%d7%9c-%d7%9e%d7%a2%d7%9e%d7%93-%d7%a0%d7%99%d7%a7%d7%9c/"
"N4XqJdKJItLP1t2ifW3E","","Ella ivory סט 4 צלחות מלבני זכוכית 24/17 ס”מ","163.06","כלי שולחן והגשה","paldinox","https://paldinox.co.il/product/ella-ivory-%d7%a1%d7%98-4-%d7%a6%d7%9c%d7%97%d7%95%d7%aa-%d7%9e%d7%9c%d7%91%d7%a0%d7%99-%d7%96%d7%9b%d7%95%d7%9b%d7%99%d7%aa-24-17-%d7%a1%d7%9e/"
"NCDYigRcAN2BJGpVe2d0","X5116A","כוס קידוש וקעורית קריסטל בציפוי כסף","128.27","כלי שולחן והגשה","paldinox","https://paldinox.co.il/product/%d7%9b%d7%95%d7%a1-%d7%a7%d7%99%d7%93%d7%95%d7%a9-%d7%95%d7%aa%d7%97%d7%aa%d7%99%d7%aa-%d7%a7%d7%a8%d7%99%d7%a1%d7%98%d7%9c-%d7%a6%d7%99%d7%a4%d7%95%d7%99-%d7%9b%d7%a1%d7%a3-%d7%92%d7%95%d7%91%d7%94-3/"
"NPsVSayuu4JjQyO7BUWS","","סט 3 צנצנות זכוכית אפורה עם מכסה נירוסטה – 1.5 ליטר","215.21","עיצוב הבית","paldinox","https://paldinox.co.il/product/h20-%d7%a1%d7%98-3-%d7%a6%d7%a0%d7%a6%d7%a0%d7%95%d7%aa-%d7%9e%d7%a8%d7%95%d7%91%d7%a2%d7%95%d7%aa-%d7%96%d7%9b%d7%95%d7%9b%d7%99%d7%aa-%d7%90%d7%a4%d7%95%d7%a8%d7%94-%d7%9e%d7%9b%d7%a1%d7%94-%d7%a0-2/"
"NUGjh8YYA2cDRymcmVXp","","תיק עיצוב בגוון תכלת Royal","52.15","כלי שולחן והגשה","paldinox","https://paldinox.co.il/product/royal-%d7%aa%d7%99%d7%a7-%d7%aa%d7%9b%d7%9c%d7%aa-%d7%9e%d7%a2%d7%95%d7%a6%d7%91-3844-5/"
"NYfgzsy6kRhMynIKddTf","","סט קריסטל לכלה – פמוטים, כוס קידוש ומגש בעיצוב ענבר","410.91","כלי שולחן והגשה","paldinox","https://paldinox.co.il/product/%d7%a1%d7%98-%d7%a7%d7%a8%d7%99%d7%a1%d7%98%d7%9c-%d7%9c%d7%9b%d7%9c%d7%94-%d7%96%d7%95%d7%92-%d7%a4%d7%9e%d7%95%d7%98%d7%99%d7%9d-%d7%9b%d7%95%d7%a1-%d7%a7%d7%99%d7%93%d7%95%d7%a9-%d7%9e%d7%92%d7a--2/"
"NcEgbrrt8iYYnnfO224O","","מעמד לסכו”ם מתכת/ זהב פרח בסיס עץ","65.23","עיצוב הבית","paldinox","https://paldinox.co.il/product/%d7%9e%d7%a2%d7%9e%d7%93-%d7%9c%d7%a1%d7%9b%d7%95%d7%9d-%d7%9e%d7%aa%d7%9b%d7%aa-%d7%96%d7%94%d7%91-%d7%a4%d7%a8%d7%97-%d7%91%d7%a1%d7%99%d7%a1-%d7%a2%d7%a5/"
"Nf9icwYA6lRO06jGl0eX","","סט 2 סלסלות אלומיניום מלבניות בצבע זהב עם ידיות","173.92","כלי שולחן והגשה","paldinox","https://paldinox.co.il/product/%d7%a1%d7%98-2-%d7%a1%d7%9c%d7%a1%d7%9c%d7%95%d7%aa-%d7%90%d7%9c%d7%95%d7%9e%d7%99%d7%a0%d7%99%d7%95%d7%9d-%d7%9e%d7%9c%d7%91%d7%a0%d7%99%d7%95%d7%aa-%d7%96%d7%94%d7%91-%d7%a2%d7%9d-%d7%99%d7%93%d7%99/"
"NnnC5NluouklSbdwOj4h","","סט 3 צנצנות זכוכית ופורצלן עם מכסים ועיטורים זהב","497.89","כלי שולחן והגשה","paldinox","https://paldinox.co.il/product/%d7%a1%d7%98-3-%d7%a6%d7%a0%d7%a6%d7%a0%d7%95%d7%aa-%d7%a4%d7%95%d7%a8%d7%a6%d7%9c%d7%9f-%d7%95%d7%96%d7%9b%d7%95%d7%9b%d7%99%d7%aa-%d7%a2%d7%9c-%d7%9e%d7%92%d7%a9-%d7%90%d7%9c%d7%95-%d7%9e%d7%9b/"
"NzuqnJqjPwLBAzUf8UqK","","אגרטל זכוכית שקופה עם פס זהב","84.8","עיצוב הבית","paldinox","https://paldinox.co.il/product/%d7%90%d7%92%d7%a8%d7%98%d7%9c-%d7%96%d7%9b%d7%95%d7%9b%d7%99%d7%aa-%d7%a9%d7%a7%d7%95%d7%a4%d7%94-%d7%a4%d7%a1-%d7%96%d7%94%d7%91-%d7%92%d7%95%d7%91%d7%94-23-%d7%a7%d7%95%d7%98%d7%a8-12-5-%d7%a1/"
"OaMwJLJIKnUaEVXCgZXp","","שעון קיר לבן וזהב דיזיין מודרני – קוטר 50 ס""מ","389.15","עיצוב הבית","paldinox","https://paldinox.co.il/product/%d7%a9%d7%a2%d7%95%d7%9f-%d7%a7%d7%99%d7%a8-%d7%9c%d7%91%d7%9f-%d7%96%d7%94%d7%91-%d7%a7%d7%95%d7%98%d7%a8-50-%d7%a1%d7%9e-%d7%9e%d7%a1%d7%92%d7%a8%d7%aa-%d7%90%d7%9c%d7%95%d7%9e%d7%99%d7%a0%d7%99/"
"OcUPMcyiYoMgGnz9yJYa","","קערה מרובעת על רגליים ציפוי כסף 11/11 ס”מ גובה 4.5 ס”מ","50.01","כלי שולחן והגשה","paldinox","https://paldinox.co.il/product/%d7%a7%d7%a2%d7%a8%d7%94-%d7%9e%d7%a8%d7%95%d7%91%d7%a2%d7%aa-%d7%a2%d7%9c-%d7%a8%d7%92%d7%9c%d7%99%d7%99%d7%9d-%d7%a6%d7%99%d7%a4%d7%95%d7%99-%d7%9b%d7%a1%d7%a3-11-11-%d7%a1%d7%9e-%d7%92%d7%95/"
"P2a97c5h3r1JR3gzBgxh","X3446D","מלחיה קריסטל שקופה עם מכסה","43.49","יודאיקה","paldinox","https://paldinox.co.il/product/%d7%9e%d7%9c%d7%97%d7%99%d7%94-%d7%a7%d7%a8%d7%99%d7%a1%d7%98%d7%9c-%d7%95%d7%9e%d7%9b%d7%a1%d7%94-%d7%a2%d7%9c-%d7%91%d7%a1%d7%99%d7%a1-%d7%a7%d7%95%d7%98%d7%a8-5-%d7%a1%d7%9e-%d7%a9%d7%a7%d7%95/"
"P2afvruUfqCZuJ9MN5q3","","אגרטל פראג מקריסטל","497.89","עיצוב הבית","paldinox","https://paldinox.co.il/product/57300-%d7%a4%d7%a8%d7%90%d7%92-%d7%90%d7%92%d7%a8%d7%98%d7%9c-300/"
"PUeB8LWaQbFB8FWIqzey","","מגש עגול עם רגל אלומיניום זהב – עיצוב ערבסק","291.88","כלי שולחן והגשה","paldinox","https://paldinox.co.il/product/%d7%9e%d7%92%d7%a9-%d7%a2%d7%92%d7%95%d7%9c-%d7%a2%d7%a8%d7%91%d7%a1%d7%a7-%d7%a2%d7%9c-%d7%a8%d7%92%d7%9c-%d7%90%d7%9c%d7%95%d7%9e%d7%99%d7%a0%d7%99%d7%95%d7%9d-%d7%96%d7%94%d7%91-%d7%92%d7%95%d7%91/"
"Pqsf1WQoTkMiQq9AgAQz","","בונבונירת קריסטל עם מכסה Origami","358.74","כלי שולחן והגשה","paldinox","https://paldinox.co.il/product/22-518-%d7%91%d7%95%d7%a0%d7%91%d7%95%d7%a0%d7%99%d7%a8%d7%94-%d7%a7%d7%a8%d7%99%d7%a1%d7%98%d7%9c-%d7%95%d7%9e%d7%9b%d7%a1%d7%94-origami/"
"QK5Xhb0cNLcZY173OXAW","","אגרטל מתכת בגוון ירוק לעיצוב הבית","432.64","עיצוב הבית","paldinox","https://paldinox.co.il/product/%d7%90%d7%92%d7%a8%d7%98%d7%9c-%d7%9e%d7%aa%d7%9b%d7%aa-home-deco-%d7%99%d7%a8%d7%95%d7%a7-h32d18/"
"QPymuiPYfHiOehzDKPTG","","זוג נרות ונילה בזכוכית זהב בצורת פירמידה","130.45","עיצוב הבית","paldinox","https://paldinox.co.il/product/h11-%d7%96%d7%95%d7%92-%d7%a0%d7%a8%d7%95%d7%aa-%d7%95%d7%a0%d7%99%d7%9c%d7%94-9-5-%d7%a1%d7%9e-%d7%96%d7%9b%d7%95%d7%9b%d7%99%d7%aa-%d7%a4%d7%a8%d7%9e%d7%99%d7%93%d7%94-%d7%96%d7%94%d7%91/"
"QcvP3gDDMdz8ZNA0QyYr","","סט 3 מעמדי נרות קרמיקה שחורה עם אריה זהב","236.99","עיצוב הבית","paldinox","https://paldinox.co.il/product/%d7%a1%d7%98-3-%d7%9e%d7%a2%d7%9e%d7%93%d7%99%d7%9d-%d7%9c%d7%a0%d7%a8-%d7%a7%d7%a8%d7%9e%d7%99%d7%a7%d7%94-%d7%a9%d7%97%d7%95%d7%a8%d7%94-%d7%90%d7%a8%d7%99%d7%94-%d7%96%d7%94%d7%91-h16-12-11/"
"QfbFn9cntjjkEtIeu9FT","","גלובוס ברונזה לעיצוב הבית","367.42","עיצוב הבית","paldinox","https://paldinox.co.il/product/h22-%d7%92%d7%9c%d7%95%d7%91%d7%95%d7%a1-%d7%91%d7%a8%d7%95%d7%a0%d7%96%d7%94-2/"
"Qhe7DP7ebZgXPwaasBSe","","סט 4 עגלות הגשה בעיצוב זהב – 3 קומות","930.53","כלי שולחן והגשה","paldinox","https://paldinox.co.il/product/%d7%a1%d7%98-4-%d7%a2%d7%92%d7%9c%d7%94-%d7%9c%d7%99%d7%a8%d7%a7%d7%95%d7%aa-3-%d7%a7%d7%95%d7%9e%d7%95%d7%aa-%d7%96%d7%94%d7%91/"
"QklghBT92WB5ZT6vH7E5","","שישיית נרות על בסיס זהב מזכוכית יוקרתית","542.58","עיצוב הבית","paldinox","https://paldinox.co.il/product/h45d35-5-%d7%a9%d7%99%d7%a9%d7%99%d7%99%d7%aa-%d7%a2%d7%a9%d7%a9%d7%99%d7%95%d7%aa-%d7%a2%d7%9c-%d7%91%d7%a1%d7%99%d7%a1-%d7%96%d7%94%d7%91-%d7%9e%d7%a2%d7%9e%d7%93-%d7%96%d7%9b%d7%95%d7%9b%d7%99/"
"Qo5bAA7RF4SaBYl6kKud","","אגרטל טרוורטין עגול – 20 ס""מ","106.54","עיצוב הבית","paldinox","https://paldinox.co.il/product/%d7%90%d7%92%d7%a8%d7%98%d7%9c-%d7%98%d7%a8%d7%95%d7%95%d7%a8%d7%98%d7%99%d7%9f-%d7%a2%d7%92%d7%95%d7%9c-%d7%a7%d7%95%d7%98%d7%a8-10-%d7%92%d7%95%d7%91%d7%94-20-%d7%a1%d7%9e/"
"QskXTwP2272G3bAlO2Qf","","מנורת רצפה שחורה בעיצוב נוצות","1500.12","עיצוב הבית","paldinox","https://paldinox.co.il/product/h158d85-%d7%9e%d7%a0%d7%95%d7%a8%d7%aa-%d7%a8%d7%a6%d7%a4%d7%94-%d7%a2%d7%99%d7%98%d7%95%d7%a8-%d7%a0%d7%95%d7%a6%d7%95%d7%aa-%d7%a9%d7%97%d7%95%d7%a8%d7%95%d7%aa/"
"R8NEp2s4JwanhYdA9p6s","X5295B","נטלה אקרילית שקופה בגוון סגול","128.34","יודאיקה","paldinox","https://paldinox.co.il/product/%d7%a0%d7%98%d7%9c%d7%94-%d7%90%d7%a7%d7%a8%d7%99%d7%9c%d7%99%d7%aa-%d7%a9%d7%a7%d7%95%d7%a4%d7%94-%d7%aa%d7%97%d7%aa%d7%99%d7%aa-%d7%95%d7%99%d7%93%d7%99%d7%95%d7%aa-%d7%a1%d7%92%d7%95%d7%9c-2/"
"R8c4fdFrOI67i9vU7dGk","","אגרטל מתכת עגול ורוד","423.97","עיצוב הבית","paldinox","https://paldinox.co.il/product/home-decor-%d7%90%d7%92%d7%a8%d7%98%d7%9c-%d7%9e%d7%aa%d7%9b%d7%aa-%d7%a2%d7%92%d7%95%d7%9c-%d7%92%d7%95%d7%91%d7%94-40-%d7%a7%d7%95%d7%98%d7%a8-24-%d7%a1%d7%9e-%d7%95%d7%a8%d7%95%d7%93-2/"
"R8g6LSID5ZSo4z6nOwzK","","עששית אמייל ורוד","376.66","כלי שולחן והגשה","paldinox","https://paldinox.co.il/product/%d7%a2%d7%a9%d7%a9%d7%99%d7%aa-%d7%90%d7%9e%d7%99%d7%99%d7%9c-home-decor-%d7%95%d7%a8%d7%95%d7%93-h22d10-5-2/"
"RF4IzoKNM78sLE4e5iVN","","סט 6 קעריות Heritage בגוון ורוד","317.32","כלי שולחן והגשה","paldinox","https://paldinox.co.il/product/heritage-%d7%a1%d7%98-6-%d7%a7%d7%a2%d7%a8%d7%99%d7%95%d7%aa-%d7%a7%d7%95%d7%98%d7%a8-12-%d7%a1%d7%9e-%d7%95%d7%a8%d7%95%d7%93/"
"RnTwFheX7doXxDnz8ceI","X3044","זוג פמוטים כסף בארוק מהודר","193.5","עיצוב הבית","paldinox","https://paldinox.co.il/product/h15-%d7%96%d7%95%d7%92-%d7%a4%d7%9e%d7%95%d7%98%d7%99%d7%9d-%d7%a6%d7%99%d7%a4%d7%95%d7%99-%d7%9b%d7%a1%d7%a3-%d7%9c%d7%a7%d7%94-%d7%91%d7%90%d7%a8%d7%95%d7%a7/"
"RrWpg6bbGHVQTS7a3Fnj","","אגרטל זכוכית 1400 מ”ל גובה 27.5 ס”מ","108.72","עיצוב הבית","paldinox","https://paldinox.co.il/product/%d7%90%d7%92%d7%a8%d7%98%d7%9c-%d7%96%d7%9b%d7%95%d7%9b%d7%99%d7%aa-1400-%d7%9e%d7%9c-%d7%92%d7%95%d7%91%d7%94-27-5-%d7%a1%d7%9e/"
"RrlDAh78lTV0UNaZIQoo","","12 יחי שרך לתליה ירוק h80","432.64","עיצוב הבית","paldinox","https://paldinox.co.il/product/12-%d7%99%d7%97%d7%99-%d7%a9%d7%a8%d7%9a-%d7%9c%d7%aa%d7%9c%d7%99%d7%94-%d7%99%d7%a8%d7%95%d7%a7-h80/"
"RymKcoZabxKYd8hsiDVV","","סט 6 כוסות ויסקי קריסטל LENAS","293.49","כלי שולחן והגשה","paldinox","https://paldinox.co.il/product/lenas-%d7%a1%d7%98-6-%d7%9b%d7%95%d7%a1%d7%95%d7%aa-%d7%95%d7%99%d7%a1%d7%a7%d7%99-%d7%a7%d7%a8%d7%99%d7%a1%d7%98%d7%9c-300-%d7%9e%d7%9c/"
"S5y2F09b0ya4ZQ5QSq97","X1039C","מילחיות פתוחות קריסטל ענבר/ כסוף גובה 8 ס”מ","115.23","יודאיקה","paldinox","https://paldinox.co.il/product/%d7%9e%d7%99%d7%9c%d7%97%d7%99%d7%95%d7%aa-%d7%a4%d7%aa%d7%95%d7%97%d7%95%d7%aa-%d7%a7%d7%a8%d7%99%d7%a1%d7%98%d7%9c-%d7%a2%d7%a0%d7%91%d7%a8-%d7%9b%d7%a1%d7%95%d7%a3-%d7%92%d7%95%d7%91%d7%94-8/"
"SC65rOpsIMkZDQixks7U","","סט 6 גביעי יין זכוכית עם פסים זהב","193.5","כלי שולחן והגשה","paldinox","https://paldinox.co.il/product/%d7%a1%d7%98-6-%d7%92%d7%91%d7%99%d7%a2%d7%99-%d7%99%d7%99%d7%9f-%d7%96%d7%9b%d7%95%d7%9b%d7%99%d7%aa-%d7%a4%d7%a1%d7%99%d7%9d-300-%d7%9e%d7%9c-%d7%a4%d7%a1-%d7%96%d7%94%d7%91/"
"SNaMRYENQ2e84Dn1nB4Q","","קערה מתכת ניקל שחור/ שוליים זהב 24/24 גובה 10.5 ס”מ","158.88","כלי שולחן והגשה","paldinox","https://paldinox.co.il/product/%d7%a7%d7%a2%d7%a8%d7%94-%d7%9e%d7%aa%d7%9b%d7%aa-%d7%a0%d7%99%d7%a7%d7%9c-%d7%a9%d7%97%d7%95%d7%a8-%d7%a9%d7%95%d7%9c%d7%99%d7%99%d7%9d-%d7%96%d7%94%d7%91-24-24-%d7%92%d7%95%d7%91%d7%94-10-5-%d7%a1-2/"
"SQ9KTjHBOG8mebWQnV55","","מלקחיים להגשת עוגה בגוון זהב","50.01","כלי שולחן והגשה","paldinox","https://paldinox.co.il/product/%d7%9e%d7%99%d7%9c%d7%a7%d7%97%d7%99%d7%99%d7%9d-%d7%9c%d7%a2%d7%95%d7%92%d7%94-%d7%96%d7%94%d7%91/"
"STZclx7jCCAlJh2k1ew2","","קראק מאפרה 152","165.03","כלי שולחן והגשה","paldinox","https://paldinox.co.il/product/%d7%a7%d7%a8%d7%90%d7%a7-%d7%9e%d7%90%d7%a4%d7%a8%d7%94-152/"
"SXb39kXbu7ViATyneyhh","","נר ריחני נרולי ויסמין כהה בכלי עץ","367.42","עיצוב הבית","paldinox","https://paldinox.co.il/product/%d7%a0%d7%a8-%d7%a8%d7%99%d7%97%d7%a0%d7%99-neroli-jasmine-%d7%9b%d7%94%d7%94-%d7%9e%d7%9b%d7%a1%d7%94-%d7%a7%d7%95%d7%98%d7%a8-20-%d7%92%d7%95%d7%91%d7%94-19-%d7%a1%d7%9e-%d7%a2%d7%a5/"
"SadFcldhF6CGNqd0cFLu","","סט 6 חבקי מפיות כסף עם עיטור יהלומים","108.72","כלי שולחן והגשה","paldinox","https://paldinox.co.il/product/%d7%a1%d7%98-6-%d7%97%d7%91%d7%a7%d7%99%d7%9d-%d7%9c%d7%9e%d7%a4%d7%99%d7%95%d7%aa-%d7%96%d7%94%d7%91-%d7%a2%d7%99%d7%98%d7%95%d7%a8-%d7%99%d7%94%d7%9c%d7%95%d7%9e%d7%99%d7%9d-4-3-%d7%a1%d7%9e/"
"Sg8p7dPHESai23ayDGoA","","h26/24 פסלון של עץ על בסיס שחור","336.98","עיצוב הבית","paldinox","https://paldinox.co.il/product/h26-24-%d7%a4%d7%a1%d7%9c%d7%95%d7%9f-%d7%a9%d7%9c-%d7%a2%d7%a5-%d7%a2%d7%9c-%d7%91%d7%a1%d7%99%d7%a1-%d7%a9%d7%97%d7%95%d7%a8-2/"
"SpfVahBCh4X7zp8l1mJt","","סט מזון לחיצת ואקום 3 צנצנות זכוכית לבן /זהב 625 מ”ל תה קפה סוכר","171.76","כלי שולחן והגשה","paldinox","https://paldinox.co.il/product/%d7%a1%d7%98-%d7%9e%d7%96%d7%95%d7%9f-%d7%9c%d7%97%d7%99%d7%a6%d7%aa-%d7%95%d7%90%d7%a7%d7%95%d7%9d-3-%d7%a6%d7%a0%d7%a6%d7%a0%d7%95%d7%aa-%d7%96%d7%9b%d7%95%d7%9b%d7%99%d7%aa-%d7%9c%d7%91%d7%9f-3/"
"Sq5510OhLN4DltRybcVa","","סט 6 מזלגיות בארוק זהב","80.42","כלי שולחן והגשה","paldinox","https://paldinox.co.il/product/%d7%a1%d7%98-6-%d7%9e%d7%96%d7%9c%d7%92%d7%99%d7%95%d7%aa-%d7%91%d7%90%d7%a8%d7%95%d7%a7-%d7%96%d7%94%d7%91-2/"
"SsOUnFa7ZX07veApG3RC","","סט 6 מאגים Fortune ירוק ולבן זהב – New Bone China","392.16","כלי שולחן והגשה","paldinox","https://paldinox.co.il/product/%d7%a1%d7%98-6-%d7%9e%d7%90%d7%92-fortune-%d7%99%d7%a8%d7%95%d7%a7-%d7%9c%d7%91%d7%9f-%d7%96%d7%94%d7%91-355-%d7%9e%d7%9c-new-bone-china-2/"
"T0v3nRsuC20rqltiSLFA","X4976W","מזוזה אמייל לבן עם כיתוב זהב – 15 ס""מ","71.74","בתי מזוזה","paldinox","https://paldinox.co.il/product/%d7%9e%d7%96%d7%95%d7%96%d7%94-%d7%90%d7%9e%d7%99%d7%99%d7%9c-%d7%9c%d7%91%d7%9f-%d7%9b%d7%99%d7%aa%d7%95%d7%91-%d7%96%d7%94%d7%91-15%d7%a1%d7%9e/"
"T3sHojaNLQ4XWYMEbdWP","","מגש עגול על רגל בזהב וכסף","236.99","כלי שולחן והגשה","paldinox","https://paldinox.co.il/product/%d7%9e%d7%92%d7%a9-%d7%a2%d7%92%d7%95%d7%9c-%d7%a2%d7%9c-%d7%a8%d7%92%d7%9c-%d7%96%d7%94%d7%91-%d7%95%d7%9b%d7%a1%d7%a3-%d7%9b%d7%93%d7%95%d7%a8%d7%99%d7%9d-%d7%9e%d7%aa%d7%9b%d7%aa-%d7%a7%d7%95-2/"
"TB1tv246R7tbefqOUsEw","","24 גבעולי דלילות לבן לעיצוב – 58 ס""מ","628.32","עיצוב הבית","paldinox","https://paldinox.co.il/product/24-%d7%92%d7%91%d7%a2%d7%95%d7%9c%d7%99-%d7%93%d7%9c%d7%99%d7%95%d7%aa-%d7%9c%d7%91%d7%9f-58%d7%a1%d7%9e/"
"THhqwVYdw6wizwEfGGPQ","","סט 6 כוסות שתיה קרה זכוכית פסים שקופה 230 מ”ל פס זהב","128.27","כלי שולחן והגשה","paldinox","https://paldinox.co.il/product/%d7%a1%d7%98-6-%d7%9b%d7%95%d7%a1%d7%95%d7%aa-%d7%a9%d7%aa%d7%99%d7%94-%d7%a7%d7%a8%d7%94-%d7%96%d7%9b%d7%95%d7%9b%d7%99%d7%aa-%d7%a4%d7%a1%d7%99%d7%9d-%d7%a9%d7%a7%d7%95%d7%a4%d7%94-230-%d7%9e/"
"TLKWzQBctrDD0LiPIbHf","","סט 6 גביעי זכוכית שקופה עם פסים","271.76","כלי שולחן והגשה","paldinox","https://paldinox.co.il/product/%d7%a1%d7%98-6-%d7%92%d7%91%d7%99%d7%a2%d7%99-%d7%96%d7%9b%d7%95%d7%9b%d7%99%d7%aa-%d7%a9%d7%a7%d7%95%d7%a4%d7%94-%d7%a4%d7%a1%d7%99%d7%9d-360-%d7%9e%d7%9c/"
"TTZ49hLCSBbZGKDnpUYT","","עששית מתכת עגולה שחור","43.49","עיצוב הבית","paldinox","https://paldinox.co.il/product/h9-5d8-5-%d7%a2%d7%a9%d7%a9%d7%99%d7%aa-%d7%a2%d7%92%d7%95%d7%9c%d7%94-%d7%9e%d7%aa%d7%9b%d7%aa-%d7%a9%d7%97%d7%95%d7%a8/"
"TXCoXbpUpEQ204epkdCg","X3956Z","נטלה אלומיניום מוזהבת בקישוט אבן ירושלמית","115.3","עיצוב הבית","paldinox","https://paldinox.co.il/product/%d7%a0%d7%98%d7%9c%d7%94-%d7%90%d7%9c%d7%95%d7%9e%d7%99%d7%a0%d7%99%d7%95%d7%9d-%d7%a7%d7%99%d7%a9%d7%95%d7%98-%d7%90%d7%91%d7%9f-%d7%99%d7%a8%d7%95%d7%a9%d7%9c%d7%9e%d7%99%d7%aa-%d7%9e%d7%95%d7%96-2/"
"TfslgYnq0ESiJv4t0wLc","","h14 פמוט מתכת אדום Home Decor","171.22","עיצוב הבית","paldinox","https://paldinox.co.il/product/h14-%d7%a4%d7%9e%d7%95%d7%98-%d7%9e%d7%aa%d7%9b%d7%aa-%d7%90%d7%93%d7%95%d7%9d-home-decor/"
"TgS6yabgRVp8o7NBcqCg","","אגרטל זכוכית 1400 מ”ל גובה 27.5 ס”מ","108.72","עיצוב הבית","paldinox","https://paldinox.co.il/product/%d7%90%d7%92%d7%a8%d7%98%d7%9c-%d7%96%d7%9b%d7%95%d7%9b%d7%99%d7%aa-1400-%d7%9e%d7%9c-%d7%92%d7%95%d7%91%d7%94-27-5-%d7%a1%d7%9e-2/"
"TtnRG0pvCR8jSuApXNkv","","קערת קריסטל ORIGAMI – סדרה מודרנית","358.74","כלי שולחן והגשה","paldinox","https://paldinox.co.il/product/3326-%d7%a7%d7%a2%d7%a8%d7%94-%d7%a7%d7%a8%d7%99%d7%a1%d7%98%d7%9c-origami/"
"TvfRZMLZHQgNOosRVTAZ","","קרש חיתוך עץ טבעי","215.25","כלי שולחן והגשה","paldinox","https://paldinox.co.il/product/%d7%a7%d7%a8%d7%a9-%d7%97%d7%99%d7%aa%d7%95%d7%9a-%d7%a2%d7%a5-%d7%98%d7%91%d7%a2%d7%99-56-38-%d7%a1%d7%9e/"
"TwIgLVi6MCwUVDdCXhsH","","נר ריחני Sandalwood Patchouli בזכוכית שחור","432.64","עיצוב הבית","paldinox","https://paldinox.co.il/product/%d7%a0%d7%a8-%d7%a8%d7%99%d7%97%d7%a0%d7%99-sandalwood-patchouli-%d7%a2%d7%a5-%d7%9e%d7%a9%d7%99%d7%a9-%d7%9e%d7%9b%d7%a1%d7%94-%d7%a7%d7%95%d7%98%d7%a8-16-5-%d7%92%d7%95%d7%91%d7%94-38-%d7%a1/"
"U7yAOF8NEFSOlcQJCTNo","","עששית זכוכית שקופה בעיצוב כדורים","41.31","כלי שולחן והגשה","paldinox","https://paldinox.co.il/product/%d7%90%d7%92%d7%a8%d7%98%d7%9c-%d7%9b%d7%93%d7%95%d7%a8%d7%99-%d7%96%d7%9b%d7%95%d7%9b%d7%99%d7%aa-%d7%a9%d7%a7%d7%95%d7%a4%d7%94-%d7%90%d7%91%d7%a0%d7%99%d7%9d-%d7%92%d7%95%d7%91%d7%94-9-%d7%a7/"
"UDKEMm1bXGLwrFJHan4w","","קערת הגשה פראג","432.64","כלי שולחן והגשה","paldinox","https://paldinox.co.il/product/%d7%a4%d7%a8%d7%90%d7%92-%d7%a7%d7%a2%d7%a8%d7%94-280/"
"UNVdEEWXICFpyQ2Pg9sp","","אגרטל מתכת בגימור זהב בוהק – 80 ס״מ","1193.59","עיצוב הבית","paldinox","https://paldinox.co.il/product/%d7%90%d7%92%d7%a8%d7%98%d7%9c-%d7%9e%d7%aa%d7%9b%d7%aa-%d7%96%d7%94%d7%91-41-5-41-5-%d7%92%d7%95%d7%91%d7%94-80-%d7%a1%d7%9e/"
"UWQzBbD8BV9rZOjxC5tj","X5384Z","זוג פמוטי אלומיניום זהב רקוע","163.06","עיצוב הבית","paldinox","https://paldinox.co.il/product/%d7%96%d7%95%d7%92-%d7%a4%d7%9e%d7%95%d7%98%d7%99-%d7%90%d7%9c%d7%95%d7%9e%d7%99%d7%a0%d7%99%d7%95%d7%9d-%d7%96%d7%94%d7%91-%d7%a8%d7%a7%d7%95%d7%a2/"
"Uii0fcRHcATdB6j0L749","","סט 6 קעריות מרק Heritage לבן – קוטר 15 ס״מ","614.08","כלי שולחן והגשה","paldinox","https://paldinox.co.il/product/heritage-%d7%a1%d7%98-6-%d7%a7%d7%a2%d7%a8%d7%99%d7%95%d7%aa-%d7%a7%d7%95%d7%98%d7%a8-15-%d7%a1%d7%9e-%d7%9c%d7%91%d7%9f/"
"UkpBWjDY5hElZCu87r6Z","","קערת הגשה Prague – סדרת פראג","432.64","כלי שולחן והגשה","paldinox","https://paldinox.co.il/product/%d7%a4%d7%a8%d7%90%d7%92-%d7%a7%d7%a2%d7%a8%d7%94-280-2/"
"VFwuwJ4JIZ1Kwq70XBne","","סט 3 מעמדי נרות קרמיקה בעיצוב אריה זהב","236.99","עיצוב הבית","paldinox","https://paldinox.co.il/product/%d7%a1%d7%98-3-%d7%9e%d7%a2%d7%9e%d7%93%d7%99%d7%9d-%d7%9c%d7%a0%d7%a8-%d7%a7%d7%a8%d7%9e%d7%99%d7%a7%d7%94-%d7%96%d7%94%d7%91-%d7%90%d7%a8%d7%99%d7%94-%d7%96%d7%94%d7%91-h16-12-11/"
"VRxIWP4RG6HrZMykGAUH","","מעמד קומותיים עגול בצבע זהב","195.96","עיצוב הבית","paldinox","https://paldinox.co.il/product/h34d20-%d7%9e%d7%a2%d7%9e%d7%93-%d7%a7%d7%95%d7%9e%d7%95%d7%aa%d7%99%d7%99%d7%9d-%d7%a2%d7%92%d7%95%d7%9c-%d7%96%d7%94%d7%91/"
"VXMuEAHjRmHCEFTNqZ0C","","קערת הגשה מתכת שחורה עם שוליים זהב","215.58","כלי שולחן והגשה","paldinox","https://paldinox.co.il/product/%d7%a7%d7%a2%d7%a8%d7%94-%d7%9e%d7%aa%d7%9b%d7%aa-%d7%a0%d7%99%d7%a7%d7%9c-%d7%a9%d7%97%d7%95%d7%a8-%d7%a9%d7%95%d7%9c%d7%99%d7%99%d7%9d-%d7%96%d7%94%d7%91-31-31-%d7%92%d7%95%d7%91%d7%94-13-%d7%a1-2/"
"VjqMQMfHPVkMmVav6zNZ","","סט 6 צלחות La Majorelle ורוד","525.05","כלי שולחן והגשה","paldinox","https://paldinox.co.il/product/la-majorelle-%d7%a1%d7%986-%d7%a6%d7%9c%d7%97%d7%aa-26-5%d7%a1%d7%9e-%d7%95%d7%a8%d7%95%d7%93-2/"
"Vr4lAA5rIUfZzm5CvHNq","","מגש מלבני מתכת בגימור זהב","185.04","כלי שולחן והגשה","paldinox","https://paldinox.co.il/product/%d7%9e%d7%92%d7%a9-%d7%9e%d7%9c%d7%91%d7%a0%d7%99-%d7%9e%d7%aa%d7%9b%d7%aa-%d7%96%d7%94%d7%91-%d7%99%d7%93%d7%99%d7%95%d7%aa-47-21/"
"VxbLXGjG4vFdi8av4StL","","מפיון קריסטל זהב עם ידית נשיאה","173.94","עיצוב הבית","paldinox","https://paldinox.co.il/product/%d7%9e%d7%a4%d7%99%d7%95%d7%9f-%d7%a9%d7%a7%d7%95%d7%a3-%d7%96%d7%94%d7%91-%d7%99%d7%93%d7%99%d7%aa-%d7%a0%d7%a9%d7%99%d7%90%d7%94-%d7%9b%d7%93%d7%95%d7%a8%d7%99-%d7%a7%d7%a8%d7%99%d7%a1%d7%98%d7%9c-1/"
"WJuOt29MNJ4LHSiUNa40","X4878ZA","פמוט 5 קנים קריסטל ענבר ואפור","280.48","עיצוב הבית","paldinox","https://paldinox.co.il/product/%d7%a4%d7%9e%d7%95%d7%98-5-%d7%a7%d7%a0%d7%99%d7%9d-%d7%a7%d7%a8%d7%99%d7%a1%d7%98%d7%9c-%d7%a2%d7%a0%d7%91%d7%a8-%d7%95%d7%90%d7%a4%d7%95%d7%a8-%d7%92%d7%95%d7%91%d7%94-27-%d7%a1%d7%9e/"
"WMhhxT8Eqn0JtqpatDNA","X3009","מגש מראה עם עיטור יהלומים וכיתוב לשבת30/43סמ","184.8","עיצוב הבית","paldinox","https://paldinox.co.il/product/3043%d7%a1%d7%9e-%d7%9e%d7%92%d7%a9-%d7%9e%d7%a8%d7%90%d7%94-%d7%a2%d7%9d-%d7%a2%d7%99%d7%98%d7%95%d7%a8-%d7%99%d7%94%d7%9c%d7%95%d7%9e%d7%99%d7%9d-%d7%95%d7%9b%d7%99%d7%aa%d7%95%d7%91-%d7%9c%d7%a9/"
"WQp8WQ7lVGbWt1c1RGXD","","סט 3 נרות ריחניים שחור – טל בגן","141.33","עיצוב הבית","paldinox","https://paldinox.co.il/product/910-%d7%a1%d7%983-%d7%a0%d7%a8-%d7%a8%d7%99%d7%97%d7%a0%d7%99-%d7%a9%d7%97%d7%95%d7%a8-%d7%98%d7%9c-%d7%91%d7%92%d7%9f-2/"
"WQy6gE9bcdGRaG2Xyh3z","","מגש מתכת מלבני זהב עם ידיות","228.66","כלי שולחן והגשה","paldinox","https://paldinox.co.il/product/%d7%9e%d7%92%d7%a9-%d7%9e%d7%aa%d7%9b%d7%aa-%d7%9e%d7%9c%d7%91%d7%a0%d7%99-%d7%96%d7%94%d7%91-%d7%99%d7%93%d7%99%d7%95%d7%aa-48-27-%d7%a1%d7%9e-%d7%a4%d7%99%d7%a0%d7%95%d7%aa-%d7%9e%d7%a2%d7%95/"
"WfXssAqQEs7mID2ixNG2","X4667Z","פמוט 5 קנים קריסטל ענבר וזהב","280.48","עיצוב הבית","paldinox","https://paldinox.co.il/product/%d7%a4%d7%9e%d7%95%d7%98-5-%d7%a7%d7%a0%d7%99%d7%9d-%d7%a7%d7%a8%d7%99%d7%a1%d7%98%d7%9c-%d7%a2%d7%a0%d7%91%d7%a8-%d7%95%d7%96%d7%94%d7%91-%d7%92%d7%95%d7%91%d7%94-27-%d7%a1%d7%9e-%d7%a7%d7%95%d7%98/"
"WoAR2GDItwMQ0S0WFrPz","","מעמד 3 קומות עגול בצבע ניקל","457.56","עיצוב הבית","paldinox","https://paldinox.co.il/product/h50d30-%d7%9e%d7%a2%d7%9e%d7%93-3-%d7%a7%d7%95%d7%9e%d7%95%d7%aa-%d7%a2%d7%92%d7%95%d7%9c-%d7%a0%d7%99%d7%a7%d7%9c/"
"X63jRLhQHSrMUiBPvj7p","X5037A","סט הבדלה 3 חלקים ציפוי כסף","167.4","יודאיקה","paldinox","https://paldinox.co.il/product/%d7%a1%d7%98-%d7%94%d7%91%d7%93%d7%9c%d7%94-3-%d7%97%d7%9c%d7%a7%d7%99%d7%9d-%d7%a6%d7%99%d7%a4%d7%95%d7%99-%d7%9b%d7%a1%d7%a3-2/"
"XYIfqvUthtO379kyCvm1","","סט 6 צלחות מנה עיקרית Royal White כחול","650.05","כלי שולחן והגשה","paldinox","https://paldinox.co.il/product/royal-white-%d7%a1%d7%986-%d7%a6%d7%9c%d7%97%d7%aa-%d7%9e%d7%a0%d7%94-%d7%a2%d7%99%d7%a7%d7%a8%d7%99%d7%aa-26-5%d7%a1%d7%9e-%d7%9b%d7%97%d7%95%d7%9c/"
"Xizwf9ReR7phWbwaJTmZ","","פח מתכת שחור 35 ליטר עם 4 רגליים","434.82","עיצוב הבית","paldinox","https://paldinox.co.il/product/%d7%a4%d7%97-%d7%9e%d7%aa%d7%9b%d7%aa-%d7%a9%d7%97%d7%95%d7%a8-35-%d7%9c%d7%99%d7%98%d7%a8-%d7%a8%d7%95%d7%97%d7%91-45-5-%d7%92%d7%95%d7%91%d7%94-68-5-%d7%a1%d7%9e-4-%d7%a8%d7%92%d7%9c%d7%99%d7%99/"
"YO9WAjPZm60Etkvd06Zq","","סט 6 מקציף ביצים COOKA","169.56","כלי שולחן והגשה","paldinox","https://paldinox.co.il/product/%d7%a1%d7%98-6-%d7%9e%d7%a7%d7%a6%d7%99%d7%a3-%d7%91%d7%99%d7%a6%d7%99%d7%9d-cooka-2/"
"YUcGnDsWQKUbhgC6OcIF","","מגש עגול על רגל זכוכית בעיצוב פעמון – זהב","435.76","כלי שולחן והגשה","paldinox","https://paldinox.co.il/product/h52d28-%d7%9e%d7%92%d7%a9-%d7%a2%d7%92%d7%95%d7%9c-%d7%a2%d7%9c-%d7%a8%d7%92%d7%9c-%d7%9e%d7%aa%d7%9b%d7%aa-%d7%96%d7%94%d7%91-%d7%a4%d7%a2%d7%9e%d7%95%d7%9f-%d7%96%d7%9b%d7%95%d7%9b%d7%99%d7%aa-2/"
"YUvF0CCyXJBKGmM3uMRC","","LENAS קערה קריסטל 30.5 ס”מ","367.42","כלי שולחן והגשה","paldinox","https://paldinox.co.il/product/lenas-%d7%a7%d7%a2%d7%a8%d7%94-%d7%a7%d7%a8%d7%99%d7%a1%d7%98%d7%9c-30-5-%d7%a1%d7%9e/"
"YiWCI97ij8TQlT3UDFjD","","אגרטל מתכת שחור/ 30.5/30.5 גובה 64 ס”מ","762.76","עיצוב הבית","paldinox","https://paldinox.co.il/product/%d7%90%d7%92%d7%a8%d7%98%d7%9c-%d7%9e%d7%aa%d7%9b%d7%aa-%d7%a9%d7%97%d7%95%d7%a8-30-5-30-5-%d7%92%d7%95%d7%91%d7%94-64-%d7%a1%d7%9e-2/"
"Yjp3CZWz63w0CbmI5LIk","","סט 4 קעריות אובליות על בסיס חלוקי נחל בגוון בז'","392.16","עיצוב הבית","paldinox","https://paldinox.co.il/product/%d7%a1%d7%98-4-%d7%a7%d7%a2%d7%a8%d7%99%d7%95%d7%aa-%d7%90%d7%95%d7%91%d7%9c%d7%99%d7%95%d7%aa-%d7%a2%d7%9c-%d7%91%d7%a1%d7%99%d7%a1-%d7%97%d7%9c%d7%95%d7%a7%d7%99-%d7%a0%d7%97%d7%9c-%d7%91%d7%96/"
"Z3oR2kLyCP2OdcnemTrs","","רימון פורצלן שמנת – סימן שולחן יודאיקה","32.66","כלי שולחן והגשה","paldinox","https://paldinox.co.il/product/%d7%a8%d7%99%d7%9e%d7%95%d7%9f-%d7%a4%d7%95%d7%a8%d7%a6%d7%9c%d7%9f-%d7%a9%d7%9e%d7%a0%d7%aa36/"
"ZEVOnsNsazdO9wAvg192","","h66 מנורת שולחן שחורה זהב 25/50(2חל’)","1500.12","עיצוב הבית","paldinox","https://paldinox.co.il/product/h66-%d7%9e%d7%a0%d7%95%d7%a8%d7%aa-%d7%a9%d7%95%d7%9c%d7%97%d7%9f-%d7%a9%d7%97%d7%95%d7%a8%d7%94-%d7%96%d7%94%d7%91-25-502%d7%97%d7%9c/"
"ZK1nbNBUInor6ru58YPx","","מעמד קומותיים מלבני בגוון זהב","195.96","עיצוב הבית","paldinox","https://paldinox.co.il/product/%d7%9e%d7%a2%d7%9e%d7%93-%d7%a7%d7%95%d7%9e%d7%95%d7%aa%d7%99%d7%99%d7%9d-%d7%9e%d7%9c%d7%91%d7%a0%d7%99-%d7%96%d7%94%d7%91-%d7%92%d7%95%d7%91%d7%94-33-%d7%a1%d7%9e/"
"ZOKLaXjyhuJSl5HJ9UX0","","אגרטל אמייל Haze בברזל","271.76","עיצוב הבית","paldinox","https://paldinox.co.il/product/%d7%90%d7%92%d7%a8%d7%98%d7%9c-%d7%90%d7%9e%d7%99%d7%99%d7%9c-haze-%d7%92%d7%95%d7%91%d7%94-30-%d7%a7%d7%95%d7%98%d7%a8-15-%d7%a1%d7%9e-%d7%91%d7%a8%d7%96%d7%9c/"
"ZZwDDtZ0m9PIzP1YYa1Q","","פמוט מתכת ירוק כהה","410.91","עיצוב הבית","paldinox","https://paldinox.co.il/product/%d7%a4%d7%9e%d7%95%d7%98-%d7%9e%d7%aa%d7%9b%d7%aa-home-decor-%d7%99%d7%a8%d7%95%d7%a7-%d7%9b%d7%94%d7%94-h46-2/"
"Zr6t0NxWl9vstrOs6P4Z","","מגש מרובע על רגל קריסטל שקוף בדוגמת PIERCED","541.36","כלי שולחן והגשה","paldinox","https://paldinox.co.il/product/%d7%9e%d7%92%d7%a9-%d7%9e%d7%a8%d7%95%d7%91%d7%a2-%d7%a2%d7%9c-%d7%a8%d7%92%d7%9c-pierced-%d7%a7%d7%a8%d7%99%d7%a1%d7%98%d7%9c-32-32-%d7%92%d7%95%d7%91%d7%94-13-%d7%a1%d7%9e-%d7%a9%d7%a7%d7%95%d7%a3/"
"Zrn1bzNrnf6g4OL8DwO6","X3044","זוג פמוטים כסף בסגנון בארוק","193.5","עיצוב הבית","paldinox","https://paldinox.co.il/product/h15-%d7%96%d7%95%d7%92-%d7%a4%d7%9e%d7%95%d7%98%d7%99%d7%9d-%d7%a6%d7%99%d7%a4%d7%95%d7%99-%d7%9b%d7%a1%d7%a3-%d7%9c%d7%9b%d7%94-%d7%91%d7%90%d7%a8%d7%95%d7%a7/"
"ZuP7XemUEDyrJ1RvEr5u","","סט 2 מגשי מתכת בז’ מלבני עם ידית 40/18 ס”מ 29/13 ס”מ","106.51","כלי שולחן והגשה","paldinox","https://paldinox.co.il/product/%d7%a1%d7%98-2-%d7%9e%d7%92%d7%a9%d7%99-%d7%9e%d7%aa%d7%9b%d7%aa-%d7%91%d7%96-%d7%9e%d7%9c%d7%91%d7%a0%d7%99-%d7%a2%d7%9d-%d7%99%d7%93%d7%99%d7%aa-40-18-%d7%a1%d7%9e-29-13-%d7%a1%d7%9e/"
"a8c7ErvsRPbYJFi8GcE9","","סט 2 מגשים מתכת מלבניים בז' עם שוליים מקושתים","128.29","כלי שולחן והגשה","paldinox","https://paldinox.co.il/product/%d7%a1%d7%98-2-%d7%9e%d7%92%d7%a9%d7%99-%d7%9e%d7%aa%d7%9b%d7%aa-%d7%9e%d7%9c%d7%91%d7%9f-%d7%91%d7%96-%d7%a9%d7%95%d7%9c%d7%99%d7%99%d7%9d-%d7%9e%d7%a7%d7%95%d7%a9%d7%aa%d7%99%d7%9d-29-12-%d7%a1/"
"aFA0o8agrow5CctzufzY","","מגש מלבני אלו. זהב עם זכוכית וידיות 34/24 גובה 3.6 ס”מ","280.48","כלי שולחן והגשה","paldinox","https://paldinox.co.il/product/%d7%9e%d7%92%d7%a9-%d7%9e%d7%9c%d7%91%d7%a0%d7%99-%d7%90%d7%9c%d7%95-%d7%96%d7%94%d7%91-%d7%a2%d7%9d-%d7%96%d7%9b%d7%95%d7%9b%d7%99%d7%aa-%d7%95%d7%99%d7%93%d7%99%d7%95%d7%aa-34-24-%d7%92%d7%95%d7%91/"
"aMbKmiwIRNA8AnEsCC93","","שעון קיר לבן /עץ קוטר 37.9 ס”מ עובי 4.3 ס”מ","152.21","עיצוב הבית","paldinox","https://paldinox.co.il/product/%d7%a9%d7%a2%d7%95%d7%9f-%d7%a7%d7%99%d7%a8-%d7%9c%d7%91%d7%9f-%d7%a2%d7%a5-%d7%a7%d7%95%d7%98%d7%a8-37-9-%d7%a1%d7%9e-%d7%a2%d7%95%d7%91%d7%99-4-3-%d7%a1%d7%9e/"
"aWdhtbNyLILw33FHcpom","","סט 4 עגלה לירקות 3 קומות כסוף","758.77","כלי שולחן והגשה","paldinox","https://paldinox.co.il/product/%d7%a1%d7%98-4-%d7%a2%d7%92%d7%9c%d7%94-%d7%9c%d7%99%d7%a8%d7%a7%d7%95%d7%aa-3-%d7%a7%d7%95%d7%9e%d7%95%d7%aa-%d7%9b%d7%a1%d7%95%d7%a3/"
"adhanFKIT50YwVwESFys","X5117","גביע קידוש עם תחתית קריסטל","106.54","כלי שולחן והגשה","paldinox","https://paldinox.co.il/product/%d7%92%d7%91%d7%99%d7%a2-%d7%a7%d7%99%d7%93%d7%95%d7%a9%d7%aa%d7%97%d7%aa%d7%99%d7%aa-%d7%a7%d7%a8%d7%99%d7%a1%d7%98%d7%9c-h15d11/"
"aq1TxM29N18cjMEdEcq0","","זוג עציץ סחלב סגול","626.14","עיצוב הבית","paldinox","https://paldinox.co.il/product/h85-%d7%96%d7%95%d7%92-%d7%a2%d7%a6%d7%99%d7%a5-%d7%a1%d7%97%d7%9c%d7%91-%d7%a1%d7%92%d7%95%d7%9c-2/"
"awaX8MDXCTgYbvxVcXoV","","סט 4 כוסות חלבון תכלת – Flower Festival","296.33","כלי שולחן והגשה","paldinox","https://paldinox.co.il/product/flower-festival-%d7%a1%d7%98-4-%d7%97%d7%9c%d7%91%d7%95%d7%9f-20-%d7%9e%d7%9c-%d7%aa%d7%9b%d7%9c%d7%aa-2/"
"b2ITzE5udjfeXZ6kNGFW","","h40D21 כלי אחסון קרמיקה+מכסה שחור/לבן","476.13","עיצוב הבית","paldinox","https://paldinox.co.il/product/h40d21-%d7%9b%d7%9c%d7%99-%d7%90%d7%97%d7%a1%d7%95%d7%9f-%d7%a7%d7%a8%d7%9e%d7%99%d7%a7%d7%94%d7%9e%d7%9b%d7%a1%d7%94-%d7%a9%d7%97%d7%95%d7%a8-%d7%9c%d7%91%d7%9f/"
"b8jQiH2MZAp5YwDczyTj","","פנוסית הוריקן עץ וזכוכית – גובה 30 ס""מ","345.68","עיצוב הבית","paldinox","https://paldinox.co.il/product/h30-%d7%a1%d7%9e-%d7%94%d7%95%d7%a8%d7%99%d7%a7%d7%9f-%d7%a2%d7%a5-%d7%96%d7%9b%d7%95%d7%9b%d7%99%d7%aa4/"
"bIDhQImSEAZ0MV0YKuBW","","מגש על בסיס חלוקי נחל בז’ אלומיניום ופעמון זכוכית 23/23 גובה 23 ס”מ","370.36","כלי שולחן והגשה","paldinox","https://paldinox.co.il/product/%d7%9e%d7%92%d7%a9-%d7%a2%d7%9c-%d7%91%d7%a1%d7%99%d7%a1-%d7%97%d7%9c%d7%95%d7%a7%d7%99-%d7%a0%d7%97%d7%9c-%d7%91%d7%96-%d7%90%d7%9c%d7%95%d7%9e%d7%99%d7%a0%d7%99%d7%95%d7%9d-%d7%95%d7%a4%d7%a2-2/"
"bNvUYSN2eFC1I7mz5aAw","","מאפרה עגולה בגוון טרוורטין","54.37","כלי שולחן והגשה","paldinox","https://paldinox.co.il/product/%d7%9e%d7%90%d7%a4%d7%a8%d7%94-%d7%93%d7%9e%d7%95%d7%99-%d7%98%d7%a8%d7%95%d7%95%d7%a8%d7%98%d7%99%d7%9f-%d7%a2%d7%92%d7%95%d7%9c%d7%94-%d7%a7%d7%95%d7%98%d7%a8-14-%d7%92%d7%95%d7%91%d7%94-2-54-%d7%a1/"
"bSzEL5wJA7xjnn0onF9O","","H15 סט 3 צנצנות זכוכית מכסה שחור 0.85ל D10","119.57","עיצוב הבית","paldinox","https://paldinox.co.il/product/h15-%d7%a1%d7%98-3-%d7%a6%d7%a0%d7%a6%d7%a0%d7%95%d7%aa-%d7%96%d7%9b%d7%95%d7%9b%d7%99%d7%aa-%d7%9e%d7%9b%d7%a1%d7%94-%d7%a9%d7%97%d7%95%d7%a8-0-85%d7%9c-d10-2/"
"boENLqdXPVhnf74MltaX","","מעמד קומותיים עץ ערבסק מתכת זהב על בסיס ופעמון זכוכית שקוף גובה 43 קוטר 25 ס”מ","544.76","עיצוב הבית","paldinox","https://paldinox.co.il/product/%d7%9e%d7%a2%d7%9e%d7%93-%d7%a7%d7%95%d7%9e%d7%95%d7%aa%d7%99%d7%99%d7%9d-%d7%a2%d7%a5-%d7%a2%d7%a8%d7%91%d7%a1%d7%a7-%d7%9e%d7%aa%d7%9b%d7%aa-%d7%96%d7%94%d7%91-%d7%a2%d7%9c-%d7%91%d7%a1%d7%99%d7%a1/"
"bywhU9Jwd92Lfjb0pcnM","","אגרטל קריסטל יוקו – גובה 33 ס""מ","476.13","עיצוב הבית","paldinox","https://paldinox.co.il/product/%d7%99%d7%95%d7%a7%d7%95-%d7%90%d7%92%d7%a8%d7%98%d7%9c-%d7%92%d7%95%d7%91%d7%94-33-%d7%a1%d7%9e/"
"c1XFIVGmeznXIjOQiS3D","","אגרטל זכוכית קלאסי גובה 25 ס”מ","108.72","עיצוב הבית","paldinox","https://paldinox.co.il/product/%d7%90%d7%92%d7%a8%d7%98%d7%9c-%d7%96%d7%9b%d7%95%d7%9b%d7%99%d7%aa-%d7%a7%d7%9c%d7%90%d7%a1%d7%99-%d7%92%d7%95%d7%91%d7%94-25-%d7%a1%d7%9e/"
"c77DE2LOShhTun3gJ56b","","סט 6 חבקים למפיות בעיצוב פנינים זהב","150.01","כלי שולחן והגשה","paldinox","https://paldinox.co.il/product/%d7%a1%d7%986-%d7%97%d7%91%d7%a7%d7%99%d7%9d-%d7%9c%d7%9e%d7%a4%d7%99%d7%95%d7%aa-%d7%a4%d7%a0%d7%99%d7%a0%d7%99%d7%9d-%d7%96%d7%94%d7%91-5%d7%a1%d7%9e-2/"
"cbZtGFWMh7OMq3Rswu0T","","מגש עגול עם רגל ניקל","84.8","עיצוב הבית","paldinox","https://paldinox.co.il/product/h13-d16-%d7%9e%d7%92%d7%a9-%d7%a2%d7%92%d7%95%d7%9c-%d7%a2%d7%9d-%d7%a8%d7%92%d7%9c-%d7%a0%d7%99%d7%a7%d7%9c/"
"cfa4LJf1zxBqkQ86ayu5","","מכסה לסיר X1837M זכוכית/ סיליקון/ ידית D20","50.07","עיצוב הבית","paldinox","https://paldinox.co.il/product/%d7%9e%d7%9b%d7%a1%d7%94-%d7%9c%d7%a1%d7%99%d7%a8-x1837m-%d7%96%d7%9b%d7%95%d7%9b%d7%99%d7%aa-%d7%a1%d7%99%d7%9c%d7%99%d7%a7%d7%95%d7%9f-%d7%99%d7%93%d7%99%d7%aa-d20-2/"
"dEcR5kkP6YI9mlCqNGJi","","סיר בישול שחור 32 ס""מ עם מכסה זכוכית","392.16","כלי שולחן והגשה","paldinox","https://paldinox.co.il/product/%d7%a1%d7%99%d7%a8-32-%d7%a1%d7%9e-8-8-%d7%9c%d7%99%d7%98%d7%a8-%d7%a9%d7%97%d7%95%d7%a8-%d7%9e%d7%9b%d7%a1%d7%94-%d7%96%d7%9b%d7%95%d7%9b%d7%99%d7%aa-oslo-%d7%a6%d7%99%d7%a4%d7%95%d7%99-%d7%a9-2/"
"dQLEJdJfGfRieKPEr2do","","דיקנטר DIAMOND 0.7L","391.33","כלי שולחן והגשה","paldinox","https://paldinox.co.il/product/%d7%93%d7%99%d7%a7%d7%a0%d7%98%d7%a8-diamond-0-7l-2/"
"dU9B6ZlBEz8KJl2B2SWo","","סט6 חבקים למפיות פרח טיטניום","86.98","כלי שולחן והגשה","paldinox","https://paldinox.co.il/product/%d7%a1%d7%986-%d7%97%d7%91%d7%a7%d7%99%d7%9d-%d7%9c%d7%9e%d7%a4%d7%99%d7%95%d7%aa-%d7%a4%d7%a8%d7%97-%d7%98%d7%99%d7%98%d7%a0%d7%99%d7%95%d7%9d-2/"
"dUsLmJ8RSYBCyNbE4H1p","","סט 2 צלחות מתכת עגולות שחור","97.84","כלי שולחן והגשה","paldinox","https://paldinox.co.il/product/%d7%a1%d7%98-2-%d7%a6%d7%9c%d7%97%d7%95%d7%aa-%d7%9e%d7%aa%d7%9b%d7%aa-%d7%a2%d7%92%d7%95%d7%9c%d7%95%d7%aa-%d7%a9%d7%97%d7%95%d7%a8-%d7%a7%d7%95%d7%98%d7%a8-30-25-%d7%a1%d7%9e/"
"eCGjP7q16ORW8XH5KmDQ","","קערת קריסטל NEPTUNE לשולחן חג","367.44","כלי שולחן והגשה","paldinox","https://paldinox.co.il/product/neptune-%d7%a7%d7%a2%d7%a8%d7%94-%d7%a7%d7%a8%d7%99%d7%a1%d7%98%d7%9c-29-29-%d7%a1%d7%9e-%d7%92%d7%95%d7%91%d7%94-8-5-%d7%a1%d7%9e/"
"eCswVs67ts4UypbFimzu","","סט 4 עגלות הגשה תלת-קומתיות שחור מט","847.89","כלי שולחן והגשה","paldinox","https://paldinox.co.il/product/%d7%a1%d7%98-4-%d7%a2%d7%92%d7%9c%d7%94-%d7%9c%d7%99%d7%a8%d7%a7%d7%95%d7%aa-3-%d7%a7%d7%95%d7%9e%d7%95%d7%aa-%d7%a9%d7%97%d7%95%d7%a8-%d7%9e%d7%98-%d7%92%d7%95%d7%91%d7%94-76-%d7%a1%d7%9e/"
"eCwmJEMe3BSraQVuT6yG","","מגש מתכת בגוון זהב עם ידיות","206.86","כלי שולחן והגשה","paldinox","https://paldinox.co.il/product/44-21-5-%d7%96%d7%95%d7%92-%d7%9e%d7%92%d7%a9%d7%99-%d7%9e%d7%aa%d7%9b%d7%aa-%d7%99%d7%93%d7%99%d7%95%d7%aa-%d7%9e%d7%90%d7%95%d7%a8%d7%9a-%d7%96%d7%94%d7%91/"
"ecHJyAVIic5pbH01VU9H","","מגש מרובע על רגל זהב וכסף / כדורים מתכת 25/23 ס”מ גובה 11 ס”מ","258.72","כלי שולחן והגשה","paldinox","https://paldinox.co.il/product/%d7%9e%d7%92%d7%a9-%d7%9e%d7%a8%d7%95%d7%91%d7%a2-%d7%a2%d7%9c-%d7%a8%d7%92%d7%9c-%d7%96%d7%94%d7%91-%d7%95%d7%9b%d7%a1%d7%a3-%d7%9b%d7%93%d7%95%d7%a8%d7%99%d7%9d-%d7%9e%d7%aa%d7%9b%d7%aa-25-23/"
"eg8VKlh2Kzl2j5goF66Y","","מגש מלבני זכוכית אמבר בעיצוב Ella","84.8","כלי שולחן והגשה","paldinox","https://paldinox.co.il/product/ella-amber-%d7%9e%d7%92%d7%a9-%d7%9e%d7%9c%d7%91%d7%a0%d7%99-%d7%96%d7%9b%d7%95%d7%9b%d7%99%d7%aa-39-13-5-%d7%a1%d7%9e/"
"eryYHznstyzoRszdVscF","","סט 3 נרות ריחניים כדוריים – שחור, שנהב וכתום","215.23","עיצוב הבית","paldinox","https://paldinox.co.il/product/d12-%d7%a1%d7%98-3-%d7%a0%d7%a8-%d7%a8%d7%99%d7%97%d7%a0%d7%99-%d7%9b%d7%93%d7%95%d7%a8%d7%99-%d7%a9%d7%97%d7%95%d7%a8-%d7%a9%d7%a0%d7%94%d7%91-%d7%9b%d7%aa%d7%95%d7%9d-%d7%93%d7%95%d7%9e%d7%93%d7%9e/"
"eu4WgGiIPr6VZd8SpzuX","X3052","פמוט 5 קנים בסיס משושה – כסף מבריק","215.23","עיצוב הבית","paldinox","https://paldinox.co.il/product/h23-%d7%a4%d7%9e%d7%95%d7%98-5-%d7%a7%d7%a0%d7%99%d7%9d-%d7%91%d7%a1%d7%99%d7%a1-%d7%9e%d7%a9%d7%95%d7%a9%d7%94-%d7%a6%d7%99%d7%a4%d7%95%d7%99-%d7%9b%d7%a1%d7%a3-%d7%9c%d7%a7%d7%94/"
"f13OMdZyDuPHrFfGI9sW","","מחבת 28 ס”מ שחור OSLO ציפוי שיש 4 שכבות יציקת אלו. קוצ’ינה מיה","195.96","כלי שולחן והגשה","paldinox","https://paldinox.co.il/product/%d7%9e%d7%97%d7%91%d7%aa-28-%d7%a1%d7%9e-%d7%a9%d7%97%d7%95%d7%a8-%d7%9e%d7%9b%d7%a1%d7%94-%d7%96%d7%9b%d7%95%d7%9b%d7%99%d7%aa-oslo-%d7%a6%d7%99%d7%a4%d7%95%d7%99-%d7%a9%d7%99%d7%a9-4-%d7%a9%d7%9b/"
"f74f9LiXYabB78pty8L9","","מגש מרובע ערבסק זהב אלומיניום 31/31 גובה 5 ס”מ","195.96","כלי שולחן והגשה","paldinox","https://paldinox.co.il/product/%d7%9e%d7%92%d7%a9-%d7%9e%d7%a8%d7%95%d7%91%d7%a2-%d7%a2%d7%a8%d7%91%d7%a1%d7%a7-%d7%96%d7%94%d7%91-%d7%90%d7%9c%d7%95%d7%9e%d7%99%d7%a0%d7%99%d7%95%d7%9d-31-31-%d7%92%d7%95%d7%91%d7%94-5-%d7%a1/"
"f8L2G5Kxdk7L2U7MAaNF","","h15 עציץ מתכת עגול אפור קוטר 19סמ","163.26","עיצוב הבית","paldinox","https://paldinox.co.il/product/h15-%d7%a2%d7%a6%d7%99%d7%a5-%d7%9e%d7%aa%d7%9b%d7%aa-%d7%a2%d7%92%d7%95%d7%9c-%d7%90%d7%a4%d7%95%d7%a8-%d7%a7%d7%95%d7%98%d7%a8-19%d7%a1%d7%9e-2/"
"fEAoBl96Biz2YxLBCEHn","","כלי שח קרמיקה – מלך שחור","215.23","עיצוב הבית","paldinox","https://paldinox.co.il/product/h32d12-%d7%9b%d7%9c%d7%99-%d7%a9%d7%97-%d7%a7%d7%a8%d7%9e%d7%99%d7%a7%d7%94-%d7%9e%d7%9c%d7%9a-%d7%a9%d7%97%d7%95%d7%a8/"
"fFN8CewkpJeGruapwJU5","","סט 3 צנצנות מרובעות זכוכית עם מכסה זהב – 1.5 ליטר","215.21","עיצוב הבית","paldinox","https://paldinox.co.il/product/h20-%d7%a1%d7%98-3-%d7%a6%d7%a0%d7%a6%d7%a0%d7%95%d7%aa-%d7%9e%d7%a8%d7%95%d7%91%d7%a2%d7%95%d7%aa-%d7%96%d7%9b%d7%95%d7%9b%d7%99%d7%aa-%d7%90%d7%9e%d7%91%d7%a8-%d7%95%d7%9e%d7%9b%d7%a1%d7%94-%d7%96-2/"
"fMYGhezLUTNOgyqxOcGD","X589","מגש עגול למצה שמורה בציפוי כסף","106.51","כלי שולחן והגשה","paldinox","https://paldinox.co.il/product/%d7%9e%d7%92%d7%a9-%d7%a2%d7%92%d7%95%d7%9c-%d7%9c%d7%9e%d7%a6%d7%94-%d7%a9%d7%9e%d7%95%d7%a8%d7%94-%d7%9b%d7%a1%d7%a3-2/"
"fOKipG35Wwc8W73YqYN6","","תיק תכלת מלכותי בעיצוב Royal","52.15","כלי שולחן והגשה","paldinox","https://paldinox.co.il/product/35royal-%d7%aa%d7%99%d7%a7-%d7%aa%d7%9b%d7%9c%d7%aa-3844-5/"
"fZdpjuJcovsLKIrzpiGK","","קופסת זכוכית רטרו עם מכסה – קטנה","36.97","עיצוב הבית","paldinox","https://paldinox.co.il/product/%d7%a7%d7%95%d7%a4%d7%a1%d7%aa-%d7%96%d7%9b%d7%95%d7%9b%d7%99%d7%aa-%d7%a9%d7%a7%d7%95%d7%a4%d7%94-%d7%a8%d7%98%d7%a8%d7%95-%d7%92%d7%95%d7%91%d7%94-15-%d7%a7%d7%95%d7%98%d7%a8-14-5-%d7%a1%d7%9e-3/"
"foRqflAb4C9IBt4SOGKE","","H27 שמפנירה/טבעות זהב","250.44","עיצוב הבית","paldinox","https://paldinox.co.il/product/h27-%d7%a9%d7%9e%d7%a4%d7%a0%d7%99%d7%a8%d7%94-%d7%98%d7%91%d7%a2%d7%95%d7%aa-%d7%96%d7%94%d7%91-3/"
"gcCOLbrSp6sAzsC2UXnZ","","מגש מתכת שחורה עם פעמון זכוכית","413.96","עיצוב הבית","paldinox","https://paldinox.co.il/product/h20-44-5-17-5-%d7%9e%d7%92%d7%a9-%d7%9e%d7%9c%d7%91%d7%a0%d7%99-%d7%9e%d7%aa%d7%9b%d7%aa-%d7%a9%d7%97%d7%95%d7%a8%d7%94-%d7%a4%d7%a2%d7%9e%d7%95%d7%9f-%d7%96%d7%9b%d7%95%d7%9b%d7%99%d7%aa-%d7%a9%d7%a7/"
"gcGJHXKiwsDZmSDJ7vqR","","עגלת ירקות עגולה 3 קומות בלבן","715.28","עיצוב הבית","paldinox","https://paldinox.co.il/product/h80-%d7%a1%d7%984-%d7%a2%d7%92%d7%9c%d7%94-%d7%9c%d7%99%d7%a8%d7%a7%d7%95%d7%aa-%d7%a2%d7%92%d7%95%d7%9c%d7%94-3%d7%a7%d7%95%d7%9e%d7%95%d7%aa-%d7%9c%d7%91%d7%9f-2/"
"gflPa9M3HLe8hV5l4Y4t","P562J","כוס קידוש כסוף עם תחתית – ירושלים","141.33","כלי שולחן והגשה","paldinox","https://paldinox.co.il/product/%d7%9b%d7%95%d7%a1-%d7%a7%d7%99%d7%93%d7%95%d7%a9-%d7%a2%d7%9d-%d7%aa%d7%97%d7%aa%d7%99%d7%aa-%d7%99%d7%a8%d7%95%d7%a9%d7%9c%d7%99%d7%9d/"
"hZGKr0JfYsTtiqL50QdM","","אגרטל Haze ברזל בציפוי אמייל – גובה 35 ס""מ","389.15","עיצוב הבית","paldinox","https://paldinox.co.il/product/%d7%90%d7%92%d7%a8%d7%98%d7%9c-%d7%90%d7%9e%d7%99%d7%99%d7%9c-haze-%d7%92%d7%95%d7%91%d7%94-35-%d7%a7%d7%95%d7%98%d7%a8-21-%d7%a1%d7%9e-%d7%91%d7%a8%d7%96%d7%9c/"
"i11KQvV3zdfRzFBLCzFC","","כרית נוי 45/45 פסים אפור","152.34","עיצוב הבית","paldinox","https://paldinox.co.il/product/%d7%9b%d7%a8%d7%99%d7%aa-%d7%a0%d7%95%d7%99-45-45-%d7%a4%d7%a1%d7%99%d7%9d-%d7%90%d7%a4%d7%95%d7%a8-2/"
"iCpfSsGm5b91VAU5Dibp","","מערכת הגשה לקפה ותה 33 חלקים Royal Lace לבן/ זהב New Bone China","1305.58","כלי שולחן והגשה","paldinox","https://paldinox.co.il/product/%d7%9e%d7%a2%d7%a8%d7%9b%d7%aa-%d7%94%d7%92%d7%a9%d7%94-%d7%9c%d7%a7%d7%a4%d7%94-%d7%95%d7%aa%d7%94-33-%d7%97%d7%9c%d7%a7%d7%99%d7%9d-royal-lace-%d7%9c%d7%91%d7%9f-%d7%96%d7%94%d7%91-new-bone-china/"
"iP8dgUqiuYGPqGCoCs7g","","9*15 זוג נר ריחני לבן רענן","163.06","עיצוב הבית","paldinox","https://paldinox.co.il/product/915-%d7%96%d7%95%d7%92-%d7%a0%d7%a8-%d7%a8%d7%99%d7%97%d7%a0%d7%99-%d7%9c%d7%91%d7%9f-%d7%a8%d7%a2%d7%a0%d7%9f-2/"
"iWn2BKpwPf1AYOCFTALp","","סט 6 חבקים למפיות עם דוגמת עלי שלכת בזהב","63.07","כלי שולחן והגשה","paldinox","https://paldinox.co.il/product/%d7%a1%d7%986-%d7%97%d7%91%d7%a7%d7%99%d7%9d-%d7%9c%d7%9e%d7%a4%d7%99%d7%95%d7%aa-%d7%a2%d7%9c%d7%99-%d7%a9%d7%9c%d7%9b%d7%aa-%d7%96%d7%94%d7%91-4%d7%a1%d7%9e/"
"iZZIIrKlIKvZ8TYQJoJ7","","סט 3 פמוטים מתכת בגוון בז' בגבהים שונים","97.84","עיצוב הבית","paldinox","https://paldinox.co.il/product/%d7%a1%d7%98-3-%d7%a4%d7%9e%d7%95%d7%98%d7%99-%d7%9e%d7%aa%d7%9b%d7%aa-%d7%91%d7%96-%d7%92%d7%91%d7%94%d7%99%d7%9d-35-30-25-%d7%a7%d7%95%d7%98%d7%a8-8-8-%d7%a1%d7%9e/"
"j3BCzy5ZszMJpmZ9bHGD","","דיקנטר Bamboo לשולחן שבת","430.48","כלי שולחן והגשה","paldinox","https://paldinox.co.il/product/bamboo-080-%d7%93%d7%99%d7%a7%d7%a0%d7%98%d7%a8/"
"j5XoDnFY6Oc7l9f9gXJQ","","קערת קריסטל דאבלין","123.91","עיצוב הבית","paldinox","https://paldinox.co.il/product/%d7%a7%d7%a2%d7%a8%d7%aa-%d7%a7%d7%a8%d7%99%d7%a1%d7%98%d7%9c-%d7%93%d7%90%d7%91%d7%9c%d7%99%d7%9f-%d7%a7%d7%95%d7%98%d7%a8-25-5%d7%a1%d7%9e-h11-5/"
"jSPlr3Dc3BbvUdCi4NQ2","","אגרטל קריסטל Origami","389.15","עיצוב הבית","paldinox","https://paldinox.co.il/product/h32-%d7%90%d7%92%d7%a8%d7%98%d7%9c-%d7%a7%d7%a8%d7%99%d7%a1%d7%98%d7%9c-origami/"
"jTbT2A9eIFpRSsoG6OKc","X5330","זוג פמוטים מתכת זהב","104.4","עיצוב הבית","paldinox","https://paldinox.co.il/product/%d7%96%d7%95%d7%92-%d7%a4%d7%9e%d7%95%d7%98%d7%99-%d7%9e%d7%aa%d7%9b%d7%aa-%d7%96%d7%94%d7%91-%d7%92%d7%95%d7%91%d7%94-15-5-%d7%a7%d7%95%d7%98%d7%a8-7-%d7%a1%d7%9e/"
"jYKbkHpqP3Sdh72G0loc","","עששית עגולה מתכת שחור","43.49","עיצוב הבית","paldinox","https://paldinox.co.il/product/h9d9-5-%d7%a2%d7%a9%d7%a9%d7%99%d7%aa-%d7%a2%d7%92%d7%95%d7%9c%d7%94-%d7%9e%d7%aa%d7%9b%d7%aa-%d7%a9%d7%97%d7%95%d7%a8/"
"jbxDLNedkxNY8OSEBYTV","","STRIX סט 6 כוסות יין 360 מ”ל","130.43","כלי שולחן והגשה","paldinox","https://paldinox.co.il/product/strix-%d7%a1%d7%98-6-%d7%9b%d7%95%d7%a1%d7%95%d7%aa-%d7%99%d7%99%d7%9f-360-%d7%9e%d7%9c/"
"jd7StogAnp9H1lykM8VF","","זוג מגשי אובלי 30.5/24 ס”מ פולירזין אפור גובה 3.2 ס”מ","476.13","כלי שולחן והגשה","paldinox","https://paldinox.co.il/product/%d7%96%d7%95%d7%92-%d7%9e%d7%92%d7%a9%d7%99-%d7%90%d7%95%d7%91%d7%9c%d7%99-30-5-24-%d7%a1%d7%9e-%d7%a4%d7%95%d7%9c%d7%99%d7%a8%d7%96%d7%99%d7%9f-%d7%90%d7%a4%d7%95%d7%a8-%d7%92%d7%95%d7%91%d7%94-3-2/"
"jgnV2p32WVkrV51tS7Fi","","כרית נוי 45/45 פסים ורוד","152.34","עיצוב הבית","paldinox","https://paldinox.co.il/product/%d7%9b%d7%a8%d7%99%d7%aa-%d7%a0%d7%95%d7%99-45-45-%d7%a4%d7%a1%d7%99%d7%9d-%d7%95%d7%a8%d7%95%d7%93-2/"
"k5mgJjRDUw6GMcLv0zqV","","מגש מתכת בשילוב כסף וזהב","211.2","כלי שולחן והגשה","paldinox","https://paldinox.co.il/product/%d7%9e%d7%92%d7%a9-%d7%9e%d7%aa%d7%9b%d7%aa-%d7%a6%d7%99%d7%a4%d7%95%d7%99-%d7%9b%d7%a1%d7%a3-%d7%a9%d7%95%d7%9c%d7%99%d7%99%d7%9d-%d7%96%d7%94%d7%91-36-23-5-%d7%92%d7%95%d7%91%d7%94-8-%d7%a1%d7%9e/"
"kHiwGNLJxqFIK4Xv4K60","P165AG","מילחיות קריסטל פתוחות בעיטור זהב","76.95","יודאיקה","paldinox","https://paldinox.co.il/product/%d7%a7%d7%a8%d7%99%d7%a1%d7%98%d7%9c-%d7%9e%d7%99%d7%9c%d7%97%d7%99%d7%95%d7%aa-%d7%a4%d7%aa%d7%95%d7%97%d7%95%d7%aa-%d7%a2%d7%99%d7%98%d7%95%d7%a8-%d7%96%d7%94%d7%91-10%d7%a1%d7%9e-2/"
"kIfFtF8buLdQtoJ7T8gE","X4259A","נטלה לשטיפת ידיים לבן וזהב","115.3","יודאיקה","paldinox","https://paldinox.co.il/product/h13-5-%d7%a0%d7%98%d7%9c%d7%94-%d7%a0%d7%99%d7%a8%d7%95-%d7%9c%d7%91%d7%9f-%d7%96%d7%94%d7%91-2/"
"kLpCeBN0UbVSIUW0X81o","X5082A","סט נטילת ידיים אמייל גלים שנהב / זהב נירוסטה","280.48","יודאיקה","paldinox","https://paldinox.co.il/product/%d7%a1%d7%98-%d7%a0%d7%98%d7%99%d7%9c%d7%aa-%d7%99%d7%93%d7%99%d7%99%d7%9d-%d7%90%d7%9e%d7%99%d7%99%d7%9c-%d7%92%d7%9c%d7%99%d7%9d-%d7%a9%d7%a0%d7%94%d7%91-%d7%96%d7%94%d7%91-%d7%a0%d7%99%d7%a8/"
"kXjuzx5YnC2u4rac1dDP","","פח אשפה שחור לבן וזהב עם דוגמת נוצות","302.21","עיצוב הבית","paldinox","https://paldinox.co.il/product/h29-22-22-%d7%a4%d7%97-%d7%90%d7%a9%d7%a4%d7%94-%d7%a0%d7%95%d7%a6%d7%95%d7%aa-%d7%a9%d7%97%d7%95%d7%a8-%d7%9c%d7%91%d7%9f-%d7%96%d7%94%d7%91/"
"kov46hrVmB0baAMeHIl5","","שמפנירה עם טבעות 27 ס”מ כסף עם בסיס","250.44","עיצוב הבית","paldinox","https://paldinox.co.il/product/%d7%a9%d7%9e%d7%a4%d7%a0%d7%99%d7%a8%d7%94-%d7%a2%d7%9d-%d7%98%d7%91%d7%a2%d7%95%d7%aa-27-%d7%a1%d7%9e-%d7%9b%d7%a1%d7%a3-%d7%a2%d7%9d-%d7%91%d7%a1%d7%99%d7%a1/"
"lJKrTPop9zQLZlYS2R0g","","רוקי מאפרה","258.72","כלי שולחן והגשה","paldinox","https://paldinox.co.il/product/%d7%a8%d7%95%d7%a7%d7%99-%d7%9e%d7%90%d7%a4%d7%a8%d7%94-12/"
"m5D4qZb4VrxSSUDJZAgc","","מעמד מתכת זוגי עם 6 מזלגיות/ 6 כפיות וידית נשיאה ציפוי זהב/יהלום 14.8/7 ס”מ גובה 20 ס”מ","236.99","כלי שולחן והגשה","paldinox","https://paldinox.co.il/product/%d7%9e%d7%a2%d7%9e%d7%93-%d7%9e%d7%aa%d7%9b%d7%aa-%d7%96%d7%95%d7%92%d7%99-%d7%a2%d7%9d-6-%d7%9e%d7%96%d7%9c%d7%92%d7%99%d7%95%d7%aa-6-%d7%9b%d7%a4%d7%99%d7%95%d7%aa-%d7%95%d7%99%d7%93%d7%99%d7%aa-2/"
"m8JoZdCA6KnF7MPBMMzd","","מעמד קומותיים עגול מתכת שחור פעמון זכוכית שקוף גובה 42 ס”מ קוטר 25.5 ס”מ","457.56","עיצוב הבית","paldinox","https://paldinox.co.il/product/%d7%9e%d7%a2%d7%9e%d7%93-%d7%a7%d7%95%d7%9e%d7%95%d7%aa%d7%99%d7%99%d7%9d-%d7%a2%d7%92%d7%95%d7%9c-%d7%9e%d7%aa%d7%9b%d7%aa-%d7%a9%d7%97%d7%95%d7%a8-%d7%a4%d7%a2%d7%9e%d7%95%d7%9f-%d7%96%d7%9b%d7%95-2/"
"mLMrSonDb1Q2VzXiQsNj","X4248B","נטלה נירו' Golden Pine לשטיפת ידיים","115.3","יודאיקה","paldinox","https://paldinox.co.il/product/h13-%d7%a0%d7%98%d7%9c%d7%94-%d7%a0%d7%99%d7%a8%d7%95-golden-pine/"
"mMuXiJcsOHAQ6pA9t9Ye","","35/19 מגש מלבני זכוכית/ניקל","119.57","כלי שולחן והגשה","paldinox","https://paldinox.co.il/product/35-19-%d7%9e%d7%92%d7%a9-%d7%9e%d7%9c%d7%91%d7%a0%d7%99-%d7%96%d7%9b%d7%95%d7%9b%d7%99%d7%aa-%d7%a0%d7%99%d7%a7%d7%9c/"
"mNCe4YENbKwGqHWFcK2L","X3182","H13.5 נטלה ציפוי כסף “נטילת ידיים”","76.08","יודאיקה","paldinox","https://paldinox.co.il/product/h13-5-%d7%a0%d7%98%d7%9c%d7%94-%d7%a6%d7%99%d7%a4%d7%95%d7%99-%d7%9b%d7%a1%d7%a3-%d7%a0%d7%98%d7%99%d7%9c%d7%aa-%d7%99%d7%93%d7%99%d7%99%d7%9d-2/"
"mmQpFCYaREiQAOGgZM1e","X4665A","סט קריסטל לכלה – כוס קידוש, מלחיות ופמוטים בגימור כסף פנינים","367.42","עיצוב הבית","paldinox","https://paldinox.co.il/product/%d7%a1%d7%98-%d7%a7%d7%a8%d7%99%d7%a1%d7%98%d7%9c-%d7%9c%d7%9b%d7%9c%d7%94-%d7%9b%d7%95%d7%a1-%d7%a7%d7%99%d7%93%d7%95%d7%a9-%d7%96%d7%95%d7%92-%d7%9e%d7%9c%d7%97%d7%99%d7%95%d7%aa-%d7%95%d7%96%d7%95/"
"mpTmOTpj9B91R0z9gEYg","","סט 3 צנצנות זכוכית עם מכסה שחור – 1.3 ליטר","141.29","עיצוב הבית","paldinox","https://paldinox.co.il/product/h20-%d7%a1%d7%98-3-%d7%a6%d7%a0%d7%a6%d7%a0%d7%95%d7%aa-%d7%96%d7%9b%d7%95%d7%9b%d7%99%d7%aa-%d7%9e%d7%9b%d7%a1%d7%94-%d7%a9%d7%97%d7%95%d7%a8-1-3%d7%9c%d7%99%d7%98%d7%a8-d10-2/"
"nREI2tuIDQSWfJ3fFANW","","מגש עגול 32 סמ מוכסף חרוזים","119.57","כלי שולחן והגשה","paldinox","https://paldinox.co.il/product/%d7%9e%d7%92%d7%a9-%d7%a2%d7%92%d7%95%d7%9c-32-%d7%a1%d7%9e-%d7%9e%d7%95%d7%9b%d7%a1%d7%a3-%d7%97%d7%a8%d7%95%d7%96%d7%99%d7%9d-2/"
"nU5Pwybn7BMeJ9rSSHst","","מגש אובלי מוכסף בגוון זהב","43.49","כלי שולחן והגשה","paldinox","https://paldinox.co.il/product/30x18-%d7%9e%d7%95%d7%9b%d7%a1%d7%a3-%d7%9e%d7%92%d7%a9-%d7%90%d7%95%d7%91%d7%9c%d7%99-%d7%96%d7%94%d7%91/"
"nsbzhYnvYmZE1GrNGs1s","X4783Z","קערת פסח אלומיניום זהב – 37.5 ס""מ","392.16","כלי שולחן והגשה","paldinox","https://paldinox.co.il/product/%d7%a7%d7%a2%d7%a8%d7%94-%d7%9c%d7%a4%d7%a1%d7%97-%d7%90%d7%9c%d7%95%d7%9e%d7%99%d7%a0%d7%99%d7%95%d7%9d-%d7%96%d7%94%d7%91-%d7%a7%d7%95%d7%98%d7%a8-37-5-%d7%a1%d7%9e/"
"o06AKzdHXD0yTzZ8MGmS","","סט 6 חבקים למפיות זהב יהלומים","150.01","כלי שולחן והגשה","paldinox","https://paldinox.co.il/product/%d7%a1%d7%986-%d7%97%d7%91%d7%a7%d7%99%d7%9d-%d7%9c%d7%9e%d7%a4%d7%99%d7%95%d7%aa-%d7%99%d7%94%d7%9c%d7%95%d7%9e%d7%99%d7%9d-%d7%96%d7%94%d7%91-4-3%d7%a1%d7%9e/"
"o2gFUNFJ1oKqley5yoWI","P221X","מלחיה זכוכית עם כריות","55.24","יודאיקה","paldinox","https://paldinox.co.il/product/%d7%9e%d7%9c%d7%97%d7%99%d7%94-%d7%91%d7%95%d7%93%d7%93-%d7%96%d7%9b%d7%95%d7%9b%d7%99%d7%aa-%d7%9b%d7%a8%d7%99%d7%95%d7%aa/"
"o9GuhVjFR4Pkzy8uBQTT","","סט 6 כוסות שתיה קרה זכוכית פסים 300 מ”ל","106.54","כלי שולחן והגשה","paldinox","https://paldinox.co.il/product/%d7%a1%d7%98-6-%d7%9b%d7%95%d7%a1%d7%95%d7%aa-%d7%a9%d7%aa%d7%99%d7%94-%d7%a7%d7%a8%d7%94-%d7%96%d7%9b%d7%95%d7%9b%d7%99%d7%aa-%d7%a4%d7%a1%d7%99%d7%9d-300-%d7%9e%d7%9c/"
"oGtfot4dro2Rg8T2upeh","","קערת הגשה אובלית מתכת וזכוכית בעיצוב יוקרתי","431.4","כלי שולחן והגשה","paldinox","https://paldinox.co.il/product/%d7%a7%d7%a2%d7%a8%d7%94-%d7%90%d7%95%d7%91%d7%9c%d7%99%d7%aa-%d7%a2%d7%9c-%d7%a8%d7%92%d7%9c-%d7%9e%d7%aa%d7%9b%d7%aa-%d7%96%d7%94%d7%91-%d7%a4%d7%a2%d7%9e%d7%95%d7%9f-%d7%96%d7%9b%d7%95%d7%9b%d7%99/"
"oQ5flUnNlQl91MHrpHve","","סט 6 כפיות בארוק בציפוי זהב","80.42","כלי שולחן והגשה","paldinox","https://paldinox.co.il/product/%d7%a1%d7%98-6-%d7%9b%d7%a4%d7%99%d7%95%d7%aa-%d7%91%d7%90%d7%a8%d7%95%d7%a7-%d7%96%d7%94%d7%91/"
"oj3dvAz7EqP41DObMVEh","","זוג מגשי מתכת מלבני שחור/ ידיות 79/18","719.16","כלי שולחן והגשה","paldinox","https://paldinox.co.il/product/%d7%96%d7%95%d7%92-%d7%9e%d7%92%d7%a9%d7%99-%d7%9e%d7%aa%d7%9b%d7%aa-%d7%9e%d7%9c%d7%91%d7%a0%d7%99-%d7%a9%d7%97%d7%95%d7%a8-%d7%99%d7%93%d7%99%d7%95%d7%aa-79-18-2/"
"okvW3MBxBw7iovLeZZCK","X5999S","מעמד מצה אקרילי עם מסגרת כסף","171.76","עיצוב הבית","paldinox","https://paldinox.co.il/product/%d7%9e%d7%a2%d7%9e%d7%93-%d7%9c%d7%9e%d7%a6%d7%94-%d7%90%d7%a7%d7%a8%d7%99%d7%9c%d7%99-%d7%9e%d7%a1%d7%92%d7%a8%d7%aa-%d7%9b%d7%a1%d7%a3-%d7%95%d7%9e%d7%9b%d7%a1%d7%94-20-20-%d7%92%d7%95%d7%91%d7%94-9/"
"p2ZTFKKIBCgE9q9iO6fP","X3180C","נטלה בציפוי כסף עם עיצוב גלים","86.98","יודאיקה","paldinox","https://paldinox.co.il/product/h13-5-%d7%a0%d7%98%d7%9c%d7%94-%d7%92%d7%9c%d7%99%d7%9d-%d7%a6%d7%99%d7%a4%d7%95%d7%99-%d7%9b%d7%a1%d7%a3/"
"pBc97I7ZaujbNw1004K5","X6019","זוג מילחיות קריסטל ענבר עם מכסה ויד אפור","97.84","יודאיקה","paldinox","https://paldinox.co.il/product/%d7%96%d7%95%d7%92-%d7%9e%d7%99%d7%9c%d7%97%d7%99%d7%95%d7%aa-%d7%a4%d7%aa%d7%95%d7%97%d7%95%d7%aa-%d7%a7%d7%a8%d7%99%d7%a1%d7%98%d7%9c-%d7%a2%d7%a0%d7%91%d7%a8-%d7%9e%d7%9b%d7%a1%d7%94-%d7%95%d7%99/"
"pKHsRquFgw8KlDd7Yfjj","","סט 6 צלחות Royal 28 ס""מ","932.69","כלי שולחן והגשה","paldinox","https://paldinox.co.il/product/royal-%d7%a1%d7%986-%d7%a6%d7%9c%d7%97%d7%95%d7%aa-28%d7%a1%d7%9e-3/"
"pSqmzC67hk1LhfOSvRVo","","מערכת אוכל 18 חלקים Anna לבן וזהב – Fine Bone China","869.54","כלי שולחן והגשה","paldinox","https://paldinox.co.il/product/%d7%9e%d7%a2%d7%a8%d7%9b%d7%aa-%d7%90%d7%95%d7%9b%d7%9c-18-%d7%97%d7%9c%d7%a7%d7%99%d7%9d-anna-%d7%9c%d7%91%d7%9f-%d7%96%d7%94%d7%91-%d7%a7%d7%98%d7%a8%d7%99%d7%9d-28-22-17-6-%d7%a1%d7%9e-%d7%a2/"
"pfMbhxTXyHrNCelTvPm5","","סט 4 עגלות הגשה עגולות 4 קומות בזהב","1237.06","כלי שולחן והגשה","paldinox","https://paldinox.co.il/product/%d7%a1%d7%98-4-%d7%a2%d7%92%d7%9c%d7%94-%d7%9c%d7%99%d7%a8%d7%a7%d7%95%d7%aa-%d7%a2%d7%92%d7%95%d7%9c%d7%94-4-%d7%a7%d7%95%d7%9e%d7%95%d7%aa-%d7%96%d7%94%d7%91/"
"pgyyKYiYaN2ZjGOnUzIb","X5116K","כוס קידוש עם תחתית קריסטל ציפוי כסף","106.54","כלי שולחן והגשה","paldinox","https://paldinox.co.il/product/%d7%9b%d7%95%d7%a1-%d7%a7%d7%99%d7%93%d7%95%d7%a9-%d7%95%d7%aa%d7%97%d7%aa%d7%99%d7%aa-%d7%a7%d7%a8%d7%99%d7%a1%d7%98%d7%9c-%d7%a6%d7%99%d7%a4%d7%95%d7%99-%d7%9b%d7%a1%d7%a3-%d7%92%d7%95%d7%91%d7%94-1/"
"purqfUrOzGpKELa564Kb","X4259A","נטלה נירוסטה לבן וזהב","115.3","יודאיקה","paldinox","https://paldinox.co.il/product/h13-5-%d7%a0%d7%98%d7%9c%d7%94-%d7%a0%d7%99%d7%a8%d7%95-%d7%9c%d7%91%d7%9f-%d7%96%d7%94%d7%91/"
"q3D382Nd27EOP3QdxZ4G","","מגש עגול זכוכית שקוף עם רגל זהב","435.76","כלי שולחן והגשה","paldinox","https://paldinox.co.il/product/h52d28-%d7%9e%d7%92%d7%a9-%d7%a2%d7%92%d7%95%d7%9c-%d7%a2%d7%9c-%d7%a8%d7%92%d7%9c-%d7%9e%d7%aa%d7%9b%d7%aa-%d7%96%d7%94%d7%91-%d7%a4%d7%a2%d7%9e%d7%95%d7%9f-%d7%96%d7%9b%d7%95%d7%9b%d7%99%d7%aa/"
"q9GQPLQuhnBJcwWc9ueV","","סט 6 מאגים Heritage טורקיז 300 מ""ל","454.27","כלי שולחן והגשה","paldinox","https://paldinox.co.il/product/heritage-%d7%a1%d7%98-6-%d7%9e%d7%90%d7%92-300-%d7%9e%d7%9c-%d7%98%d7%95%d7%a8%d7%a7%d7%99%d7%96-2/"
"qEzhIdHmJv2ztNLZml7q","","סט 6 כוסות ברנדי CITY – 660 מ""ל","173.92","כלי שולחן והגשה","paldinox","https://paldinox.co.il/product/660ml-%d7%a1%d7%986-%d7%9b%d7%95%d7%a1-%d7%91%d7%a8%d7%a0%d7%93%d7%99-city-2/"
"qK2IltCtf1WY6mydR1Fj","X5926","קערת סדר פאר ציון בציפוי כסף – קוטר 40 ס""מ","128.29","כלי שולחן והגשה","paldinox","https://paldinox.co.il/product/%d7%a7%d7%a2%d7%a8%d7%94-%d7%9c%d7%a4%d7%a1%d7%97-%d7%a4%d7%90%d7%a8-%d7%a6%d7%99%d7%95%d7%9f-%d7%a6%d7%99%d7%a4%d7%95%d7%99-%d7%9b%d7%a1%d7%a3-%d7%a7%d7%95%d7%98%d7%a8-40-%d7%a1%d7%9e/"
"qLFR2dE5glv6akyr0cdq","","סט 6 צלחות La Majorelle בגוון ורוד","317.32","כלי שולחן והגשה","paldinox","https://paldinox.co.il/product/la-majorelle-%d7%a1%d7%98-6-%d7%a6%d7%9c%d7%97%d7%aa-17-%d7%a1%d7%9e-%d7%95%d7%a8%d7%95%d7%93/"
"qbSpCRGIWQ4GIVzudcKV","","דיבשית זכוכית עם כפית ופעמון זהב","152.38","עיצוב הבית","paldinox","https://paldinox.co.il/product/%d7%93%d7%99%d7%91%d7%a9%d7%99%d7%aa-%d7%a1%d7%95%d7%9b%d7%a8%d7%95%d7%9f-%d7%a2%d7%9d-%d7%9b%d7%a4%d7%99%d7%aa-%d7%96%d7%94%d7%91-%d7%a4%d7%a2%d7%9e%d7%95%d7%9f-%d7%96%d7%9b%d7%95%d7%9b%d7%99/"
"qk1nLzvkhyrQ1kjktltU","","קופסת פורצלן זהב עם מכסה זכוכית ועיטור אפור","302.21","עיצוב הבית","paldinox","https://paldinox.co.il/product/%d7%a7%d7%95%d7%a4%d7%a1%d7%aa-%d7%a4%d7%95%d7%a8%d7%a6%d7%9c%d7%9f-%d7%96%d7%94%d7%91-%d7%9e%d7%9b%d7%a1%d7%94-%d7%96%d7%9b%d7%95%d7%9b%d7%99%d7%aa-%d7%a2%d7%99%d7%98%d7%95%d7%a8-%d7%90%d7%a4%d7%95/"
"qrBXAHXdIMcqkhf4TZ2G","","סט 3 צנצנות זכוכית עם מכסה זהב – 0.95 ליטר","228.29","עיצוב הבית","paldinox","https://paldinox.co.il/product/h15-%d7%a1%d7%98-3-%d7%a6%d7%a0%d7%a6%d7%a0%d7%95%d7%aa-%d7%96%d7%9b%d7%95%d7%9b%d7%99%d7%aa-%d7%95%d7%9e%d7%9b%d7%a1%d7%94-%d7%96%d7%94%d7%91-0-95l-d11-2/"
"qzvVJs2gMaUqd6jIPWZP","X3446C","מלחיה קריסטל עם מכסה ענבר","43.49","יודאיקה","paldinox","https://paldinox.co.il/product/%d7%9e%d7%9c%d7%97%d7%99%d7%94-%d7%a7%d7%a8%d7%99%d7%a1%d7%98%d7%9c-%d7%95%d7%9e%d7%9b%d7%a1%d7%94-%d7%a2%d7%a0%d7%91%d7%a8-%d7%a2%d7%9c-%d7%91%d7%a1%d7%99%d7%a1-%d7%a7%d7%95%d7%98%d7%a8-5-%d7%a1/"
"r0YCIZXW4Ve224yBdmhx","","אגרטל מתכת זהב על בסיס שיש","215.25","עיצוב הבית","paldinox","https://paldinox.co.il/product/%d7%90%d7%92%d7%a8%d7%98%d7%9c-%d7%9e%d7%aa%d7%9b%d7%aa-%d7%96%d7%94%d7%91-%d7%91%d7%9e%d7%a2%d7%9e%d7%93-%d7%a9%d7%99%d7%a9-16-8-%d7%92%d7%95%d7%91%d7%94-27-%d7%a1%d7%9e-2/"
"r9Hua3P6r1rAd5dZJKm4","","קערת מתכת עגולה על רגל עם עיצוב מינימליסטי","115.3","עיצוב הבית","paldinox","https://paldinox.co.il/product/%d7%a7%d7%a2%d7%a8%d7%aa-%d7%9e%d7%aa%d7%9b%d7%aa-%d7%a2%d7%92%d7%95%d7%9c%d7%94-%d7%a2%d7%9c-%d7%a8%d7%92%d7%9c-%d7%a7%d7%95%d7%98%d7%a8-18-%d7%92%d7%95%d7%91%d7%94-9-%d7%a1%d7%9e/"
"rPU5ShcaZ5QwJypkYOeO","","דיקנטר זכוכית בצורת U – 1100 מ""ל","130.43","כלי שולחן והגשה","paldinox","https://paldinox.co.il/product/%d7%93%d7%99%d7%a7%d7%a0%d7%98%d7%a8-1100-%d7%9e%d7%9c-%d7%96%d7%9b%d7%95%d7%9b%d7%99%d7%aa-%d7%a9%d7%a7%d7%95%d7%a4%d7%94-%d7%a6%d7%95%d7%a8%d7%aa-u/"
"rgwPMvdNrKvjN0yzkuFV","","זוג ברבורים קריסטל אפור וענבר","106.54","כלי שולחן והגשה","paldinox","https://paldinox.co.il/product/%d7%96%d7%95%d7%92-%d7%91%d7%a8%d7%91%d7%95%d7%a8%d7%99%d7%9d-%d7%a7%d7%a8%d7%99%d7%a1%d7%98%d7%9c-%d7%90%d7%a4%d7%95%d7%a8-%d7%a2%d7%a0%d7%91%d7%a8-3-7-5-%d7%a1%d7%9e-%d7%92%d7%95%d7%91%d7%94-8/"
"rjXRDP8cRCGMhJdZVJN2","","קרש חיתוך עץ טבעי להגשה","193.5","כלי שולחן והגשה","paldinox","https://paldinox.co.il/product/%d7%a7%d7%a8%d7%a9-%d7%97%d7%99%d7%aa%d7%95%d7%9a-%d7%a2%d7%a5-%d7%98%d7%91%d7%a2%d7%99-75-22-%d7%a1%d7%9e/"
"rka1IwDn8jNEtD1kz1ja","","מגש מראה עם כדורים מוזהב","280.48","עיצוב הבית","paldinox","https://paldinox.co.il/product/40x25-%d7%9e%d7%92%d7%a9-%d7%9e%d7%a8%d7%90%d7%94-%d7%9b%d7%93%d7%95%d7%a8%d7%99%d7%9d-%d7%9e%d7%95%d7%96%d7%94%d7%91/"
"s3AeQc8QeZKafP839sJg","","סט 3 צנצנות זכוכית מרובעות עם מכסה שחור","184.8","עיצוב הבית","paldinox","https://paldinox.co.il/product/h20-%d7%a1%d7%98-3-%d7%a6%d7%a0%d7%a6%d7%a0%d7%95%d7%aa-%d7%96%d7%9b%d7%95%d7%9b%d7%99%d7%aa-%d7%9e%d7%a8%d7%95%d7%91%d7%a2%d7%95%d7%aa-%d7%9e%d7%9b%d7%a1%d7%94-%d7%a9%d7%97%d7%95%d7%a8-1-5%d7%9c-2/"
"sBXVoOBJftyMGzXXHM0N","","מלקחיים להגשת סלט בגוון זהב","41.31","כלי שולחן והגשה","paldinox","https://paldinox.co.il/product/%d7%9e%d7%9c%d7%a7%d7%97%d7%99%d7%99%d7%9d-%d7%9c%d7%94%d7%92%d7%a9%d7%aa-%d7%a1%d7%9c%d7%98-%d7%96%d7%94%d7%91-2/"
"sJjrYxggnpWEp40vA5nk","","סט 12 כוסות קפה בדואי זכוכית שקופה 60 מ”ל ופס זהב","184.8","כלי שולחן והגשה","paldinox","https://paldinox.co.il/product/%d7%a1%d7%98-12-%d7%9b%d7%95%d7%a1%d7%95%d7%aa-%d7%a7%d7%a4%d7%94-%d7%91%d7%93%d7%95%d7%90%d7%99-%d7%96%d7%9b%d7%95%d7%9b%d7%99%d7%aa-%d7%a9%d7%a7%d7%95%d7%a4%d7%94-60-%d7%9e%d7%9c-%d7%95%d7%a4/"
"sPWHeqROItfN2wZzqECX","","מגש עגול זהב בעיצוב ערבסק עם פעמון זכוכית","433.78","כלי שולחן והגשה","paldinox","https://paldinox.co.il/product/%d7%9e%d7%92%d7%a9-%d7%a2%d7%92%d7%95%d7%9c-%d7%a2%d7%a8%d7%91%d7%a1%d7%a7-%d7%a2%d7%9c-%d7%a8%d7%92%d7%9c-%d7%90%d7%9c%d7%95%d7%9e%d7%99%d7%a0%d7%99%d7%95%d7%9d-%d7%96%d7%94%d7%91-%d7%95%d7%a4%d7%a2/"
"sk2tvN7Karj6fIKCpcFX","","קנקן תה ROYAL 1.65 ליטר","410.91","כלי שולחן והגשה","paldinox","https://paldinox.co.il/product/royal-%d7%a7%d7%a0%d7%a7%d7%9f-%d7%9c%d7%aa%d7%94-1-65l/"
"sz3DHGiSsce16A6rXLMC","","דיקנטר CASABLANCA להגשה","432.64","כלי שולחן והגשה","paldinox","https://paldinox.co.il/product/%d7%93%d7%99%d7%a7%d7%a0%d7%98%d7%a8-casablanca-0-75l/"
"t9qiUwgSSZyBKAuvipHw","P221X","מלחיה בודדת מזכוכית עם כריות","55.24","יודאיקה","paldinox","https://paldinox.co.il/product/%d7%9e%d7%9e%d7%9c%d7%97%d7%99%d7%94-%d7%91%d7%95%d7%93%d7%93-%d7%96%d7%9b%d7%95%d7%9b%d7%99%d7%aa-%d7%9b%d7%a8%d7%99%d7%95%d7%aa/"
"tAO5H36E8uSZ0rzmESmi","","מגש מלבני מתכת שחור עם ידיות","171.96","כלי שולחן והגשה","paldinox","https://paldinox.co.il/product/%d7%9e%d7%92%d7%a9-%d7%9e%d7%9c%d7%91%d7%a0%d7%99-%d7%9e%d7%aa%d7%9b%d7%aa-%d7%a9%d7%97%d7%95%d7%a8-%d7%99%d7%93%d7%99%d7%95%d7%aa-47-21-%d7%a1%d7%9e/"
"tAo8r8GcFyHNkPQPMMNL","","קערת קריסטל יוקו","606.56","כלי שולחן והגשה","paldinox","https://paldinox.co.il/product/%d7%99%d7%95%d7%a7%d7%95-%d7%a7%d7%a2%d7%a8%d7%94-305/"
"tH23eQp0Hq9m1CvL0kmf","","מגש עגול מוכסף עם עיטור חרוזים","119.57","כלי שולחן והגשה","paldinox","https://paldinox.co.il/product/%d7%9e%d7%92%d7%a9-%d7%a2%d7%92%d7%95%d7%9c-32-%d7%a1%d7%9e-%d7%9e%d7%95%d7%9b%d7%a1%d7%a3-%d7%97%d7%a8%d7%95%d7%96%d7%99%d7%9d/"
"tO2PhsL7IrzQOrakPtJX","","22/19 צלחת עוגה קריסטל ORIGAMI","71.74","כלי שולחן והגשה","paldinox","https://paldinox.co.il/product/30-22-%d7%a6%d7%9c%d7%97%d7%aa-%d7%a7%d7%a8%d7%99%d7%a1%d7%98%d7%9c-origami/"
"u12YsLG7Ii3yoakO3G3c","","Jolie סט 6 כוסות מים ירוק בהיר 360מל","362.95","כלי שולחן והגשה","paldinox","https://paldinox.co.il/product/jolie-%d7%a1%d7%98-6-%d7%9b%d7%95%d7%a1%d7%95%d7%aa-%d7%9e%d7%99%d7%9d-%d7%99%d7%a8%d7%95%d7%a7-%d7%91%d7%94%d7%99%d7%a8-360%d7%9e%d7%9c/"
"u2LBDEbGYbp8MFf3wWTS","P009X","גביע קידוש בגוון כסוף","115.23","כלי שולחן והגשה","paldinox","https://paldinox.co.il/product/%d7%9e%d7%9b%d7%95%d7%a1-%d7%a7%d7%99%d7%93%d7%95%d7%a9-%d7%a8%d7%92%d7%9c-%d7%9b%d7%a8%d7%99%d7%95%d7%aa/"
"uAxToaCa211RzvEJ6InB","X5811","סט הבדלה 3 חלקים בקריסטל ענבר על מגש מראה","410.91","שבת","paldinox","https://paldinox.co.il/product/%d7%a1%d7%98-%d7%94%d7%91%d7%93%d7%9c%d7%94-3-%d7%97%d7%9c%d7%a7%d7%99%d7%9d-%d7%a7%d7%a8%d7%99%d7%a1%d7%98%d7%9c-%d7%a2%d7%a0%d7%91%d7%a8-%d7%a2%d7%9c-%d7%9e%d7%92%d7%a9-%d7%9e%d7%a8%d7%90%d7%94/"
"uN02lXcW6NqjltF2QwA4","X5408K","זוג פמוטי קריסטל קוביה","108.72","עיצוב הבית","paldinox","https://paldinox.co.il/product/%d7%96%d7%95%d7%92-%d7%a4%d7%9e%d7%95%d7%98%d7%99-%d7%a7%d7%a8%d7%99%d7%a1%d7%98%d7%9c-%d7%a7%d7%95%d7%91%d7%99%d7%94-6-6-%d7%a1%d7%9e-%d7%92%d7%95%d7%91%d7%94-6-%d7%a1%d7%9e/"
"uWc7Cx3zjwPC3FNrmkL8","","סט 6 צלחות מרק Winter Wonderland ירוק – 21 ס״מ","454.27","כלי שולחן והגשה","paldinox","https://paldinox.co.il/product/winter-wonderland-%d7%a1%d7%98-6-%d7%a6%d7%9c%d7%97%d7%aa-%d7%9c%d7%9e%d7%a8%d7%a7-21-%d7%a1%d7%9e-%d7%99%d7%a8%d7%95%d7%a7-2/"
"urcYy0ZyqNZzXHYJd7CJ","","סט 4 עגלות הגשה 3 קומות בצבע שחור מט","715.28","כלי שולחן והגשה","paldinox","https://paldinox.co.il/product/%d7%a1%d7%98-4-%d7%a2%d7%92%d7%9c%d7%94-%d7%9c%d7%99%d7%a8%d7%a7%d7%95%d7%aa-3-%d7%a7%d7%95%d7%9e%d7%95%d7%aa-%d7%a9%d7%97%d7%95%d7%a8-%d7%9e%d7%98/"
"uzzkzdXHgQDoHM5TtcDe","","מגש הגשה מתכת ניקל שחור עם שוליים זהב","211.2","כלי שולחן והגשה","paldinox","https://paldinox.co.il/product/%d7%9e%d7%92%d7%a9-%d7%9e%d7%aa%d7%9b%d7%aa-%d7%a0%d7%99%d7%a7%d7%9c-%d7%a9%d7%97%d7%95%d7%a8-%d7%a9%d7%95%d7%9c%d7%99%d7%99%d7%9d-%d7%96%d7%94%d7%91-36-23-5-%d7%92%d7%95%d7%91%d7%94-8-%d7%a1%d7%9e-2/"
"v1chjO2bEB88LT2ajN6w","","קערת קריסטל בעיצוב Origami עם רגל","541.34","כלי שולחן והגשה","paldinox","https://paldinox.co.il/product/352717-%d7%91%d7%95%d7%a0%d7%91%d7%95%d7%a0%d7%99%d7%a8%d7%94-%d7%a7%d7%a8%d7%99%d7%a1%d7%98%d7%9c-%d7%a8%d7%92%d7%9c-origami/"
"vBOUiJ4agZ0kYhFmt1xA","","מגש מוכסף בטכניקת ריקוע","80.44","כלי שולחן והגשה","paldinox","https://paldinox.co.il/product/%d7%9e%d7%92%d7%a9-%d7%9e%d7%95%d7%9b%d7%a1%d7%a3-%d7%a8%d7%a7%d7%95%d7%a2-32x16/"
"vRpHLo4pQ07SCmEbm4Jj","X5379","גביע קידוש מעויינים זהב עם תחתית ניקל","184.8","כלי שולחן והגשה","paldinox","https://paldinox.co.il/product/%d7%92%d7%91%d7%99%d7%a2-%d7%a7%d7%99%d7%93%d7%95%d7%a9-%d7%a2%d7%9d-%d7%aa%d7%97%d7%aa%d7%99%d7%aa-%d7%a6%d7%99%d7%a4%d7%95%d7%99-%d7%a0%d7%99%d7%a7%d7%9c-%d7%97%d7%a8%d7%99%d7%98%d7%aa-%d7%9e%d7%a2/"
"vcKf6fj36H2pmTiqJYND","X5300A","נטלה אקרילית שחור ואפור עם דוגמת חלוקי נחל","128.34","יודאיקה","paldinox","https://paldinox.co.il/product/%d7%a0%d7%98%d7%9c%d7%94-%d7%90%d7%a7%d7%a8%d7%99%d7%9c%d7%99%d7%aa-%d7%a9%d7%97%d7%95%d7%a8-%d7%90%d7%a4%d7%95%d7%a8-%d7%93%d7%95%d7%92%d7%9e%d7%aa-%d7%97%d7%9c%d7%95%d7%a7%d7%99-%d7%a0%d7%97%d7%9c/"
"weIoNFdOPiBeXfl3grUM","","סיר OSLO שחור עם מכסה זכוכית וציפוי שיש – 6.3 ליטר","326.76","כלי שולחן והגשה","paldinox","https://paldinox.co.il/product/%d7%a1%d7%99%d7%a8-28-%d7%a1%d7%9e-6-3-%d7%9c%d7%99%d7%98%d7%a8-%d7%a9%d7%97%d7%95%d7%a8-%d7%9e%d7%9b%d7%a1%d7%94-%d7%96%d7%9b%d7%95%d7%9b%d7%99%d7%aa-oslo-%d7%a6%d7%99%d7%a4%d7%95%d7%99-%d7%a9-2/"
"wkKsyaQOTR2YF5xK9dGi","X1549Z","כוס קידוש זהב עם פסים","171.76","כלי שולחן והגשה","paldinox","https://paldinox.co.il/product/%d7%9b%d7%95%d7%a1-%d7%a7%d7%99%d7%93%d7%95%d7%a9-%d7%a8%d7%92%d7%9c-%d7%a4%d7%a1%d7%99%d7%9d-%d7%96%d7%94%d7%91/"
"wmppJJOuDoja9aD9X0S4","","סט מזון לחיצת ואקום 3 צנצנות זכוכית לבן /זהב 900 מ”ל תה קפה סוכר","193.5","כלי שולחן והגשה","paldinox","https://paldinox.co.il/product/%d7%a1%d7%98-%d7%9e%d7%96%d7%95%d7%9f-%d7%9c%d7%97%d7%99%d7%a6%d7%aa-%d7%95%d7%90%d7%a7%d7%95%d7%9d-3-%d7%a6%d7%a0%d7%a6%d7%a0%d7%95%d7%aa-%d7%96%d7%9b%d7%95%d7%9b%d7%99%d7%aa-%d7%9c%d7%91%d7%9f/"
"wtSxpaGCW345mnjv2GAV","","מערכת אוכל 18 חלקים Diana לבן וזהב – New Bone China","937.16","כלי שולחן והגשה","paldinox","https://paldinox.co.il/product/%d7%9e%d7%a2%d7%a8%d7%9b%d7%aa-%d7%90%d7%95%d7%9b%d7%9c-18-%d7%97%d7%9c%d7%a7%d7%99%d7%9d-diana-%d7%9c%d7%91%d7%9f-%d7%96%d7%94%d7%91-new-bone-china/"
"xQXrScYoP9Nb3u2XhHjW","X5384A","זוג פמוטים אלומיניום כסף עם אבנים","210.92","עיצוב הבית","paldinox","https://paldinox.co.il/product/h17-%d7%96%d7%95%d7%92-%d7%a4%d7%9e%d7%95%d7%98%d7%99-%d7%90%d7%9c%d7%95%d7%9e%d7%99%d7%a0%d7%99%d7%95%d7%9d-%d7%a6%d7%99%d7%a4%d7%95%d7%99-%d7%a0%d7%99%d7%a7%d7%9c-%d7%a8%d7%a7%d7%95%d7%a2-%d7%90/"
"xTJ7ohcX1M1vWaDEI037","","מגש עגול למצה שמורה כסף – 41 ס""מ","119.57","כלי שולחן והגשה","paldinox","https://paldinox.co.il/product/%d7%9e%d7%92%d7%a9-%d7%a2%d7%92%d7%95%d7%9c-%d7%9c%d7%9e%d7%a6%d7%94-%d7%a9%d7%9e%d7%95%d7%a8%d7%94-%d7%9b%d7%a1%d7%a3/"
"xo9K0DVVmrPhBYf3gpLs","","סט 6 כוסות שתיה קרה diamond כחול וזהב","150.03","כלי שולחן והגשה","paldinox","https://paldinox.co.il/product/%d7%a1%d7%98-6-%d7%9b%d7%95%d7%a1%d7%95%d7%aa-%d7%a9%d7%aa%d7%99%d7%94-%d7%a7%d7%a8%d7%94-diamond-%d7%96%d7%9b%d7%95%d7%9b%d7%99%d7%aa-360-%d7%9e%d7%9c-%d7%a4%d7%a1-%d7%96%d7%94%d7%91/"
"xtqvtZkEDvV59FACcSoj","","מגש מתכת עם ידיות בגימור זהב","206.86","כלי שולחן והגשה","paldinox","https://paldinox.co.il/product/44-21-5-%d7%9e%d7%92%d7%a9-%d7%9e%d7%aa%d7%9b%d7%aa-%d7%99%d7%93%d7%99%d7%95%d7%aa-%d7%9e%d7%90%d7%95%d7%a8%d7%9a-%d7%96%d7%94%d7%91/"
"yAvvC1C8Z9pZg5sfbTXC","","סט 6 כוסות שתיה קרה זכוכית פסים – 315 מ""ל","130.43","כלי שולחן והגשה","paldinox","https://paldinox.co.il/product/%d7%a1%d7%98-6-%d7%9b%d7%95%d7%a1%d7%95%d7%aa-%d7%a9%d7%aa%d7%99%d7%94-%d7%a7%d7%a8%d7%94-%d7%96%d7%9b%d7%95%d7%9b%d7%99%d7%aa-%d7%a4%d7%a1%d7%99%d7%9d-%d7%a9%d7%a7%d7%95%d7%a4%d7%94-315-%d7%9e/"
"yiBLvU7cFgwLErjE87zH","X5118A","מערכת 9 פמוטים קריסטל ענבר על מגש מראה עגול","650.05","עיצוב הבית","paldinox","https://paldinox.co.il/product/9-%d7%a4%d7%9e%d7%95%d7%98%d7%99-%d7%a7%d7%a8%d7%99%d7%a1%d7%98%d7%9c-%d7%a2%d7%a0%d7%91%d7%a8-%d7%a2%d7%9c-%d7%9e%d7%92%d7%a9-%d7%9e%d7%a8%d7%90%d7%94-%d7%a2%d7%92%d7%95%d7%9c-%d7%92%d7%95%d7%91/"
"yiIEdImhKiPpQyNEnL2H","","קנקן מים Ipanema בנפח 2.0 ליטר","215.23","כלי שולחן והגשה","paldinox","https://paldinox.co.il/product/2-0%d7%9c-%d7%a7%d7%a0%d7%a7%d7%9f-%d7%9e%d7%99%d7%9d-ipanema/"
"yndhAN7byJn9Hjqi4mHR","X1551Z","מים אחרונים בשילוב כסף וזהב","185","יודאיקה","paldinox","https://paldinox.co.il/product/%d7%9e%d7%99%d7%9d-%d7%90%d7%97%d7%a8%d7%95%d7%a0%d7%99%d7%9d-%d7%a4%d7%a1%d7%99%d7%9d-%d7%9b%d7%a1%d7%a3-%d7%96%d7%94%d7%91-%d7%a6%d7%99%d7%a4%d7%95%d7%99-%d7%9c%d7%9b%d7%94/"
"z2zG4yrL3ZBFfiDmwLkh","","סט 6 קעריות מרק כחול – Berry Blues","693.55","כלי שולחן והגשה","paldinox","https://paldinox.co.il/product/berry-blues-%d7%a1%d7%98-6-%d7%a7%d7%a2%d7%a8%d7%99%d7%95%d7%aa-%d7%9c%d7%9e%d7%a8%d7%a7-%d7%9b%d7%97%d7%95%d7%9c-%d7%a7%d7%95%d7%98%d7%a8-15-%d7%a1%d7%9e/"
"zTwCrX5C76EhpPcgVQc6","","סט 6 תחתיות מרובעות בעיטור זהב","54.35","כלי שולחן והגשה","paldinox","https://paldinox.co.il/product/%d7%a1%d7%98-6-%d7%aa%d7%97%d7%aa%d7%99%d7%95%d7%aa-%d7%9e%d7%a8%d7%95%d7%91%d7%a2-%d7%a2%d7%99%d7%98%d7%95%d7%a8-%d7%96%d7%94%d7%91-2/"
"zuxeown8bPdq4eNGMTaE","X5295B","נטלה אקרילית שקופה בגוון סגול","128.34","יודאיקה","paldinox","https://paldinox.co.il/product/%d7%a0%d7%98%d7%9c%d7%94-%d7%90%d7%a7%d7%a8%d7%99%d7%9c%d7%99%d7%aa-%d7%a9%d7%a7%d7%95%d7%a4%d7%94-%d7%aa%d7%97%d7%aa%d7%99%d7%aa-%d7%95%d7%99%d7%93%d7%99%d7%95%d7%aa-%d7%a1%d7%92%d7%95%d7%9c/"